device_id,user_id,device_type,first_seen_ts
1,4699,android,2025-07-04 13:04:40.356488
2,3651,web,2025-01-03 03:25:41.361528
3,2920,android,2025-05-20 07:09:57.544381
4,2258,ios,2025-01-03 11:47:20.954310
5,2601,ios,2025-01-27 12:49:26.950041
6,3900,android,2025-08-29 03:28:11.210623
7,1369,android,2025-04-22 01:21:33.368889
8,4143,ios,2025-01-07 14:41:44.621923
9,1409,android,2025-07-26 15:02:03.380743
10,709,android,2025-08-11 21:57:18.182670
11,3685,web,2025-05-14 06:10:19.995428
12,3542,ios,2025-06-21 13:03:15.624742
13,1674,web,2025-07-09 13:39:59.292762
14,3244,ios,2025-06-28 12:36:20.694603
15,3644,ios,2025-05-01 04:03:10.844131
16,3940,ios,2025-07-22 08:12:56.339418
17,4764,ios,2025-05-09 03:22:47.760183
18,4272,ios,2025-03-05 01:25:22.995231
19,2197,ios,2025-01-01 23:43:09.889669
20,1152,android,2025-03-29 03:17:47.182421
21,487,ios,2025-01-21 01:38:22.689014
22,2870,android,2025-01-16 09:01:41.064530
23,3333,web,2025-04-25 00:30:56.585268
24,3455,ios,2025-08-18 07:30:33.116567
25,48,ios,2025-01-26 15:21:36.519884
26,3507,android,2025-03-08 12:30:35.999933
27,3936,android,2025-07-21 17:00:56.986229
28,3609,android,2025-04-08 15:28:13.791053
29,2629,ios,2025-07-04 09:20:36.098071
30,76,ios,2025-05-12 18:53:37.741018
31,2449,android,2025-05-27 18:07:38.699498
32,3224,android,2025-02-09 03:47:17.150463
33,2848,android,2025-03-27 14:30:35.369251
34,2873,android,2025-06-01 02:04:39.818832
35,2583,ios,2025-01-07 12:06:43.640601
36,2761,ios,2025-02-15 18:19:12.842298
37,1619,ios,2025-04-04 22:02:11.609160
38,3025,android,2025-06-13 22:14:08.310330
39,1408,android,2025-05-04 19:55:18.480717
40,2458,web,2025-06-24 15:38:44.873324
41,2077,web,2025-06-26 15:03:34.014979
42,3572,android,2025-01-08 13:06:40.443535
43,4475,ios,2025-08-08 02:47:12.458964
44,3167,android,2025-07-20 06:49:21.962269
45,677,android,2025-03-07 20:52:13.578218
46,3338,web,2025-04-28 17:44:57.604555
47,1624,web,2025-03-16 21:07:49.862556
48,248,web,2025-08-09 07:32:13.459576
49,962,android,2025-04-04 00:36:01.291173
50,4997,android,2025-04-07 05:46:54.733468
51,2136,ios,2025-08-10 14:16:15.609307
52,1009,ios,2025-05-26 23:14:48.457039
53,668,android,2025-02-03 12:03:20.166902
54,3252,android,2025-06-02 02:55:48.782151
55,3804,android,2025-07-13 01:13:09.271495
56,1766,ios,2025-03-24 02:17:22.868220
57,518,ios,2025-05-09 01:29:46.887921
58,1774,android,2025-06-02 07:44:23.797410
59,3327,android,2025-05-05 00:45:01.016027
60,570,android,2025-08-31 18:53:38.901210
61,1339,ios,2025-05-04 03:36:57.182862
62,11,android,2025-06-06 08:09:04.646593
63,2361,android,2025-07-12 20:12:48.938502
64,853,ios,2025-02-03 04:33:11.274516
65,1000,android,2025-01-11 16:05:05.950050
66,566,ios,2025-08-25 10:28:36.682581
67,3652,ios,2025-06-27 22:32:07.300862
68,2448,android,2025-04-06 13:37:13.732524
69,4742,ios,2025-01-05 07:02:39.900415
70,1976,ios,2025-02-10 10:26:35.001548
71,1109,ios,2025-01-03 08:50:56.856937
72,1021,ios,2025-04-07 08:08:19.596506
73,4766,android,2025-05-15 19:54:58.731351
74,2949,android,2025-02-09 00:31:16.423628
75,1627,android,2025-06-05 11:38:52.188819
76,3271,android,2025-08-20 21:08:05.945036
77,2790,android,2025-08-29 16:18:25.539418
78,574,android,2025-07-22 11:01:35.862617
79,3508,ios,2025-04-18 20:43:51.431353
80,596,android,2025-05-14 00:29:29.374516
81,997,web,2025-05-03 07:17:10.629626
82,3567,ios,2025-02-07 19:50:54.033957
83,2224,android,2025-07-27 14:56:36.403512
84,1111,ios,2025-06-14 05:12:45.878971
85,340,android,2025-06-05 00:26:25.849010
86,2969,web,2025-02-23 12:58:16.945458
87,3486,web,2025-02-07 05:13:30.109495
88,1016,ios,2025-08-01 03:29:25.490636
89,2084,ios,2025-02-13 14:20:31.734113
90,1722,web,2025-01-18 21:55:33.976357
91,4459,ios,2025-06-02 00:31:46.318758
92,3955,ios,2025-06-21 03:43:47.555865
93,1370,android,2025-01-30 01:38:16.428969
94,2568,web,2025-02-20 06:24:14.586553
95,4619,ios,2025-07-11 16:04:13.630076
96,1729,android,2025-08-14 21:20:27.185466
97,706,web,2025-04-26 18:52:55.911994
98,1492,ios,2025-07-12 10:58:22.806031
99,3035,web,2025-03-19 14:44:29.354895
100,4962,android,2025-06-20 21:15:37.232499
101,1540,ios,2025-05-16 09:42:34.989646
102,293,ios,2025-07-24 21:36:21.772763
103,909,android,2025-07-08 13:03:18.687616
104,2063,ios,2025-03-11 01:04:49.665268
105,470,ios,2025-02-06 07:37:22.254871
106,175,android,2025-07-16 06:15:15.471554
107,3279,ios,2025-01-08 23:14:46.586559
108,4122,android,2025-06-15 00:09:15.674242
109,1166,ios,2025-04-26 15:31:54.738508
110,2614,ios,2025-01-19 07:08:43.981496
111,2865,android,2025-06-17 07:41:20.571773
112,3339,android,2025-04-28 08:07:18.027156
113,4898,android,2025-07-29 00:06:39.448746
114,4427,android,2025-02-20 16:44:29.078065
115,1580,ios,2025-01-01 13:24:39.970587
116,4879,android,2025-02-01 16:59:56.838374
117,175,android,2025-03-07 12:21:56.561102
118,4810,android,2025-06-08 11:53:20.963755
119,715,ios,2025-03-30 02:56:07.090340
120,570,ios,2025-01-29 17:36:57.594227
121,597,android,2025-08-27 12:32:11.173940
122,611,android,2025-01-27 07:10:56.857704
123,2317,android,2025-03-28 07:03:42.626053
124,3201,android,2025-08-02 00:21:21.685895
125,3724,android,2025-06-08 14:03:10.291495
126,80,ios,2025-03-19 17:03:41.118708
127,1483,android,2025-08-24 19:03:44.707976
128,662,android,2025-05-02 18:24:24.367402
129,730,ios,2025-01-02 23:17:48.885760
130,3733,ios,2025-01-02 11:56:40.475165
131,3204,android,2025-08-17 15:57:59.076540
132,1050,android,2025-03-10 07:50:43.572965
133,1506,ios,2025-07-17 07:57:46.374920
134,4625,android,2025-01-11 14:02:31.371471
135,2876,ios,2025-02-05 16:49:14.092782
136,1195,ios,2025-07-28 04:44:17.164990
137,4669,ios,2025-08-30 13:32:26.015330
138,994,android,2025-01-13 14:48:52.331225
139,1457,android,2025-02-10 17:39:31.783276
140,3464,ios,2025-06-25 16:01:19.729764
141,2563,android,2025-05-09 16:03:40.467763
142,347,android,2025-04-09 15:35:38.331384
143,4035,ios,2025-02-17 06:08:04.852813
144,1141,android,2025-08-18 17:46:44.441322
145,3459,ios,2025-02-11 20:40:12.712750
146,1672,web,2025-03-06 10:56:07.683994
147,3758,ios,2025-03-20 19:18:23.977408
148,4491,android,2025-02-03 16:13:01.925456
149,3863,web,2025-05-11 07:18:40.262248
150,4606,ios,2025-03-24 22:36:28.229901
151,2700,android,2025-05-28 16:57:59.843245
152,326,ios,2025-03-31 09:20:54.122566
153,2681,android,2025-01-29 06:58:55.276651
154,2307,android,2025-08-01 00:59:16.452337
155,3595,ios,2025-05-04 20:17:27.205827
156,1244,android,2025-03-20 05:01:55.407305
157,3489,android,2025-01-04 23:26:21.246955
158,2209,ios,2025-05-26 06:38:26.225488
159,3351,android,2025-07-10 03:33:54.908779
160,2099,android,2025-06-07 23:09:25.960559
161,1911,android,2025-07-11 09:58:44.558773
162,1072,ios,2025-02-07 15:52:38.664286
163,4143,ios,2025-08-25 02:58:18.376634
164,344,android,2025-02-21 08:29:44.649532
165,1182,ios,2025-03-06 19:51:31.048964
166,2134,android,2025-05-05 11:54:21.635823
167,779,android,2025-01-02 06:18:01.127918
168,4584,android,2025-04-18 12:21:34.497746
169,1726,android,2025-02-17 13:28:11.298148
170,1212,android,2025-07-02 00:16:25.199857
171,1270,ios,2025-07-04 03:13:03.851572
172,959,ios,2025-05-30 14:57:56.210195
173,3316,web,2025-04-13 11:16:04.592883
174,2407,web,2025-03-17 09:17:05.232226
175,1156,android,2025-07-21 01:45:29.654350
176,4367,android,2025-05-04 05:22:11.954116
177,3283,android,2025-05-01 15:23:39.464290
178,2015,android,2025-01-28 13:32:26.188669
179,2567,ios,2025-02-23 01:36:35.766345
180,3282,android,2025-03-29 14:22:24.781684
181,763,android,2025-06-19 19:42:35.204815
182,4042,android,2025-07-25 09:37:13.514367
183,1292,ios,2025-08-30 06:21:40.084100
184,148,android,2025-04-14 20:47:02.456418
185,2609,ios,2025-04-21 03:05:15.911001
186,4383,android,2025-07-06 03:39:54.272965
187,3666,android,2025-03-20 01:23:44.615438
188,1543,android,2025-05-12 08:18:03.010012
189,1992,ios,2025-06-14 12:21:54.102706
190,2980,ios,2025-02-27 09:48:29.926186
191,1165,android,2025-03-09 22:34:06.905335
192,4101,android,2025-03-28 13:18:13.665912
193,1476,android,2025-05-21 09:03:28.648410
194,1084,android,2025-03-07 17:03:46.529244
195,476,android,2025-02-20 14:02:04.227312
196,3467,android,2025-02-06 07:55:54.891793
197,126,ios,2025-07-16 15:53:43.167412
198,4028,ios,2025-08-04 06:59:08.779353
199,4866,ios,2025-08-08 20:20:18.194991
200,556,ios,2025-07-19 15:46:03.241217
201,483,web,2025-02-03 08:40:14.698427
202,4673,web,2025-01-24 18:05:21.558081
203,625,android,2025-05-02 07:07:34.924918
204,2039,android,2025-05-07 16:57:43.164850
205,4355,android,2025-06-28 01:49:29.490338
206,695,ios,2025-02-24 03:50:25.999163
207,3318,android,2025-08-15 05:17:54.508600
208,1914,android,2025-03-17 07:30:37.989893
209,2181,android,2025-05-21 09:46:54.486219
210,4656,ios,2025-07-30 00:05:37.530542
211,3246,ios,2025-05-08 04:44:57.727311
212,1598,ios,2025-07-03 02:44:49.265765
213,4675,ios,2025-07-02 00:19:14.882791
214,2904,ios,2025-07-11 23:24:14.074725
215,497,android,2025-07-17 02:02:00.534313
216,1964,ios,2025-04-06 08:50:38.071545
217,1219,ios,2025-03-30 08:15:36.025186
218,3213,android,2025-07-15 06:00:03.312587
219,4302,web,2025-05-21 20:52:15.639598
220,196,web,2025-05-28 16:11:01.936762
221,3904,ios,2025-04-11 02:18:05.063872
222,4582,web,2025-02-18 23:49:00.081782
223,4972,android,2025-04-22 00:49:08.687651
224,3306,android,2025-08-24 14:58:41.478115
225,1570,android,2025-03-12 16:20:08.303187
226,727,ios,2025-03-08 02:21:07.429298
227,4725,ios,2025-02-01 18:43:59.925427
228,2063,web,2025-04-27 22:14:39.595090
229,1719,ios,2025-03-12 02:42:33.367877
230,3670,ios,2025-06-16 23:18:20.157017
231,3576,android,2025-02-02 20:02:47.617052
232,4047,android,2025-03-02 02:19:35.036690
233,4414,android,2025-01-16 00:42:55.154034
234,4386,ios,2025-01-11 01:51:29.937513
235,854,android,2025-07-17 20:05:05.033882
236,849,web,2025-08-09 03:04:51.982234
237,1029,ios,2025-07-05 14:59:58.876335
238,3137,android,2025-07-30 05:38:00.090085
239,2905,ios,2025-01-22 01:01:43.436769
240,4287,ios,2025-08-07 05:55:08.860221
241,4220,ios,2025-04-24 05:56:39.574671
242,4067,android,2025-07-06 18:43:50.791198
243,395,android,2025-05-30 15:05:47.421784
244,3479,android,2025-03-27 00:26:26.762524
245,4255,android,2025-03-06 08:18:28.651753
246,4912,ios,2025-01-29 16:56:06.383382
247,1716,web,2025-04-11 06:34:52.405815
248,3884,ios,2025-05-01 01:36:25.345683
249,2032,android,2025-08-27 21:31:38.026670
250,804,web,2025-01-10 01:28:41.008617
251,1700,android,2025-05-24 09:44:59.690622
252,1257,android,2025-05-08 13:46:11.285351
253,4558,ios,2025-01-06 13:31:50.094806
254,879,web,2025-03-22 03:03:26.187864
255,654,web,2025-04-13 18:30:45.831457
256,2899,ios,2025-05-01 02:34:52.501667
257,2872,android,2025-02-26 17:30:57.216587
258,2806,android,2025-01-09 06:52:20.936790
259,741,android,2025-03-13 09:41:34.923114
260,2493,ios,2025-07-23 05:39:44.154262
261,4643,android,2025-07-16 07:25:37.684166
262,450,android,2025-02-13 22:08:18.660817
263,3990,android,2025-06-07 01:13:21.238016
264,629,ios,2025-08-13 10:42:41.362848
265,1170,ios,2025-02-11 19:43:55.393002
266,4491,android,2025-02-01 06:26:25.497932
267,1489,android,2025-01-06 09:09:25.299810
268,2613,ios,2025-02-11 21:30:13.183590
269,1908,ios,2025-07-17 18:58:17.161964
270,3072,android,2025-07-17 19:11:17.392651
271,2028,android,2025-05-12 07:54:59.447639
272,2220,web,2025-03-23 01:20:52.906123
273,4087,ios,2025-07-16 01:08:36.253030
274,2771,android,2025-02-17 09:19:44.039398
275,2823,ios,2025-02-03 23:37:42.492906
276,4028,ios,2025-01-22 16:16:26.367542
277,2140,android,2025-07-26 20:55:58.512427
278,4118,android,2025-06-23 16:57:51.338300
279,3598,web,2025-06-01 18:35:13.946255
280,4419,android,2025-06-26 18:35:24.862610
281,2290,android,2025-02-04 20:46:03.838525
282,2794,ios,2025-04-04 12:05:23.849695
283,642,android,2025-07-17 19:55:12.064596
284,557,ios,2025-08-11 18:34:35.224658
285,538,android,2025-05-05 16:22:25.453326
286,3166,android,2025-01-30 15:51:44.472801
287,1630,android,2025-08-26 18:42:47.097471
288,1445,web,2025-04-06 23:48:23.232207
289,3015,ios,2025-03-19 12:22:36.771448
290,1992,ios,2025-01-30 03:47:13.273619
291,675,android,2025-01-04 01:39:21.418708
292,2788,ios,2025-05-27 16:37:22.490164
293,2751,android,2025-05-29 19:41:51.722433
294,699,ios,2025-02-26 22:05:39.513707
295,1349,android,2025-02-09 08:42:24.342661
296,1187,ios,2025-05-09 07:20:50.368235
297,3478,android,2025-04-16 19:17:34.003327
298,1246,android,2025-03-15 18:54:37.259231
299,142,ios,2025-02-23 00:44:02.583721
300,1334,android,2025-07-28 19:28:18.355298
301,2346,android,2025-08-28 01:41:04.767012
302,3847,web,2025-03-28 09:45:09.587722
303,262,android,2025-06-19 15:29:55.480288
304,4407,ios,2025-07-30 07:52:16.874275
305,1653,ios,2025-01-07 13:05:43.100577
306,1714,ios,2025-08-09 15:50:03.778993
307,78,android,2025-05-02 07:02:12.935100
308,1382,ios,2025-05-16 06:57:42.071999
309,2346,android,2025-05-12 04:32:28.320663
310,3131,android,2025-03-01 00:45:05.011060
311,3836,ios,2025-07-10 02:01:55.501888
312,2614,web,2025-06-27 22:59:50.599062
313,502,android,2025-01-24 06:39:39.526110
314,1958,android,2025-05-17 18:12:01.664975
315,3677,ios,2025-08-21 13:22:36.510039
316,3198,android,2025-07-31 16:35:24.756222
317,2921,ios,2025-06-02 02:16:27.457341
318,2542,android,2025-02-18 06:46:46.490932
319,2524,android,2025-03-26 09:00:19.059537
320,4966,ios,2025-02-06 12:53:17.739948
321,2998,web,2025-07-19 17:29:57.647830
322,2986,android,2025-07-09 05:12:29.836733
323,1680,ios,2025-08-10 05:12:34.734174
324,2451,android,2025-01-16 09:43:22.198262
325,3552,android,2025-08-23 10:12:32.489927
326,4291,android,2025-08-23 20:12:15.217013
327,3899,android,2025-06-13 21:09:28.497549
328,3312,ios,2025-08-03 06:21:20.850842
329,3892,android,2025-04-17 12:58:10.835044
330,165,android,2025-03-18 03:46:25.980472
331,1348,android,2025-02-07 12:16:36.607513
332,1216,ios,2025-01-08 16:10:17.286754
333,3270,web,2025-01-11 04:55:42.819926
334,3767,android,2025-06-18 01:13:01.339490
335,741,android,2025-03-23 18:54:12.417322
336,965,web,2025-01-14 03:17:15.669664
337,2478,android,2025-01-28 06:21:49.930223
338,4842,ios,2025-06-11 15:56:05.702174
339,14,ios,2025-08-17 02:22:58.856312
340,4398,ios,2025-04-10 03:19:43.743353
341,968,android,2025-07-08 23:17:56.161061
342,1343,android,2025-08-25 13:55:44.819707
343,3159,android,2025-06-22 02:48:05.440145
344,3644,android,2025-06-25 16:34:24.669146
345,4372,android,2025-05-30 15:56:00.354004
346,28,web,2025-08-26 13:48:33.961187
347,246,android,2025-03-14 20:28:07.652504
348,2392,android,2025-07-10 06:23:19.125610
349,2793,android,2025-04-11 20:44:06.931756
350,1305,android,2025-02-07 18:24:26.469620
351,3184,android,2025-06-29 16:01:10.881962
352,1327,android,2025-07-21 13:04:19.079744
353,4662,ios,2025-07-29 20:30:36.232574
354,888,ios,2025-08-13 00:23:43.377123
355,3276,android,2025-07-01 00:19:27.882218
356,2652,ios,2025-05-09 05:04:17.088890
357,516,android,2025-08-17 02:28:18.216343
358,3025,android,2025-02-20 22:11:13.283942
359,734,web,2025-01-19 18:52:13.945048
360,2698,ios,2025-04-15 21:14:28.324435
361,3179,android,2025-05-22 11:29:55.689234
362,361,android,2025-06-15 05:41:53.135235
363,1079,android,2025-07-18 03:32:27.312612
364,1479,android,2025-01-07 12:02:41.112192
365,4642,ios,2025-07-14 21:32:03.338789
366,1106,android,2025-05-26 19:57:01.651452
367,4604,web,2025-08-20 13:35:27.560231
368,2670,ios,2025-03-26 12:56:15.974748
369,4744,android,2025-05-30 22:13:06.152235
370,4157,ios,2025-07-06 06:30:37.099612
371,1465,ios,2025-05-06 11:37:05.137800
372,2799,android,2025-02-07 21:15:10.684408
373,3585,android,2025-01-13 02:25:56.173514
374,392,ios,2025-01-28 01:41:19.164948
375,3316,web,2025-05-01 06:17:00.687308
376,2299,android,2025-06-05 10:11:54.121519
377,179,ios,2025-05-19 15:16:43.881024
378,4336,ios,2025-06-23 05:43:36.981209
379,1328,web,2025-01-10 11:25:00.340775
380,4371,android,2025-02-03 03:08:20.716648
381,1034,android,2025-07-04 22:58:08.815397
382,2709,ios,2025-07-09 19:51:20.062660
383,1855,android,2025-06-20 15:46:39.510268
384,4465,android,2025-07-01 03:20:52.844362
385,4766,ios,2025-08-23 02:46:57.304134
386,3851,android,2025-08-18 10:40:59.899180
387,4229,ios,2025-06-06 14:37:05.140829
388,3845,android,2025-03-19 14:21:33.347511
389,1468,ios,2025-01-04 10:17:19.980918
390,4602,android,2025-06-03 11:32:18.820106
391,2651,ios,2025-04-15 19:21:50.525114
392,1718,android,2025-02-05 17:27:50.755994
393,962,android,2025-02-22 07:22:59.470906
394,3549,web,2025-08-16 13:50:20.293393
395,1388,ios,2025-01-17 02:12:35.485581
396,3264,android,2025-07-11 08:31:46.428147
397,326,android,2025-08-08 04:45:06.117278
398,3175,ios,2025-06-17 06:26:33.950126
399,3214,web,2025-01-15 21:44:40.027749
400,2624,android,2025-07-25 13:00:51.285132
401,3285,web,2025-06-08 17:58:51.975362
402,4969,android,2025-03-09 07:39:21.128893
403,4193,ios,2025-06-03 00:09:00.694139
404,2198,android,2025-02-03 04:19:03.078964
405,4358,android,2025-06-21 23:00:01.903972
406,4773,web,2025-08-08 10:16:13.602364
407,801,android,2025-05-07 18:26:42.486916
408,1795,web,2025-08-20 08:40:54.863363
409,3716,android,2025-04-17 10:58:11.468383
410,2575,android,2025-07-28 09:19:51.345658
411,674,web,2025-07-07 23:55:03.221027
412,2363,ios,2025-01-22 11:43:15.339540
413,1869,android,2025-08-10 18:35:23.404214
414,3695,ios,2025-08-10 05:36:50.677935
415,2578,android,2025-03-27 09:27:26.387653
416,700,ios,2025-07-12 19:20:08.008548
417,248,android,2025-02-24 14:05:08.084958
418,1437,android,2025-01-08 09:15:08.917255
419,784,android,2025-02-20 12:41:21.655221
420,4382,ios,2025-04-28 14:37:01.480390
421,1356,web,2025-01-15 00:54:00.289141
422,3173,ios,2025-02-08 21:09:21.815661
423,638,android,2025-08-19 22:57:15.758645
424,2209,android,2025-05-01 00:04:48.698126
425,4671,android,2025-07-20 00:19:20.242868
426,3218,ios,2025-02-20 05:01:25.944898
427,1442,android,2025-01-22 12:15:30.650779
428,3739,ios,2025-07-09 16:09:22.545556
429,2506,android,2025-03-26 18:23:55.998199
430,1176,web,2025-04-22 17:34:46.081218
431,4983,android,2025-08-30 02:05:47.315245
432,4688,android,2025-03-18 22:00:22.747644
433,2834,web,2025-04-25 23:23:10.538217
434,166,web,2025-06-04 06:13:10.871681
435,2058,ios,2025-01-22 15:26:56.865143
436,2570,ios,2025-06-24 02:13:55.289212
437,4649,ios,2025-04-20 18:29:43.116878
438,3665,android,2025-02-12 12:41:03.958716
439,1113,android,2025-04-15 14:55:12.452783
440,2551,ios,2025-04-22 22:36:53.593963
441,898,ios,2025-06-05 16:46:40.935595
442,2370,android,2025-08-16 17:21:51.901799
443,2677,android,2025-07-05 21:51:45.051276
444,2549,ios,2025-04-03 22:26:55.088423
445,2137,android,2025-08-24 14:59:18.209357
446,2187,ios,2025-07-12 04:07:38.629162
447,3985,ios,2025-01-07 19:00:53.758856
448,2530,android,2025-01-29 07:55:55.077535
449,211,android,2025-02-22 23:26:27.949363
450,3705,android,2025-01-21 06:59:34.425946
451,3089,android,2025-04-28 23:00:41.552904
452,3479,ios,2025-03-24 19:04:03.439433
453,3554,ios,2025-08-25 10:06:04.696133
454,866,ios,2025-04-25 20:59:48.909008
455,4860,android,2025-02-21 13:17:13.720362
456,4952,ios,2025-08-24 21:18:08.221012
457,729,android,2025-05-05 20:57:30.987307
458,1095,ios,2025-01-18 18:05:04.511167
459,1232,android,2025-01-20 15:39:38.843208
460,4833,ios,2025-06-14 02:18:24.915938
461,4663,android,2025-05-01 05:38:58.649310
462,1326,android,2025-06-01 16:30:50.795517
463,3154,web,2025-07-26 11:13:01.803997
464,1218,android,2025-06-15 13:49:45.189168
465,191,android,2025-07-29 09:57:30.427217
466,1152,ios,2025-06-30 11:21:33.384306
467,387,android,2025-06-13 21:05:57.694058
468,4239,android,2025-02-02 17:33:47.014510
469,3928,android,2025-04-28 07:51:02.297832
470,922,android,2025-04-16 05:47:47.701086
471,2838,ios,2025-05-12 09:20:06.976667
472,1026,ios,2025-04-06 01:08:42.577735
473,2828,android,2025-05-31 18:23:24.119299
474,4480,android,2025-04-06 08:48:09.574964
475,4400,web,2025-05-16 12:01:39.040060
476,4166,ios,2025-04-06 22:54:46.106052
477,1206,android,2025-08-08 03:06:25.936487
478,954,ios,2025-04-01 17:45:36.899429
479,803,android,2025-06-27 14:47:54.186350
480,636,android,2025-05-30 03:18:12.629407
481,3070,ios,2025-04-04 16:22:23.573844
482,3293,ios,2025-07-16 06:06:15.808270
483,4413,android,2025-08-14 09:34:18.235169
484,452,ios,2025-07-04 19:08:40.646070
485,1327,ios,2025-08-19 12:09:55.740953
486,3640,ios,2025-04-17 00:32:26.257038
487,3407,ios,2025-08-11 00:55:55.237332
488,2138,android,2025-08-01 22:07:56.519787
489,762,web,2025-07-05 06:14:34.162821
490,2422,android,2025-07-22 22:53:25.634894
491,860,android,2025-06-27 10:08:21.790346
492,2678,android,2025-05-05 11:46:58.627434
493,4508,ios,2025-05-15 05:42:30.562055
494,979,android,2025-04-12 11:56:57.434412
495,590,android,2025-06-11 10:09:17.853366
496,3689,ios,2025-03-20 22:10:28.442042
497,122,android,2025-06-29 17:41:38.661189
498,4918,android,2025-05-03 17:49:58.018145
499,3875,android,2025-03-27 19:47:30.919429
500,2017,ios,2025-02-05 18:37:59.588303
501,1813,android,2025-03-04 02:13:37.564592
502,1935,android,2025-06-05 13:38:54.659824
503,1984,android,2025-03-31 20:57:40.139988
504,4198,web,2025-01-09 01:26:32.438223
505,4000,ios,2025-03-22 03:01:55.881410
506,1023,android,2025-03-31 00:35:53.161614
507,900,ios,2025-02-26 22:26:33.851947
508,2703,ios,2025-03-11 13:47:21.291352
509,3252,ios,2025-06-21 07:08:12.341150
510,3636,android,2025-07-01 08:13:33.452509
511,1568,android,2025-08-22 00:17:55.570794
512,2413,ios,2025-01-29 16:41:26.751204
513,522,android,2025-03-17 17:58:48.811723
514,2279,android,2025-01-19 17:19:25.231873
515,3438,android,2025-05-30 00:47:14.554013
516,1523,android,2025-01-04 23:34:35.495572
517,1594,ios,2025-02-19 21:38:17.457774
518,2312,android,2025-05-23 15:16:03.434715
519,4334,ios,2025-03-29 04:09:49.648952
520,3021,ios,2025-05-13 06:48:08.434862
521,4596,android,2025-06-05 13:51:54.537708
522,309,android,2025-07-23 20:41:54.512699
523,4246,android,2025-04-06 11:14:53.846595
524,219,android,2025-03-09 18:31:36.502221
525,1612,ios,2025-05-11 22:18:41.539107
526,2133,ios,2025-01-17 22:22:52.990886
527,1183,ios,2025-01-11 04:26:37.489727
528,4947,web,2025-04-20 21:26:51.196480
529,4465,android,2025-02-22 23:50:06.972698
530,2857,ios,2025-01-02 18:05:13.439920
531,2265,android,2025-06-15 02:05:18.692424
532,3809,android,2025-07-18 07:49:08.725078
533,3539,android,2025-02-05 22:25:40.162437
534,2404,android,2025-05-18 00:40:41.027313
535,4136,ios,2025-08-28 02:36:00.881473
536,965,ios,2025-03-07 07:22:59.324093
537,1389,android,2025-06-27 14:06:41.463807
538,89,android,2025-02-09 09:22:56.037510
539,596,ios,2025-08-15 11:57:58.566936
540,994,ios,2025-01-01 02:31:43.207691
541,3125,ios,2025-03-13 14:51:59.079953
542,4278,android,2025-08-26 06:33:16.010802
543,2951,android,2025-06-12 23:27:55.684892
544,2228,ios,2025-02-21 11:29:00.728488
545,1352,ios,2025-07-12 07:14:38.663353
546,508,android,2025-08-07 05:38:06.359985
547,2924,android,2025-04-29 09:45:55.683864
548,705,android,2025-02-07 21:55:47.803825
549,3952,ios,2025-03-04 20:06:52.220382
550,2045,android,2025-08-18 04:14:29.515448
551,1751,ios,2025-02-09 03:33:05.444533
552,134,web,2025-03-17 19:02:26.423173
553,1212,android,2025-02-05 08:46:32.586206
554,67,android,2025-01-26 15:53:37.226208
555,3626,android,2025-05-07 20:27:00.510110
556,2450,android,2025-04-07 09:36:30.912585
557,3930,web,2025-01-12 05:15:15.564814
558,2827,web,2025-02-05 06:46:35.475427
559,4772,android,2025-01-10 03:37:25.211115
560,3919,web,2025-01-06 23:24:30.910640
561,738,android,2025-02-13 08:50:15.313499
562,584,ios,2025-06-30 16:57:45.622762
563,4447,ios,2025-01-04 14:08:18.436544
564,1346,android,2025-03-15 23:42:44.430424
565,3826,android,2025-05-18 05:50:38.509053
566,3143,ios,2025-06-30 17:16:45.160026
567,3510,android,2025-06-14 17:27:55.997025
568,1334,web,2025-08-29 04:29:28.840492
569,1566,android,2025-03-08 23:27:29.499994
570,2775,android,2025-01-01 00:48:32.622160
571,111,web,2025-01-10 06:53:41.340929
572,1559,android,2025-01-24 16:43:44.829011
573,2538,android,2025-08-25 23:35:10.319359
574,1023,android,2025-05-19 12:31:17.948524
575,1429,android,2025-07-14 05:55:02.243419
576,4918,android,2025-08-28 08:58:50.956740
577,1450,android,2025-07-25 03:46:13.096823
578,4513,android,2025-04-10 01:12:56.847467
579,4636,android,2025-08-01 20:08:25.915055
580,3370,ios,2025-04-16 09:38:07.242236
581,765,web,2025-01-28 16:39:41.887328
582,1029,android,2025-05-14 04:42:07.340004
583,4672,web,2025-08-11 12:38:18.569309
584,8,ios,2025-07-10 15:25:38.508379
585,2520,web,2025-04-08 16:02:21.284895
586,2982,ios,2025-07-27 17:34:48.609420
587,4192,android,2025-04-23 19:06:44.314699
588,4476,android,2025-06-16 08:26:23.306588
589,1418,web,2025-03-22 22:50:39.495187
590,2513,android,2025-02-17 07:34:19.514754
591,3170,ios,2025-03-18 04:09:33.821582
592,4826,ios,2025-08-01 15:57:15.475425
593,2783,android,2025-08-29 12:20:39.779785
594,610,android,2025-03-06 03:09:46.638588
595,4621,web,2025-02-10 04:23:57.925740
596,2563,android,2025-01-18 06:33:16.112417
597,897,ios,2025-07-03 04:16:32.347146
598,952,web,2025-05-09 07:17:50.963475
599,1023,android,2025-05-16 03:10:34.938719
600,3607,android,2025-01-11 23:38:37.124648
601,4745,android,2025-01-20 16:43:27.747763
602,2207,ios,2025-08-11 06:04:52.592165
603,490,android,2025-05-21 03:29:39.005784
604,4443,android,2025-02-23 06:24:48.113842
605,3174,android,2025-02-20 09:54:51.412867
606,2854,android,2025-02-28 12:56:50.573778
607,303,android,2025-01-16 11:50:09.672124
608,4854,android,2025-01-13 02:13:09.420550
609,385,ios,2025-06-24 22:57:16.412470
610,3053,android,2025-03-06 02:13:47.070703
611,2986,ios,2025-04-04 10:11:59.468664
612,2570,web,2025-05-11 13:54:02.086886
613,2757,ios,2025-03-19 18:36:49.675374
614,1990,ios,2025-04-27 08:16:56.503428
615,2866,android,2025-07-30 04:44:31.686959
616,1820,ios,2025-03-01 07:35:17.433041
617,2369,android,2025-07-12 06:37:35.089139
618,3391,android,2025-03-06 03:20:54.795843
619,3712,ios,2025-02-15 10:16:42.416072
620,767,android,2025-01-18 15:44:44.975419
621,4961,android,2025-06-16 06:15:47.778760
622,484,ios,2025-04-11 00:38:54.121610
623,1379,android,2025-07-07 05:07:47.143121
624,1735,android,2025-02-02 05:44:16.930265
625,1618,android,2025-05-27 14:44:25.535807
626,1760,android,2025-01-04 03:44:25.601411
627,1616,android,2025-02-26 19:41:47.294334
628,2181,android,2025-05-29 03:27:44.956351
629,3817,android,2025-01-14 14:49:03.227582
630,4138,ios,2025-04-02 15:59:53.019714
631,1741,web,2025-05-17 11:37:03.239024
632,1293,ios,2025-06-26 19:17:05.427708
633,3384,android,2025-06-21 11:23:10.005273
634,298,ios,2025-02-06 00:11:21.331241
635,2230,ios,2025-01-19 06:23:36.599508
636,1101,web,2025-04-02 10:55:19.875477
637,3040,android,2025-02-28 12:22:50.981719
638,392,android,2025-03-16 06:47:31.972459
639,4146,android,2025-03-25 05:22:13.699820
640,1350,ios,2025-04-07 12:20:27.499841
641,2571,android,2025-05-07 00:28:39.462368
642,2862,web,2025-01-03 06:15:33.750357
643,2376,android,2025-03-14 09:56:59.242079
644,2240,ios,2025-03-06 05:47:20.974990
645,1335,android,2025-02-27 09:39:09.813165
646,3863,android,2025-07-11 15:13:37.783316
647,2580,android,2025-03-03 01:34:11.699315
648,1079,ios,2025-02-06 16:25:32.831892
649,1313,android,2025-07-26 23:50:57.364048
650,2194,android,2025-04-04 01:18:53.305899
651,4218,ios,2025-02-14 17:17:10.577352
652,4807,web,2025-07-02 13:02:39.171139
653,1945,ios,2025-06-09 16:38:26.461135
654,1976,ios,2025-08-18 16:59:17.668510
655,646,android,2025-08-02 07:18:13.752169
656,2729,web,2025-06-18 17:14:49.887124
657,1200,android,2025-02-09 02:54:00.878597
658,4098,web,2025-04-28 09:54:46.737256
659,2673,ios,2025-01-29 20:46:32.308704
660,1110,android,2025-05-14 12:05:26.781322
661,4582,android,2025-08-11 18:40:54.134802
662,4078,ios,2025-01-01 22:17:43.538054
663,1503,ios,2025-08-01 20:55:05.850536
664,601,ios,2025-05-12 01:18:10.832680
665,1322,web,2025-02-06 18:05:13.920026
666,1884,android,2025-07-27 23:24:32.419689
667,2033,android,2025-05-11 11:10:46.197659
668,4112,ios,2025-04-19 21:42:08.549066
669,4839,android,2025-05-02 10:21:22.905793
670,3737,ios,2025-02-05 19:28:15.706109
671,4227,web,2025-01-28 09:29:20.532994
672,626,android,2025-06-10 18:11:50.245968
673,749,ios,2025-08-02 22:33:43.272979
674,4541,ios,2025-06-18 18:04:59.531501
675,3069,android,2025-07-24 07:27:33.219833
676,1179,ios,2025-07-25 06:42:29.540253
677,3960,ios,2025-01-08 18:51:38.254914
678,875,android,2025-07-07 08:12:32.295595
679,3841,android,2025-07-07 14:50:37.936697
680,4416,android,2025-03-27 01:03:56.396672
681,2445,ios,2025-04-10 14:14:21.934891
682,3282,android,2025-07-01 03:41:51.650638
683,3660,android,2025-08-28 17:35:14.095523
684,4402,web,2025-08-29 00:59:46.829464
685,2918,ios,2025-04-26 03:27:05.643928
686,1468,ios,2025-07-11 20:39:35.705980
687,1008,web,2025-04-24 06:04:14.250079
688,1778,android,2025-07-30 10:16:25.512600
689,281,android,2025-06-07 21:12:42.188618
690,3494,ios,2025-08-16 14:29:12.335538
691,1848,android,2025-08-31 07:54:16.635579
692,3558,android,2025-03-22 05:39:15.966431
693,310,ios,2025-08-26 23:24:59.325251
694,1610,android,2025-06-18 06:44:08.241204
695,1976,android,2025-02-27 20:31:07.391049
696,438,ios,2025-01-01 18:08:56.010957
697,4145,ios,2025-06-16 04:08:45.914664
698,2988,android,2025-02-24 00:55:05.869300
699,4222,android,2025-02-26 05:24:00.424597
700,4010,ios,2025-05-15 04:14:38.955181
701,171,web,2025-01-08 12:21:35.911140
702,4327,android,2025-04-12 04:15:55.786569
703,348,android,2025-07-14 05:56:45.922499
704,4356,ios,2025-01-07 14:58:54.165838
705,3350,android,2025-06-01 14:49:38.240397
706,4098,android,2025-02-08 11:40:12.601558
707,2500,android,2025-07-29 16:04:45.233068
708,801,android,2025-04-05 22:29:10.209664
709,747,android,2025-07-17 08:17:50.722188
710,594,android,2025-06-25 21:19:11.207129
711,4028,ios,2025-08-02 07:32:04.036513
712,2668,android,2025-05-06 14:19:36.865064
713,1083,android,2025-04-29 03:00:39.766317
714,625,android,2025-01-10 02:17:41.513123
715,391,ios,2025-05-10 17:12:13.534286
716,1291,android,2025-05-07 20:09:58.230461
717,3748,android,2025-05-28 08:29:39.738650
718,4463,ios,2025-02-01 20:07:05.509492
719,3041,ios,2025-05-12 05:05:34.257627
720,4979,ios,2025-04-21 07:54:59.044479
721,1973,android,2025-05-25 19:43:55.131420
722,1663,android,2025-06-10 12:19:41.104133
723,3464,android,2025-03-29 19:49:16.753103
724,674,ios,2025-05-03 11:38:14.898042
725,4557,android,2025-04-07 00:12:37.735779
726,3901,android,2025-07-06 00:20:14.250840
727,171,android,2025-07-13 12:44:34.833580
728,937,web,2025-03-13 04:26:03.220184
729,3139,android,2025-03-05 01:40:18.882561
730,3693,android,2025-06-14 19:58:49.278040
731,1091,web,2025-07-08 02:03:45.033878
732,3735,ios,2025-01-03 15:22:03.168782
733,2371,ios,2025-04-14 20:48:23.918206
734,3377,ios,2025-03-16 18:41:11.338466
735,2120,android,2025-07-06 06:20:50.234259
736,2272,ios,2025-02-04 21:07:46.221559
737,1950,android,2025-07-09 02:44:00.979802
738,785,web,2025-06-10 17:19:24.204219
739,952,android,2025-07-24 19:57:54.986269
740,839,ios,2025-08-29 15:05:57.127478
741,4014,android,2025-04-26 19:16:10.056478
742,2117,android,2025-06-19 22:58:04.214056
743,1898,android,2025-06-22 12:29:31.895168
744,4279,ios,2025-07-25 05:33:04.284854
745,4436,android,2025-05-06 21:42:21.818203
746,1170,web,2025-01-27 03:48:05.842774
747,1774,android,2025-08-26 23:38:41.114695
748,2059,ios,2025-01-14 19:28:31.416797
749,4199,ios,2025-08-22 20:34:05.246652
750,3359,android,2025-03-04 01:14:57.019908
751,2723,ios,2025-04-30 16:09:58.418448
752,1176,ios,2025-08-20 00:15:28.403402
753,1929,ios,2025-06-14 10:17:03.372168
754,145,ios,2025-05-23 06:59:37.554852
755,3521,ios,2025-03-21 04:36:25.750830
756,4595,android,2025-03-13 01:18:43.388098
757,3934,android,2025-01-08 23:09:33.613157
758,1547,android,2025-05-23 11:29:22.371288
759,2414,ios,2025-04-15 12:21:02.091132
760,4789,web,2025-02-24 12:07:28.490217
761,2128,android,2025-04-04 08:44:12.384334
762,4196,android,2025-08-17 15:34:29.847943
763,2888,android,2025-07-26 03:52:10.166742
764,2495,ios,2025-04-15 14:08:07.325060
765,2926,ios,2025-08-27 03:05:09.783419
766,1119,ios,2025-04-23 07:04:15.066973
767,2128,ios,2025-03-26 20:11:43.561502
768,1522,ios,2025-04-05 06:21:10.781598
769,3789,android,2025-08-01 12:45:52.256630
770,3062,android,2025-03-07 01:32:44.539608
771,1999,android,2025-02-23 23:18:11.928843
772,4113,web,2025-08-22 09:54:43.180058
773,2265,ios,2025-06-28 10:15:22.577236
774,4767,android,2025-07-05 14:22:10.962178
775,3027,android,2025-06-29 21:22:24.982028
776,4429,android,2025-06-15 22:42:56.665110
777,4935,web,2025-01-23 04:09:29.328818
778,1635,android,2025-07-03 03:27:18.133208
779,1304,ios,2025-03-02 11:42:45.077734
780,4179,android,2025-02-02 04:11:15.003113
781,1160,ios,2025-08-27 20:52:24.413771
782,3761,ios,2025-01-07 18:30:05.705427
783,885,android,2025-01-08 16:30:06.111795
784,4350,ios,2025-03-17 07:24:35.601128
785,3448,android,2025-07-25 03:23:11.157852
786,2606,ios,2025-08-26 15:22:12.416183
787,2246,android,2025-01-29 19:15:13.247462
788,3187,ios,2025-04-07 02:12:18.399583
789,1944,android,2025-06-28 10:26:53.750138
790,1989,ios,2025-06-06 20:43:14.668184
791,1021,android,2025-02-26 17:03:10.049174
792,790,ios,2025-03-21 23:55:44.553103
793,4456,android,2025-05-25 10:23:34.690729
794,3747,android,2025-01-09 14:29:27.747927
795,2216,ios,2025-07-04 05:59:29.025361
796,4159,android,2025-03-08 22:09:41.361161
797,3039,android,2025-07-21 06:54:53.809092
798,2996,ios,2025-06-16 03:09:24.067796
799,563,android,2025-06-06 20:03:26.948499
800,2692,ios,2025-07-06 11:15:00.206446
801,540,android,2025-01-19 06:11:04.308248
802,3420,web,2025-03-05 04:08:57.509986
803,337,ios,2025-05-07 18:46:22.480611
804,2572,android,2025-07-08 20:22:32.656309
805,1837,android,2025-07-26 07:41:35.338210
806,655,ios,2025-04-03 20:25:42.651901
807,2365,ios,2025-07-12 20:33:11.164552
808,1004,android,2025-02-23 12:38:18.997144
809,1223,android,2025-01-21 00:45:44.417488
810,4450,android,2025-03-01 22:04:28.325971
811,1749,ios,2025-08-08 11:09:36.299722
812,2020,ios,2025-05-13 04:49:13.457541
813,32,android,2025-04-27 23:13:40.836267
814,1503,android,2025-06-30 15:07:40.482318
815,1756,ios,2025-01-03 10:51:43.115325
816,3596,web,2025-01-29 17:56:37.637671
817,596,android,2025-01-25 04:52:59.147905
818,4650,android,2025-01-30 13:33:45.330440
819,642,android,2025-04-21 04:31:21.096925
820,3264,ios,2025-03-10 04:56:33.927870
821,23,android,2025-07-10 22:20:53.683614
822,4099,android,2025-07-23 21:16:34.085140
823,3482,ios,2025-08-13 18:14:46.582613
824,4188,android,2025-02-17 15:26:09.283696
825,4657,android,2025-05-03 04:37:51.684130
826,4170,android,2025-01-12 20:00:20.452461
827,3108,android,2025-02-28 07:08:39.068818
828,4193,android,2025-05-30 11:07:52.409663
829,482,android,2025-04-13 15:23:31.138561
830,3227,android,2025-06-17 20:09:28.833549
831,4949,android,2025-07-23 22:22:26.700209
832,1886,ios,2025-01-15 11:12:31.518047
833,4878,ios,2025-08-17 01:59:26.992935
834,2534,android,2025-01-11 07:17:46.366015
835,2342,ios,2025-08-27 13:05:31.163797
836,1501,android,2025-06-04 22:40:05.594654
837,540,ios,2025-01-11 12:31:32.564940
838,4382,ios,2025-04-06 15:38:35.763362
839,3604,ios,2025-03-04 17:52:18.200971
840,2002,ios,2025-07-14 01:16:26.152692
841,4808,android,2025-02-24 18:51:16.370311
842,920,android,2025-07-20 18:28:16.962450
843,3894,android,2025-03-17 21:34:30.170443
844,2262,android,2025-08-29 08:41:09.206388
845,3122,ios,2025-03-07 17:01:33.285079
846,187,android,2025-06-16 10:41:29.055874
847,3055,android,2025-07-14 10:43:47.962869
848,3396,ios,2025-02-22 14:23:28.707946
849,4890,ios,2025-01-19 09:48:27.017155
850,1731,ios,2025-05-14 22:52:31.125045
851,366,android,2025-06-14 12:43:30.344347
852,309,ios,2025-07-18 14:21:16.936623
853,748,android,2025-03-08 06:45:33.603567
854,1498,ios,2025-07-31 23:10:16.767232
855,4155,android,2025-08-11 12:45:03.947097
856,976,android,2025-07-09 08:13:06.438360
857,726,web,2025-01-02 20:18:17.380772
858,160,android,2025-01-22 04:38:45.717622
859,1917,android,2025-08-31 10:48:15.290828
860,3018,android,2025-06-28 08:23:19.626886
861,1408,web,2025-06-02 07:26:55.774927
862,2478,ios,2025-08-08 00:44:35.632674
863,1218,android,2025-01-10 15:11:20.491036
864,4001,ios,2025-07-04 01:01:39.696913
865,129,android,2025-06-09 02:04:46.515970
866,1004,ios,2025-07-26 02:49:26.000352
867,2832,android,2025-07-09 00:44:14.965958
868,4213,android,2025-04-28 20:07:00.301931
869,2007,ios,2025-01-18 05:53:16.862228
870,349,web,2025-08-09 23:37:47.222538
871,2758,android,2025-07-05 12:44:42.353291
872,1352,android,2025-03-28 14:30:06.658534
873,1523,web,2025-08-28 02:16:10.336338
874,4612,android,2025-03-17 14:22:59.304798
875,4708,android,2025-04-01 01:06:34.166544
876,1294,android,2025-08-25 20:18:31.233166
877,2957,android,2025-06-12 08:25:25.685080
878,2705,android,2025-08-02 15:27:52.895410
879,4807,android,2025-08-04 17:22:55.861531
880,4732,android,2025-05-11 08:34:00.102304
881,1751,android,2025-03-06 20:57:01.770420
882,128,ios,2025-07-25 22:18:15.332585
883,12,android,2025-05-02 23:00:29.848456
884,24,ios,2025-05-18 03:17:42.886421
885,3907,android,2025-05-12 13:15:28.664816
886,3700,android,2025-01-03 07:55:03.245908
887,4137,android,2025-01-12 03:30:31.031488
888,698,android,2025-05-30 18:45:12.199645
889,294,ios,2025-07-13 01:09:31.233257
890,853,android,2025-04-22 01:26:56.482028
891,3127,ios,2025-02-16 06:27:40.291511
892,45,web,2025-04-09 19:29:51.680267
893,3306,android,2025-07-06 16:51:46.633353
894,4445,web,2025-01-27 09:28:47.749480
895,729,android,2025-05-17 03:04:47.663700
896,3695,android,2025-06-20 15:18:18.103001
897,2763,android,2025-04-12 01:08:15.778174
898,4721,ios,2025-05-27 02:33:38.455570
899,1216,ios,2025-08-03 16:26:15.172894
900,1135,web,2025-02-21 17:07:36.362341
901,83,ios,2025-02-02 19:48:17.888485
902,3526,android,2025-01-15 18:52:02.252958
903,4335,ios,2025-06-26 11:16:28.719054
904,94,web,2025-08-07 19:53:44.933256
905,2459,ios,2025-06-17 18:22:32.263042
906,3621,ios,2025-08-26 06:40:23.278111
907,3909,ios,2025-06-22 01:42:06.527153
908,4652,android,2025-03-12 02:30:05.390745
909,3615,web,2025-03-04 02:35:50.127178
910,4603,web,2025-06-12 00:00:56.696535
911,4969,ios,2025-06-14 05:20:01.324601
912,4638,android,2025-05-08 06:52:24.664850
913,2190,android,2025-05-09 00:49:01.655267
914,2036,web,2025-04-12 05:51:10.208316
915,2138,ios,2025-03-27 00:44:21.994393
916,4754,ios,2025-06-04 01:47:39.293757
917,1409,web,2025-07-01 15:31:15.133856
918,3762,android,2025-07-17 15:46:56.058213
919,3126,ios,2025-03-16 19:18:15.599890
920,309,android,2025-07-28 10:18:21.837651
921,2431,android,2025-03-15 13:35:33.267426
922,974,android,2025-03-16 02:02:59.111809
923,3644,android,2025-07-15 20:36:19.397078
924,2237,android,2025-08-24 13:23:51.123724
925,1783,ios,2025-08-15 12:44:24.910893
926,329,android,2025-01-27 23:48:52.805286
927,655,ios,2025-03-12 02:23:44.213755
928,3821,android,2025-07-04 15:42:59.539760
929,4313,ios,2025-07-15 22:00:45.543434
930,1456,android,2025-05-03 12:52:56.630652
931,4141,ios,2025-01-04 21:54:41.045516
932,2761,ios,2025-05-02 22:46:30.171316
933,1756,android,2025-01-08 13:38:55.879222
934,2258,android,2025-03-10 09:05:53.642550
935,3452,android,2025-06-09 14:48:28.129412
936,4546,android,2025-02-02 17:00:04.301305
937,2463,android,2025-06-23 03:14:20.468214
938,1734,android,2025-05-31 23:55:28.309674
939,3805,ios,2025-04-15 09:58:36.058273
940,2626,android,2025-04-01 10:24:29.743075
941,1951,android,2025-08-11 06:20:04.004867
942,2299,android,2025-05-15 10:05:28.680918
943,2679,android,2025-08-05 00:03:43.686789
944,702,android,2025-04-11 05:21:47.598857
945,290,ios,2025-05-25 11:56:29.514858
946,3324,ios,2025-08-20 23:16:40.616665
947,875,android,2025-01-31 03:40:10.325428
948,2659,android,2025-03-05 20:32:12.632810
949,3909,android,2025-08-11 18:09:32.675369
950,1075,ios,2025-04-13 13:07:47.035259
951,1908,android,2025-03-08 02:30:37.385680
952,4892,ios,2025-08-31 08:29:06.712360
953,176,ios,2025-01-25 20:05:04.865373
954,3779,ios,2025-05-29 14:31:07.816299
955,839,android,2025-07-11 12:03:02.500323
956,4529,web,2025-07-11 04:15:42.610343
957,2058,android,2025-04-18 08:49:21.562371
958,34,android,2025-01-11 16:22:50.705332
959,3590,ios,2025-07-24 08:52:11.971300
960,737,ios,2025-07-15 01:33:53.819490
961,1818,android,2025-02-27 16:24:16.371762
962,2512,android,2025-03-24 17:57:21.365908
963,3726,android,2025-05-05 13:26:18.510227
964,2095,ios,2025-01-28 17:41:09.971136
965,4291,android,2025-07-19 09:31:56.359359
966,2409,android,2025-08-13 01:41:13.313391
967,1706,android,2025-03-16 21:23:21.626390
968,1686,web,2025-08-13 12:56:23.430619
969,4002,ios,2025-07-14 14:40:15.582035
970,3325,android,2025-06-26 20:40:40.761946
971,635,web,2025-08-24 12:06:16.056311
972,3752,android,2025-03-20 21:21:35.074568
973,2077,ios,2025-08-11 12:01:43.655437
974,1745,ios,2025-01-24 21:53:23.212519
975,488,android,2025-04-27 03:46:42.688699
976,4992,ios,2025-05-15 03:19:46.796425
977,263,web,2025-01-30 20:13:53.467414
978,4984,android,2025-06-29 04:14:54.828137
979,323,android,2025-04-26 11:14:37.381447
980,2527,ios,2025-04-21 16:42:42.635573
981,524,android,2025-05-22 06:57:22.072306
982,2465,android,2025-02-02 17:38:18.672806
983,4179,android,2025-02-18 14:32:48.245571
984,2951,ios,2025-02-13 21:45:05.678017
985,2719,ios,2025-08-20 07:40:15.270141
986,595,web,2025-07-07 21:14:36.227694
987,4737,android,2025-05-09 14:16:36.336438
988,1877,web,2025-06-10 05:56:32.374200
989,2691,android,2025-06-07 22:40:20.334036
990,4489,ios,2025-03-05 17:59:45.956314
991,3144,ios,2025-01-22 01:05:48.857572
992,3675,android,2025-05-15 20:24:10.292166
993,923,ios,2025-03-05 22:03:49.671637
994,2301,android,2025-08-01 06:05:11.961140
995,2703,android,2025-02-27 08:39:40.873731
996,879,ios,2025-05-20 04:55:41.244020
997,1927,android,2025-04-13 01:58:54.493951
998,4158,ios,2025-06-30 12:36:33.432615
999,4658,android,2025-08-20 00:45:06.980477
1000,4117,android,2025-04-11 00:16:56.921422
1001,4670,ios,2025-01-11 18:40:32.175807
1002,4993,android,2025-06-10 17:28:04.343170
1003,993,web,2025-02-01 09:24:22.251540
1004,4278,web,2025-01-26 09:27:09.981525
1005,3101,android,2025-06-10 18:12:25.383811
1006,4295,android,2025-01-25 23:36:05.545720
1007,3191,android,2025-02-01 07:01:41.636674
1008,625,ios,2025-04-17 16:43:07.749224
1009,2813,android,2025-04-20 21:57:56.645700
1010,3802,web,2025-08-11 00:46:54.595934
1011,622,web,2025-03-09 02:24:53.028680
1012,2523,android,2025-04-08 10:15:12.773727
1013,3271,ios,2025-06-21 22:15:45.452571
1014,2322,android,2025-07-20 23:10:48.964804
1015,3996,android,2025-03-26 20:04:11.946994
1016,635,android,2025-06-03 08:26:36.648764
1017,1727,ios,2025-06-01 16:15:07.541615
1018,4757,android,2025-03-15 16:18:24.670819
1019,2573,ios,2025-01-29 19:47:55.711066
1020,905,android,2025-06-15 20:26:22.679898
1021,582,ios,2025-03-07 03:22:22.698978
1022,2966,web,2025-03-19 08:13:21.864542
1023,4654,ios,2025-05-20 01:58:31.343594
1024,246,android,2025-02-09 01:50:15.842004
1025,548,android,2025-02-28 16:25:05.081419
1026,1877,android,2025-04-19 09:31:53.977549
1027,1042,android,2025-08-02 11:18:52.141018
1028,606,web,2025-07-07 15:47:51.788501
1029,1493,android,2025-03-19 04:13:29.461341
1030,3215,android,2025-03-15 09:39:56.690515
1031,4129,ios,2025-08-28 22:11:43.898362
1032,1532,android,2025-06-08 18:32:13.496579
1033,3504,ios,2025-06-16 14:02:04.117729
1034,4116,android,2025-01-14 09:29:06.236374
1035,36,android,2025-01-26 12:11:59.340216
1036,4265,ios,2025-03-13 13:15:12.957629
1037,918,android,2025-07-24 14:36:31.915809
1038,3426,web,2025-08-10 07:01:24.709316
1039,3751,android,2025-02-16 10:04:59.324037
1040,4227,android,2025-06-23 13:11:43.967257
1041,2020,android,2025-08-01 09:58:14.393083
1042,3298,android,2025-08-02 13:45:00.269757
1043,132,ios,2025-04-22 11:45:50.289558
1044,2235,android,2025-03-04 21:11:46.126593
1045,4820,ios,2025-08-21 09:02:52.779122
1046,793,web,2025-03-09 05:01:58.308437
1047,757,android,2025-03-03 09:43:03.346749
1048,3501,ios,2025-02-19 23:32:33.214851
1049,2553,android,2025-05-10 09:44:48.502649
1050,2275,ios,2025-01-27 01:05:56.893782
1051,1242,android,2025-05-19 16:15:01.766584
1052,857,ios,2025-08-18 07:35:45.395004
1053,3688,android,2025-05-03 16:58:49.706569
1054,1789,android,2025-08-23 13:54:25.588487
1055,3884,android,2025-08-09 02:03:44.985437
1056,2217,android,2025-07-12 12:42:11.952103
1057,1987,ios,2025-05-28 18:11:23.558455
1058,1151,android,2025-08-03 00:06:47.970910
1059,3293,web,2025-05-15 20:39:55.713592
1060,1424,android,2025-02-20 08:23:53.019273
1061,4546,android,2025-08-13 19:38:48.110325
1062,2042,android,2025-05-03 00:46:16.968742
1063,4075,android,2025-08-09 13:59:12.371908
1064,2350,ios,2025-04-06 12:49:36.091982
1065,2075,android,2025-03-23 13:56:39.151405
1066,2266,ios,2025-07-06 03:15:41.037812
1067,2208,android,2025-06-04 04:05:09.266225
1068,2395,android,2025-04-17 20:28:32.954842
1069,4435,android,2025-08-02 11:55:53.330559
1070,3516,ios,2025-05-06 12:40:29.315704
1071,172,android,2025-01-04 02:35:52.283609
1072,292,web,2025-06-18 10:45:53.612823
1073,115,android,2025-01-16 08:19:46.947320
1074,3455,android,2025-04-27 21:47:18.819056
1075,1029,ios,2025-02-16 16:12:28.104014
1076,1927,ios,2025-02-28 19:14:51.947637
1077,4139,ios,2025-08-27 02:16:56.084695
1078,659,android,2025-01-28 13:48:40.871360
1079,767,ios,2025-07-04 02:56:54.306804
1080,398,android,2025-06-04 21:34:47.928342
1081,1427,web,2025-02-17 09:29:20.458969
1082,449,android,2025-08-16 06:53:26.955506
1083,3146,ios,2025-02-18 22:39:38.675344
1084,3684,android,2025-05-06 06:53:23.925756
1085,922,ios,2025-07-12 02:19:26.238754
1086,2622,ios,2025-07-05 13:08:49.039040
1087,1516,ios,2025-03-19 16:32:13.511218
1088,402,android,2025-07-23 22:38:11.187085
1089,2335,android,2025-08-22 18:56:50.956526
1090,3487,ios,2025-04-26 04:29:01.018354
1091,1141,ios,2025-06-08 12:18:10.179063
1092,3941,ios,2025-03-30 13:50:45.960844
1093,4963,android,2025-03-28 01:00:39.854194
1094,282,android,2025-04-25 03:22:58.546058
1095,818,android,2025-02-17 21:40:48.773063
1096,1448,ios,2025-06-17 12:35:22.829868
1097,4250,android,2025-02-10 05:38:01.179567
1098,711,android,2025-01-02 06:12:56.175476
1099,2351,ios,2025-04-17 19:01:28.694289
1100,2687,android,2025-01-19 13:40:59.090223
1101,646,ios,2025-05-17 16:08:34.323982
1102,211,android,2025-05-07 10:47:32.355068
1103,593,android,2025-02-03 08:31:33.485561
1104,282,android,2025-03-01 18:39:13.863311
1105,2502,android,2025-01-06 22:36:19.215879
1106,4683,ios,2025-05-25 07:56:04.187376
1107,1768,android,2025-03-13 03:59:44.329869
1108,1284,android,2025-06-23 06:07:36.147200
1109,1174,android,2025-06-03 01:08:40.308604
1110,4907,ios,2025-04-01 18:45:46.181816
1111,4795,ios,2025-01-06 06:41:22.393912
1112,3243,android,2025-03-19 19:11:56.415554
1113,2317,android,2025-03-20 22:36:19.936340
1114,800,android,2025-03-22 20:20:09.572915
1115,4645,ios,2025-08-20 16:28:55.668576
1116,7,android,2025-02-09 23:42:42.347011
1117,820,android,2025-03-07 14:59:15.052653
1118,3394,ios,2025-07-22 06:33:02.492452
1119,918,android,2025-08-13 19:31:07.251572
1120,542,ios,2025-04-24 19:02:29.895852
1121,2981,android,2025-05-12 05:33:52.264063
1122,132,web,2025-01-13 20:16:12.334649
1123,1350,android,2025-07-16 08:28:48.426304
1124,3214,android,2025-05-25 11:28:33.872146
1125,925,android,2025-04-27 09:35:11.998525
1126,3797,android,2025-03-15 12:37:14.860976
1127,474,ios,2025-04-18 20:04:20.585681
1128,3067,android,2025-06-28 16:20:23.171736
1129,382,android,2025-01-20 15:04:29.398515
1130,3659,ios,2025-05-04 03:44:25.386123
1131,3766,android,2025-01-09 10:00:33.101896
1132,3975,ios,2025-07-07 15:46:45.033118
1133,1411,ios,2025-02-21 06:39:22.776658
1134,1182,android,2025-08-08 12:33:25.161978
1135,4893,ios,2025-04-26 16:35:00.884180
1136,3648,ios,2025-04-22 02:45:43.389220
1137,916,ios,2025-03-29 13:34:21.312170
1138,146,android,2025-05-06 11:25:00.382634
1139,1773,android,2025-03-24 03:22:43.503485
1140,3326,web,2025-03-29 11:04:49.593733
1141,1875,ios,2025-02-17 12:48:48.487646
1142,4039,android,2025-03-25 21:17:26.415569
1143,2501,android,2025-07-17 05:55:20.853347
1144,4957,ios,2025-03-01 16:52:08.138513
1145,4354,ios,2025-07-19 13:38:08.323806
1146,2357,web,2025-07-29 07:10:32.825050
1147,4174,web,2025-06-11 22:03:43.894268
1148,2241,android,2025-01-08 10:56:55.137986
1149,50,ios,2025-05-17 07:56:50.677853
1150,1541,android,2025-07-22 10:55:27.843815
1151,2047,android,2025-03-30 21:14:54.441423
1152,4883,android,2025-03-10 17:25:10.604158
1153,4140,web,2025-03-20 02:16:10.295546
1154,734,android,2025-04-13 19:22:53.574492
1155,1,android,2025-01-18 01:13:35.872248
1156,2644,android,2025-02-27 18:10:46.196909
1157,2669,android,2025-06-07 04:55:30.794404
1158,3677,android,2025-04-25 19:31:41.157369
1159,1298,android,2025-03-02 02:29:40.954077
1160,4061,android,2025-08-15 04:53:14.088542
1161,2064,android,2025-03-13 19:36:11.487421
1162,1673,ios,2025-02-01 10:10:54.604259
1163,2102,ios,2025-02-18 10:35:58.818229
1164,4723,ios,2025-03-14 01:40:57.331794
1165,1959,android,2025-05-07 23:33:52.224049
1166,2803,android,2025-01-17 02:46:55.939975
1167,4460,android,2025-07-27 18:01:19.863615
1168,92,web,2025-08-02 05:26:37.643756
1169,2683,android,2025-03-19 08:37:14.350416
1170,3542,android,2025-07-08 09:37:19.429212
1171,4519,web,2025-05-26 17:24:28.854947
1172,308,web,2025-07-25 10:37:46.031758
1173,3634,android,2025-03-09 07:16:02.860749
1174,4013,ios,2025-05-29 06:53:41.420528
1175,1756,android,2025-01-18 15:57:22.022038
1176,3731,android,2025-01-03 07:07:27.743267
1177,2468,android,2025-08-01 13:14:17.040214
1178,3291,web,2025-03-13 13:48:09.558137
1179,1950,android,2025-04-19 05:38:07.965181
1180,886,ios,2025-02-26 07:44:14.525313
1181,4143,android,2025-08-02 01:32:27.905421
1182,1083,ios,2025-04-04 10:36:12.372274
1183,938,ios,2025-02-13 12:37:14.072591
1184,4431,ios,2025-05-28 17:48:52.234411
1185,4683,web,2025-02-19 22:15:43.623782
1186,3047,ios,2025-03-05 08:20:36.299676
1187,2903,ios,2025-06-13 11:44:26.729938
1188,1804,android,2025-08-22 02:10:04.139492
1189,3059,web,2025-07-03 10:03:04.142593
1190,3047,android,2025-01-31 03:59:54.099392
1191,2585,android,2025-03-17 22:50:01.168621
1192,3276,android,2025-07-13 12:24:01.415312
1193,2773,android,2025-03-08 20:39:33.861194
1194,4397,ios,2025-06-29 20:05:08.290983
1195,3339,android,2025-04-25 15:29:36.669935
1196,1927,android,2025-08-03 21:52:13.915744
1197,3276,web,2025-03-29 06:33:27.091140
1198,1151,web,2025-08-16 02:25:14.647205
1199,1071,android,2025-04-10 00:09:32.616712
1200,4135,web,2025-06-26 11:24:23.999439
1201,2913,android,2025-02-17 10:22:28.771946
1202,269,android,2025-05-09 23:33:50.671736
1203,1774,web,2025-03-17 08:42:26.653949
1204,4922,ios,2025-01-04 02:13:16.451026
1205,3186,ios,2025-04-17 06:10:49.950094
1206,4343,android,2025-02-11 21:59:56.652860
1207,2740,android,2025-08-21 22:28:08.973746
1208,214,android,2025-07-16 11:41:22.907581
1209,899,web,2025-06-29 16:54:37.915349
1210,461,android,2025-04-21 03:49:56.671868
1211,3674,android,2025-03-04 23:05:57.604431
1212,3784,android,2025-03-20 19:41:07.113635
1213,2286,ios,2025-02-19 15:51:06.485608
1214,3623,android,2025-05-15 02:36:52.807852
1215,2758,ios,2025-07-17 03:21:50.264223
1216,3700,android,2025-02-15 12:58:48.845482
1217,3364,android,2025-01-02 02:31:14.612493
1218,2279,android,2025-01-31 12:32:13.938941
1219,3265,android,2025-04-23 00:09:22.661467
1220,1594,ios,2025-01-05 12:27:07.402490
1221,3745,ios,2025-04-08 23:51:29.742709
1222,4569,android,2025-01-28 00:16:25.998588
1223,1034,android,2025-01-27 04:29:37.517975
1224,3336,android,2025-06-23 03:56:50.821265
1225,552,ios,2025-08-31 21:04:03.809883
1226,1888,web,2025-02-17 06:13:00.481179
1227,3346,ios,2025-02-25 18:57:49.432314
1228,1388,android,2025-03-14 00:42:40.103607
1229,1180,android,2025-07-10 18:45:27.652927
1230,1920,web,2025-05-03 22:22:20.764567
1231,574,android,2025-05-19 16:11:18.018810
1232,3128,ios,2025-05-13 19:13:46.924416
1233,657,web,2025-08-16 18:44:59.035073
1234,1666,ios,2025-01-09 11:15:45.070199
1235,1565,ios,2025-02-08 08:57:49.714791
1236,4840,android,2025-04-03 20:28:58.481888
1237,4959,web,2025-04-29 14:11:47.810023
1238,397,android,2025-01-28 16:28:48.210266
1239,787,web,2025-08-06 00:57:55.631857
1240,3661,android,2025-06-14 17:16:23.409415
1241,1493,ios,2025-08-15 12:50:35.746934
1242,3221,web,2025-08-17 14:45:10.193127
1243,4604,ios,2025-05-05 13:05:33.983789
1244,815,android,2025-07-27 06:44:38.571643
1245,4817,android,2025-06-29 00:45:10.002473
1246,263,ios,2025-03-29 14:29:01.167711
1247,1145,ios,2025-06-09 17:39:39.599181
1248,2538,android,2025-08-20 12:25:22.595707
1249,4403,ios,2025-07-05 15:42:02.545899
1250,2770,web,2025-06-22 09:17:29.313734
1251,695,ios,2025-02-23 21:57:16.378661
1252,1245,ios,2025-07-21 23:08:28.892174
1253,3808,web,2025-04-05 16:31:29.421379
1254,2808,ios,2025-06-01 15:37:20.701039
1255,66,android,2025-06-14 16:30:16.062729
1256,2508,web,2025-05-06 04:53:16.801267
1257,2034,android,2025-02-10 05:41:35.444015
1258,3,web,2025-06-19 11:33:53.523821
1259,1237,ios,2025-03-02 01:55:02.041375
1260,4677,ios,2025-03-06 11:36:22.104089
1261,3521,android,2025-01-31 19:26:52.804971
1262,354,android,2025-05-31 15:30:11.873724
1263,81,android,2025-01-29 12:42:37.020530
1264,1730,ios,2025-03-25 21:18:16.280137
1265,2325,ios,2025-08-05 03:41:36.455931
1266,2268,android,2025-04-21 02:16:51.906334
1267,3484,android,2025-08-06 08:45:05.424848
1268,867,ios,2025-04-30 17:31:31.242529
1269,234,android,2025-02-13 10:57:31.573184
1270,3364,android,2025-07-04 09:59:46.837194
1271,4488,android,2025-03-27 21:18:19.663359
1272,839,ios,2025-08-23 20:06:23.933882
1273,1806,ios,2025-03-05 16:44:15.514105
1274,3134,ios,2025-07-19 18:45:49.566722
1275,827,android,2025-05-01 00:11:36.832374
1276,4300,android,2025-07-24 15:18:55.351887
1277,1128,ios,2025-02-14 11:28:02.273584
1278,2663,web,2025-06-03 23:33:16.531949
1279,1695,android,2025-01-28 12:05:55.548587
1280,3338,ios,2025-07-15 17:46:06.294646
1281,992,ios,2025-02-27 06:19:54.998118
1282,492,web,2025-04-14 21:37:12.678760
1283,2553,android,2025-06-09 09:38:55.902042
1284,4327,android,2025-04-27 04:56:51.782342
1285,3165,android,2025-07-09 06:31:36.860846
1286,3778,ios,2025-06-17 05:24:37.483688
1287,2168,ios,2025-02-01 16:31:34.874617
1288,701,android,2025-07-07 22:50:06.409620
1289,2136,android,2025-04-13 21:44:55.897395
1290,4938,android,2025-05-26 06:07:22.989636
1291,3909,ios,2025-02-22 15:03:17.641061
1292,3518,web,2025-04-13 19:28:12.600264
1293,1506,android,2025-07-18 13:41:01.123634
1294,2999,ios,2025-08-14 01:57:22.724162
1295,3114,android,2025-08-17 02:28:26.950367
1296,3271,ios,2025-06-20 02:55:05.191898
1297,4465,ios,2025-01-20 04:12:19.312209
1298,3408,android,2025-04-18 13:26:14.804908
1299,1108,ios,2025-02-16 21:59:28.216456
1300,1108,ios,2025-06-19 12:29:17.305919
1301,3100,web,2025-02-09 05:06:59.411560
1302,4332,ios,2025-08-26 13:13:28.202992
1303,4740,android,2025-02-17 06:31:55.589367
1304,3049,ios,2025-01-13 19:25:35.147802
1305,2649,ios,2025-07-24 23:33:55.932905
1306,4081,android,2025-02-19 03:38:46.160914
1307,4885,web,2025-01-06 20:02:32.457156
1308,140,android,2025-05-14 04:23:17.523049
1309,1551,web,2025-08-24 12:34:16.881943
1310,1670,android,2025-03-07 00:02:46.605696
1311,2822,android,2025-04-10 07:40:20.712258
1312,1475,android,2025-02-27 15:09:26.618677
1313,1556,ios,2025-05-16 14:10:05.792100
1314,123,ios,2025-03-20 10:30:23.193687
1315,19,android,2025-05-24 16:49:55.462361
1316,2250,android,2025-04-27 03:49:05.094476
1317,4987,web,2025-08-14 17:26:01.909771
1318,1479,ios,2025-06-12 19:32:31.350018
1319,1201,android,2025-06-15 20:53:18.745608
1320,1323,ios,2025-04-29 05:04:27.381224
1321,4866,android,2025-03-15 15:56:31.616490
1322,3320,android,2025-03-18 07:02:00.819464
1323,3266,android,2025-05-03 11:16:42.403215
1324,947,ios,2025-02-16 15:13:33.587488
1325,4520,android,2025-02-02 04:18:46.925670
1326,984,web,2025-04-01 11:37:59.390075
1327,4837,android,2025-02-01 16:55:58.373499
1328,4763,web,2025-02-26 01:48:05.617204
1329,2840,android,2025-05-11 00:15:31.291463
1330,4341,android,2025-07-11 23:49:58.508350
1331,4999,android,2025-02-24 14:52:04.423630
1332,2902,android,2025-07-12 08:59:14.161325
1333,3837,android,2025-01-04 18:38:19.318609
1334,2954,ios,2025-08-31 06:38:11.660880
1335,2620,ios,2025-05-06 14:47:16.662800
1336,1674,ios,2025-04-26 15:22:30.122720
1337,3275,android,2025-06-08 02:02:30.234131
1338,1337,ios,2025-04-26 11:13:33.344714
1339,972,android,2025-04-10 03:35:09.504304
1340,1378,ios,2025-04-01 03:34:28.410345
1341,56,ios,2025-08-26 14:43:19.625319
1342,4670,android,2025-07-29 08:14:55.900555
1343,1284,android,2025-05-03 02:03:30.670412
1344,4000,web,2025-07-23 06:11:30.052940
1345,2175,android,2025-02-06 05:29:21.340916
1346,1698,ios,2025-05-09 15:43:22.956345
1347,1141,web,2025-04-20 09:23:55.039069
1348,4104,android,2025-03-20 22:42:45.298602
1349,2571,android,2025-08-12 04:20:30.325183
1350,2249,android,2025-07-22 07:06:02.562403
1351,3290,ios,2025-08-09 10:07:30.977719
1352,4014,android,2025-06-04 08:35:06.508816
1353,3279,android,2025-04-02 10:07:19.404965
1354,2340,android,2025-07-03 21:43:51.265746
1355,4469,web,2025-01-27 09:09:45.357554
1356,4479,ios,2025-07-27 07:09:36.395621
1357,4832,ios,2025-01-07 23:50:27.493008
1358,456,web,2025-07-18 19:48:52.652688
1359,4454,ios,2025-06-21 01:22:51.676491
1360,966,web,2025-01-22 11:54:04.293096
1361,3101,android,2025-02-05 17:17:29.216925
1362,3290,android,2025-04-20 22:20:49.054641
1363,1029,ios,2025-03-14 20:52:13.365980
1364,41,android,2025-07-30 18:03:02.793563
1365,4718,android,2025-02-16 20:36:19.994043
1366,4457,ios,2025-04-12 08:24:37.199056
1367,875,ios,2025-03-05 07:04:01.342860
1368,3007,android,2025-01-31 21:43:34.958544
1369,758,android,2025-03-05 02:48:43.022180
1370,2833,android,2025-07-28 23:26:41.089822
1371,1588,android,2025-06-23 20:47:48.554991
1372,3759,android,2025-08-11 03:50:51.865015
1373,2869,android,2025-04-09 11:35:20.565102
1374,2491,ios,2025-02-28 10:05:12.454018
1375,3408,android,2025-01-07 09:29:01.935667
1376,2379,android,2025-05-01 07:45:39.765352
1377,67,ios,2025-01-10 15:41:44.519459
1378,2980,android,2025-01-02 00:55:54.211213
1379,3891,android,2025-05-27 22:39:28.347283
1380,2452,android,2025-02-10 01:15:54.182502
1381,876,ios,2025-05-17 00:37:48.964321
1382,40,android,2025-05-20 08:47:03.839349
1383,1483,android,2025-06-25 21:25:47.942599
1384,3841,ios,2025-04-04 02:24:22.679603
1385,1611,ios,2025-06-21 08:28:00.880778
1386,4781,ios,2025-03-30 22:18:38.098005
1387,1663,web,2025-01-24 18:17:39.662697
1388,2139,ios,2025-03-17 07:51:43.898283
1389,3802,android,2025-01-02 20:07:57.592846
1390,3070,android,2025-04-23 09:04:27.310611
1391,205,android,2025-06-29 21:29:41.024781
1392,382,android,2025-07-10 16:38:51.896981
1393,983,android,2025-02-26 09:35:17.052753
1394,4359,android,2025-01-26 16:06:38.560571
1395,112,ios,2025-02-15 01:25:41.446821
1396,359,ios,2025-08-28 01:00:50.763388
1397,3892,android,2025-03-17 20:10:59.848891
1398,3115,android,2025-04-15 07:35:12.991730
1399,4919,android,2025-01-19 09:03:14.867731
1400,1098,android,2025-07-11 19:22:27.582780
1401,3298,android,2025-04-19 23:35:44.607226
1402,673,android,2025-01-22 05:42:16.261204
1403,2951,android,2025-04-25 22:11:50.250689
1404,531,web,2025-06-23 07:49:03.343162
1405,4541,android,2025-04-25 22:45:25.110369
1406,2080,ios,2025-08-24 09:03:58.518103
1407,1275,android,2025-07-31 19:32:34.816061
1408,4923,android,2025-05-06 02:21:15.724425
1409,333,android,2025-08-17 13:02:27.442094
1410,4000,web,2025-07-17 04:00:49.088587
1411,2550,android,2025-03-31 11:45:02.531616
1412,3439,android,2025-07-07 10:51:43.808306
1413,1302,web,2025-05-03 22:07:50.922820
1414,4407,android,2025-05-12 00:05:58.483622
1415,2256,android,2025-05-07 12:15:42.443688
1416,2093,ios,2025-07-15 07:03:11.691389
1417,2282,android,2025-08-12 05:07:34.097741
1418,1482,web,2025-03-19 15:25:37.727015
1419,1595,android,2025-06-05 23:41:01.339853
1420,701,ios,2025-06-02 16:52:49.810686
1421,2432,android,2025-08-04 15:53:02.421695
1422,2374,ios,2025-04-19 16:08:18.808478
1423,1901,ios,2025-02-16 05:00:58.399949
1424,4929,ios,2025-02-19 08:23:48.647692
1425,566,ios,2025-01-13 11:02:40.125795
1426,4552,ios,2025-01-25 11:26:54.894635
1427,4334,android,2025-03-15 04:42:45.155100
1428,112,android,2025-01-25 22:08:49.109780
1429,3507,android,2025-07-31 16:12:18.752031
1430,1046,android,2025-03-29 23:17:31.743708
1431,207,android,2025-03-31 12:54:05.179558
1432,4306,ios,2025-07-04 01:46:37.807567
1433,579,ios,2025-03-15 05:24:03.712771
1434,1495,web,2025-06-23 18:56:34.933309
1435,483,android,2025-07-19 20:22:15.486102
1436,710,ios,2025-03-29 12:33:29.952482
1437,309,ios,2025-04-27 02:35:57.162509
1438,4212,web,2025-03-20 07:14:21.327270
1439,296,ios,2025-04-13 19:53:37.248883
1440,3797,android,2025-05-22 02:55:02.542761
1441,786,android,2025-03-26 23:05:55.752435
1442,4575,web,2025-04-23 18:49:24.921420
1443,4240,ios,2025-05-01 13:58:35.778167
1444,3148,ios,2025-01-06 22:54:21.980711
1445,4142,ios,2025-02-09 18:24:02.802665
1446,1492,ios,2025-05-12 13:17:42.961613
1447,3916,ios,2025-01-01 15:27:31.231134
1448,1108,web,2025-06-21 02:51:26.353153
1449,3074,web,2025-08-09 00:40:18.541922
1450,4597,android,2025-07-03 08:38:49.652871
1451,3618,android,2025-03-18 08:07:47.349992
1452,1348,android,2025-04-20 07:28:21.136948
1453,3693,android,2025-06-08 02:58:49.276859
1454,4417,ios,2025-06-15 08:18:29.613937
1455,4447,ios,2025-08-26 12:45:42.910353
1456,3696,android,2025-04-30 19:03:51.526172
1457,3662,android,2025-03-02 15:17:13.728678
1458,3925,android,2025-03-30 00:18:10.168023
1459,3683,ios,2025-08-13 03:41:14.375807
1460,669,ios,2025-06-03 17:57:44.100142
1461,4021,android,2025-07-30 00:18:51.101780
1462,900,android,2025-06-25 22:52:01.791026
1463,2782,ios,2025-08-23 14:23:23.196805
1464,1698,android,2025-05-02 19:10:25.290716
1465,1066,ios,2025-08-19 19:50:50.901842
1466,1410,web,2025-08-04 06:30:42.293162
1467,423,android,2025-07-24 20:55:36.939607
1468,2199,android,2025-08-17 04:47:30.452997
1469,2096,android,2025-05-08 16:56:07.896542
1470,2018,android,2025-06-30 12:10:45.919692
1471,459,android,2025-05-15 22:43:05.552258
1472,3035,android,2025-07-08 15:09:14.069111
1473,847,android,2025-07-05 14:12:16.397970
1474,4280,ios,2025-07-04 07:00:47.691033
1475,120,android,2025-04-15 02:42:55.318507
1476,277,ios,2025-07-13 11:57:03.179052
1477,1502,android,2025-08-01 23:41:08.933433
1478,2040,android,2025-06-04 14:38:21.487485
1479,4850,android,2025-04-21 11:32:09.297019
1480,2627,android,2025-07-27 08:08:37.776341
1481,1895,android,2025-07-09 03:55:20.149478
1482,4189,ios,2025-04-25 02:42:27.902877
1483,1205,web,2025-05-21 21:47:46.751668
1484,4486,android,2025-06-16 15:43:58.353170
1485,2018,android,2025-06-17 06:17:29.295184
1486,1564,android,2025-03-17 13:58:06.901897
1487,1507,ios,2025-03-13 02:58:40.124784
1488,49,android,2025-08-04 15:00:25.552779
1489,3370,android,2025-08-16 16:38:56.286822
1490,2887,ios,2025-04-08 16:50:37.751625
1491,3173,ios,2025-08-10 22:48:50.565755
1492,3260,ios,2025-04-25 09:04:38.106298
1493,137,android,2025-02-10 15:07:27.405170
1494,4389,android,2025-06-28 02:09:31.556379
1495,2557,android,2025-01-12 03:36:06.620963
1496,3458,ios,2025-01-28 16:21:36.977956
1497,181,ios,2025-08-17 15:56:40.334283
1498,3806,android,2025-05-06 18:46:11.917732
1499,3387,ios,2025-03-06 17:30:25.159821
1500,1843,android,2025-04-27 17:44:53.108695
1501,4680,ios,2025-05-21 11:55:55.039293
1502,3254,android,2025-06-05 06:09:18.524904
1503,4538,android,2025-03-26 14:49:57.257335
1504,4109,android,2025-04-05 03:20:02.627280
1505,1029,ios,2025-05-14 14:13:09.081723
1506,4983,android,2025-06-02 06:42:27.541200
1507,3714,android,2025-08-12 21:21:03.113603
1508,949,ios,2025-04-06 07:45:16.068147
1509,3966,ios,2025-08-01 13:10:33.158463
1510,2146,ios,2025-08-30 08:26:53.512967
1511,4322,ios,2025-03-24 09:04:06.095982
1512,867,ios,2025-01-07 15:07:22.766644
1513,1298,ios,2025-05-27 20:41:34.682206
1514,1739,android,2025-08-08 14:04:23.479731
1515,2255,android,2025-01-13 23:21:52.212573
1516,3157,android,2025-02-17 21:46:40.392283
1517,1108,android,2025-06-14 07:18:33.506208
1518,3528,android,2025-07-16 17:53:44.381296
1519,122,android,2025-01-22 01:17:08.832819
1520,1656,android,2025-03-30 09:19:09.124861
1521,3296,ios,2025-02-28 00:19:23.266843
1522,1325,ios,2025-08-23 11:09:33.895429
1523,2158,ios,2025-06-15 20:09:29.547888
1524,3031,web,2025-04-26 13:55:25.451510
1525,1241,android,2025-07-29 13:14:18.786794
1526,4822,android,2025-05-11 15:38:48.022669
1527,4236,android,2025-08-10 10:54:01.973403
1528,4856,android,2025-02-28 00:43:49.778572
1529,2479,android,2025-01-07 15:26:15.133050
1530,1718,ios,2025-04-15 04:24:10.113581
1531,4974,android,2025-02-19 15:20:41.577267
1532,3643,android,2025-07-23 01:59:00.963949
1533,3967,android,2025-05-10 12:00:37.524663
1534,914,android,2025-03-12 03:29:10.575122
1535,4347,ios,2025-07-07 23:28:58.624258
1536,2641,ios,2025-05-09 00:47:43.993859
1537,3867,ios,2025-05-03 04:17:55.188509
1538,4126,ios,2025-02-13 22:21:57.620073
1539,530,android,2025-08-30 20:05:42.892296
1540,496,android,2025-06-10 03:23:36.206224
1541,326,ios,2025-07-27 17:19:50.352367
1542,3215,android,2025-07-04 14:45:32.449929
1543,4576,android,2025-05-03 05:06:37.039312
1544,151,android,2025-01-03 08:45:16.613232
1545,691,ios,2025-06-12 00:01:14.221017
1546,2430,android,2025-01-25 11:32:27.000332
1547,1957,web,2025-08-22 15:15:50.703841
1548,516,android,2025-03-02 13:42:47.764332
1549,3050,android,2025-03-31 06:17:08.972735
1550,4528,android,2025-05-15 00:41:40.742088
1551,1060,android,2025-05-03 03:14:51.243855
1552,15,android,2025-06-09 04:49:22.072163
1553,1127,ios,2025-07-10 09:03:59.453767
1554,924,android,2025-07-04 02:34:46.552865
1555,2332,android,2025-08-09 15:57:18.803610
1556,537,android,2025-04-25 04:33:10.407901
1557,1805,android,2025-05-10 19:17:41.500196
1558,598,web,2025-08-01 09:37:05.730907
1559,3383,android,2025-03-10 14:33:18.367596
1560,2346,ios,2025-03-01 18:12:23.450393
1561,376,android,2025-01-03 05:12:29.859039
1562,219,android,2025-06-29 10:49:06.280185
1563,2444,ios,2025-06-17 01:59:58.435538
1564,2959,android,2025-03-09 05:49:58.450863
1565,872,ios,2025-02-01 13:40:01.306854
1566,1618,android,2025-01-11 08:02:25.265734
1567,3034,android,2025-04-29 13:12:58.903758
1568,2356,web,2025-02-17 00:23:19.344074
1569,582,android,2025-07-12 19:05:31.264324
1570,1957,web,2025-08-19 20:35:48.148188
1571,989,web,2025-07-08 18:38:39.153573
1572,4634,android,2025-07-26 22:30:15.603692
1573,4020,android,2025-08-29 18:18:02.681989
1574,1561,ios,2025-06-30 00:24:23.517877
1575,1176,android,2025-05-18 20:37:53.858955
1576,674,ios,2025-07-16 19:59:07.768741
1577,3686,android,2025-05-18 00:22:58.498547
1578,4592,android,2025-04-16 02:25:40.761826
1579,1366,android,2025-01-08 21:34:08.563031
1580,3199,ios,2025-06-06 05:51:41.947174
1581,1176,ios,2025-08-07 02:19:30.605844
1582,4586,ios,2025-06-18 10:27:33.996487
1583,1496,android,2025-04-09 04:58:51.887583
1584,481,android,2025-05-30 21:45:26.094353
1585,4405,android,2025-07-17 13:09:37.452033
1586,4728,android,2025-07-05 17:02:54.475856
1587,1986,android,2025-04-30 08:33:09.709288
1588,4537,ios,2025-03-29 21:17:59.794997
1589,1219,android,2025-04-07 10:30:34.325282
1590,1355,android,2025-08-09 14:55:34.097345
1591,2684,ios,2025-02-11 06:35:11.927342
1592,3003,android,2025-07-29 16:53:49.134568
1593,1929,web,2025-02-17 10:53:40.663139
1594,3999,android,2025-08-27 08:32:56.475724
1595,3951,android,2025-04-19 22:44:09.600152
1596,605,ios,2025-06-28 05:21:59.105068
1597,4953,ios,2025-06-27 05:42:42.169376
1598,796,ios,2025-07-07 17:24:03.964958
1599,2633,android,2025-07-11 19:45:23.923849
1600,2116,android,2025-01-10 11:53:01.817215
1601,2259,ios,2025-03-08 10:05:09.624877
1602,643,android,2025-02-25 19:39:56.634256
1603,1716,ios,2025-06-19 18:11:44.542953
1604,152,android,2025-06-16 01:06:26.631768
1605,4867,android,2025-03-14 04:17:57.406922
1606,720,android,2025-07-12 19:56:11.600298
1607,2417,ios,2025-03-17 17:22:16.293198
1608,1081,android,2025-03-25 07:59:53.541288
1609,890,web,2025-04-07 22:05:53.570600
1610,1952,android,2025-06-30 22:26:49.865809
1611,4847,android,2025-01-03 20:41:20.026002
1612,2391,android,2025-08-09 06:30:19.243130
1613,4805,ios,2025-06-18 04:03:51.796238
1614,4136,ios,2025-05-23 13:02:30.303477
1615,2179,android,2025-02-27 16:07:05.313272
1616,4506,android,2025-07-10 21:06:49.214058
1617,1741,ios,2025-08-01 02:06:01.700448
1618,2508,android,2025-05-02 21:01:13.697639
1619,3403,ios,2025-03-13 01:37:53.497358
1620,2948,ios,2025-04-03 11:23:14.030246
1621,4145,android,2025-04-12 03:34:33.259865
1622,815,ios,2025-03-16 08:05:54.605342
1623,2493,ios,2025-06-23 01:29:00.349733
1624,3324,android,2025-03-25 03:33:38.029638
1625,1655,android,2025-07-19 13:20:19.548662
1626,4335,android,2025-04-23 16:14:46.121439
1627,1507,ios,2025-06-02 20:05:44.777778
1628,1506,ios,2025-08-19 08:27:28.511232
1629,1633,android,2025-04-19 09:23:06.040131
1630,3383,android,2025-02-11 09:27:32.693415
1631,591,android,2025-05-14 15:08:49.090695
1632,715,android,2025-05-01 16:36:42.009868
1633,3894,android,2025-07-10 04:01:32.914630
1634,1037,android,2025-07-29 00:40:59.771783
1635,525,android,2025-06-23 03:59:54.588746
1636,1319,ios,2025-08-25 01:31:25.865686
1637,1992,ios,2025-03-07 09:56:36.122657
1638,166,android,2025-02-28 02:59:18.623234
1639,4175,ios,2025-03-12 18:47:04.842665
1640,588,android,2025-06-13 00:43:52.720766
1641,2021,android,2025-02-26 12:10:45.124929
1642,1011,web,2025-01-22 11:39:01.502840
1643,1474,android,2025-08-26 14:04:32.788944
1644,227,android,2025-03-18 10:48:35.891342
1645,4742,android,2025-02-24 01:00:20.701050
1646,4687,ios,2025-03-29 04:13:27.051734
1647,633,android,2025-02-08 11:56:07.563519
1648,987,web,2025-01-09 16:35:52.410151
1649,4425,android,2025-03-16 04:59:49.077969
1650,2075,android,2025-03-24 02:24:59.909017
1651,311,android,2025-07-17 01:50:48.118776
1652,680,ios,2025-04-16 20:38:01.025804
1653,2068,android,2025-06-29 00:44:21.389419
1654,2790,web,2025-06-28 18:40:33.376429
1655,3159,web,2025-07-11 17:24:06.485718
1656,767,android,2025-08-12 04:44:37.729911
1657,1851,android,2025-05-02 04:01:04.592063
1658,1306,android,2025-01-26 06:15:20.285008
1659,2674,ios,2025-01-10 09:28:56.216308
1660,1608,ios,2025-02-15 10:03:23.121297
1661,1021,android,2025-07-21 11:57:44.367869
1662,4077,web,2025-05-20 13:36:22.602066
1663,2846,android,2025-02-04 01:10:10.563055
1664,2370,ios,2025-02-02 05:32:04.342894
1665,673,ios,2025-08-05 15:14:42.482536
1666,355,android,2025-05-07 08:49:01.408422
1667,3981,android,2025-02-11 18:30:25.698307
1668,4844,android,2025-08-06 21:49:55.523688
1669,2919,web,2025-06-25 03:16:51.170015
1670,196,android,2025-04-27 02:20:49.626932
1671,2410,ios,2025-04-24 00:15:41.856944
1672,1401,android,2025-06-13 10:54:18.912508
1673,274,android,2025-03-24 05:01:09.219997
1674,713,web,2025-08-31 23:28:33.868785
1675,2499,android,2025-07-10 15:31:20.207542
1676,2135,ios,2025-06-05 18:04:40.348897
1677,2818,android,2025-06-17 01:13:21.478615
1678,3468,android,2025-08-31 01:09:40.152856
1679,1329,android,2025-01-03 14:52:42.782133
1680,1432,android,2025-01-06 13:06:48.490860
1681,3388,ios,2025-07-10 18:16:57.138051
1682,986,android,2025-02-20 21:10:26.084092
1683,384,android,2025-06-16 11:53:29.071612
1684,4268,android,2025-05-03 07:28:53.230425
1685,1044,ios,2025-03-19 10:29:03.020264
1686,605,ios,2025-02-26 05:10:29.884169
1687,3688,ios,2025-07-08 17:58:55.387869
1688,2660,web,2025-02-11 13:09:59.496305
1689,737,android,2025-02-08 13:39:39.375618
1690,4253,android,2025-04-18 09:21:03.532820
1691,1228,android,2025-01-29 23:37:20.196399
1692,3381,android,2025-06-05 21:17:49.658025
1693,3255,ios,2025-08-30 01:10:24.911039
1694,4149,ios,2025-07-01 17:49:49.125731
1695,3645,android,2025-05-27 14:03:58.515137
1696,3516,web,2025-04-06 21:31:54.105518
1697,258,android,2025-08-29 01:57:20.473033
1698,4691,ios,2025-08-02 19:49:44.540830
1699,633,android,2025-07-19 09:41:07.857446
1700,1268,ios,2025-02-25 21:23:56.241140
1701,2231,android,2025-01-31 00:43:21.379419
1702,1443,web,2025-02-13 05:45:08.389760
1703,2964,web,2025-03-04 20:40:29.275086
1704,265,android,2025-01-20 20:28:03.214853
1705,2269,android,2025-08-04 21:16:44.485345
1706,1748,ios,2025-02-15 00:05:33.748854
1707,3236,ios,2025-02-25 01:35:13.626233
1708,2599,android,2025-08-04 19:44:22.310577
1709,3780,ios,2025-08-21 19:53:28.132166
1710,823,ios,2025-02-23 21:25:39.089993
1711,4748,ios,2025-03-13 11:40:53.869157
1712,1961,android,2025-07-14 10:12:00.348050
1713,1750,web,2025-08-24 18:34:44.372188
1714,2742,android,2025-06-07 20:54:39.597763
1715,816,android,2025-04-18 13:09:13.960221
1716,4073,web,2025-06-13 22:08:52.405254
1717,1321,android,2025-07-09 14:36:48.366305
1718,4638,android,2025-01-28 09:00:33.229016
1719,741,ios,2025-04-16 18:39:36.023996
1720,4321,ios,2025-07-28 07:47:08.285046
1721,1972,android,2025-06-21 10:02:12.118005
1722,3037,android,2025-02-07 08:48:42.372580
1723,4363,android,2025-07-03 12:24:12.014039
1724,646,android,2025-06-12 04:30:59.678888
1725,1736,android,2025-03-06 07:25:53.828063
1726,4742,android,2025-03-25 14:13:29.314620
1727,745,web,2025-03-18 09:37:07.242231
1728,515,ios,2025-08-30 08:37:31.690394
1729,2614,ios,2025-02-14 15:27:47.008736
1730,124,web,2025-07-21 13:09:00.122738
1731,4960,web,2025-05-09 22:39:56.763143
1732,4519,ios,2025-08-02 23:12:08.876880
1733,941,android,2025-08-27 14:12:50.906627
1734,864,ios,2025-08-22 13:02:11.752783
1735,3890,android,2025-07-27 14:00:13.641422
1736,2604,android,2025-04-11 11:57:11.339637
1737,4117,android,2025-03-07 22:03:28.621280
1738,4839,android,2025-03-19 15:18:31.659018
1739,2007,android,2025-06-08 17:06:03.596616
1740,1270,ios,2025-03-25 01:43:50.750540
1741,3098,android,2025-04-16 16:16:14.055604
1742,3176,android,2025-01-20 09:01:21.523971
1743,2162,android,2025-07-07 08:32:23.219659
1744,1496,ios,2025-01-28 02:05:21.484579
1745,1312,android,2025-03-23 21:32:19.871696
1746,2608,android,2025-05-24 11:24:39.333702
1747,2131,ios,2025-05-10 01:48:42.233277
1748,2288,ios,2025-08-06 00:44:14.784184
1749,477,android,2025-06-10 01:28:09.175000
1750,4404,ios,2025-07-11 17:42:32.935182
1751,3535,android,2025-03-15 17:41:47.893252
1752,4595,web,2025-02-02 03:19:29.237340
1753,4146,ios,2025-06-30 15:06:01.997134
1754,3095,ios,2025-02-07 07:40:21.359311
1755,1537,android,2025-07-22 16:51:26.280386
1756,3270,ios,2025-08-18 03:40:39.823396
1757,2833,android,2025-03-10 18:02:06.992540
1758,4619,android,2025-07-04 22:10:52.957839
1759,1161,ios,2025-04-17 06:33:25.465460
1760,129,ios,2025-03-14 15:45:09.073293
1761,638,android,2025-04-15 18:25:40.512987
1762,876,ios,2025-06-07 03:56:48.475626
1763,3319,android,2025-08-29 02:24:51.009810
1764,734,ios,2025-03-14 21:51:18.197267
1765,671,android,2025-06-21 13:03:38.564580
1766,1986,android,2025-03-23 08:57:44.789880
1767,3910,ios,2025-03-03 02:07:48.880493
1768,2123,android,2025-06-03 12:54:12.134607
1769,1359,web,2025-07-04 23:49:54.923555
1770,1423,android,2025-06-24 07:47:43.213156
1771,4093,ios,2025-08-18 01:09:34.839202
1772,2167,android,2025-01-27 02:10:37.214311
1773,1843,ios,2025-05-12 09:09:01.759823
1774,3868,web,2025-03-12 16:12:03.610276
1775,1845,ios,2025-07-18 12:29:37.257076
1776,1784,android,2025-01-16 01:44:19.859208
1777,3753,ios,2025-02-12 17:17:08.634638
1778,1638,ios,2025-07-07 14:28:14.059593
1779,2552,android,2025-03-28 04:16:05.451337
1780,3324,ios,2025-06-15 16:15:29.728465
1781,1005,ios,2025-08-31 15:17:06.404585
1782,642,ios,2025-04-22 17:50:23.888726
1783,4253,android,2025-05-10 12:21:50.723377
1784,1486,android,2025-08-26 00:06:47.752734
1785,1701,web,2025-07-01 08:58:00.577276
1786,2949,ios,2025-02-17 19:29:12.513366
1787,514,android,2025-07-15 10:40:43.891232
1788,228,web,2025-05-06 08:29:10.524850
1789,2081,android,2025-07-11 07:56:18.296960
1790,4842,android,2025-05-26 10:45:29.970193
1791,2870,ios,2025-02-25 05:47:49.318912
1792,2893,ios,2025-07-17 21:48:41.857772
1793,3050,web,2025-01-01 11:49:07.480970
1794,4305,ios,2025-08-04 18:59:32.082506
1795,4179,android,2025-07-18 22:07:44.415987
1796,122,android,2025-08-24 17:51:23.155262
1797,2708,android,2025-01-09 15:15:21.973728
1798,2734,web,2025-04-17 08:17:03.914897
1799,1119,android,2025-02-11 02:22:30.558806
1800,4876,android,2025-04-01 21:06:25.102096
1801,1309,android,2025-03-29 10:18:12.607662
1802,4170,android,2025-05-26 04:58:34.016681
1803,505,android,2025-04-17 07:05:30.205449
1804,3009,ios,2025-08-23 15:13:22.733219
1805,3680,android,2025-03-09 11:58:35.873908
1806,2521,web,2025-04-12 18:09:09.652126
1807,530,web,2025-06-20 06:13:07.663700
1808,620,android,2025-03-09 04:48:02.961065
1809,3030,ios,2025-06-25 21:15:58.687840
1810,4314,android,2025-06-22 05:12:40.534449
1811,2985,android,2025-06-23 01:46:23.927238
1812,505,android,2025-06-14 01:02:44.573196
1813,3928,ios,2025-07-18 15:25:43.646492
1814,2296,ios,2025-08-30 18:26:29.956053
1815,374,android,2025-01-14 10:43:19.945603
1816,1840,ios,2025-05-01 19:21:33.175510
1817,1015,ios,2025-07-17 13:53:16.741947
1818,4933,ios,2025-01-01 00:16:31.179806
1819,4548,android,2025-05-13 11:20:01.399024
1820,531,ios,2025-06-10 07:56:35.496261
1821,2862,ios,2025-02-16 14:14:35.779891
1822,36,android,2025-04-08 09:35:06.631257
1823,2289,ios,2025-07-11 20:04:45.698935
1824,780,android,2025-01-17 04:53:37.064743
1825,3739,ios,2025-02-02 18:32:34.035487
1826,361,ios,2025-07-18 18:58:52.171046
1827,4513,android,2025-07-16 15:17:11.405008
1828,1156,android,2025-05-24 11:13:56.702267
1829,1316,ios,2025-04-12 03:12:02.000654
1830,4429,ios,2025-01-26 16:09:39.518248
1831,4508,ios,2025-07-17 04:18:08.271766
1832,480,ios,2025-02-28 17:51:32.206214
1833,544,android,2025-08-10 21:43:44.693052
1834,4268,android,2025-07-08 12:41:13.676698
1835,4889,ios,2025-01-20 16:01:04.102636
1836,2444,android,2025-06-04 10:11:44.837404
1837,825,ios,2025-08-12 17:05:27.063752
1838,764,android,2025-08-02 15:18:32.231278
1839,1332,android,2025-05-30 01:04:26.369712
1840,3427,ios,2025-02-11 18:51:53.886798
1841,483,ios,2025-06-15 07:10:13.129007
1842,3208,ios,2025-06-11 20:56:25.740106
1843,4019,android,2025-05-24 01:30:03.155828
1844,719,ios,2025-03-06 13:48:44.350324
1845,4922,android,2025-08-07 18:31:51.854256
1846,4938,ios,2025-05-03 03:01:42.585809
1847,1485,ios,2025-03-14 04:46:33.564067
1848,561,android,2025-03-04 00:27:18.486873
1849,1629,ios,2025-03-10 06:53:45.558177
1850,1292,ios,2025-04-23 01:06:03.787730
1851,1395,android,2025-02-26 02:19:33.337623
1852,4625,ios,2025-05-06 17:33:42.278058
1853,775,android,2025-02-16 15:52:51.575205
1854,1586,web,2025-03-07 20:11:30.227988
1855,3938,android,2025-01-30 01:53:20.134951
1856,288,android,2025-03-28 20:19:32.362402
1857,304,ios,2025-04-09 15:36:54.439473
1858,1510,android,2025-04-09 02:28:51.686996
1859,4839,web,2025-06-26 03:32:38.025904
1860,4198,android,2025-04-28 10:57:44.525227
1861,4637,android,2025-06-18 09:36:25.007355
1862,4320,android,2025-01-09 01:16:23.037396
1863,593,android,2025-04-17 02:11:05.988845
1864,2005,android,2025-01-22 19:42:02.708401
1865,2648,android,2025-04-23 06:58:44.002220
1866,833,android,2025-05-30 11:50:36.754707
1867,4965,android,2025-07-13 14:35:02.682471
1868,3016,android,2025-05-14 16:52:40.317992
1869,4264,android,2025-04-03 05:15:26.130178
1870,1294,android,2025-03-06 06:20:41.720044
1871,3576,android,2025-08-21 15:48:23.562717
1872,530,android,2025-02-18 04:24:03.049090
1873,113,android,2025-01-11 07:22:19.931804
1874,3204,android,2025-01-31 14:07:43.018397
1875,342,android,2025-08-31 09:26:59.060562
1876,1381,web,2025-08-09 04:29:31.248892
1877,3971,android,2025-03-19 19:44:38.084081
1878,2489,android,2025-01-01 22:26:54.243548
1879,1883,ios,2025-07-06 10:20:43.975290
1880,1453,android,2025-03-15 00:43:38.829256
1881,3343,android,2025-01-06 09:10:29.681803
1882,4773,ios,2025-04-21 22:55:04.691832
1883,3696,ios,2025-04-14 01:40:39.123047
1884,1795,web,2025-03-29 21:46:33.829519
1885,2111,web,2025-06-08 18:26:19.190128
1886,516,ios,2025-06-26 10:06:56.467728
1887,717,ios,2025-05-16 21:09:35.124684
1888,1341,android,2025-01-04 09:34:15.106490
1889,1934,ios,2025-01-06 10:43:48.110570
1890,4951,ios,2025-08-03 06:19:46.792912
1891,4356,android,2025-02-15 07:20:00.715066
1892,566,android,2025-04-07 17:30:41.088366
1893,1656,ios,2025-01-26 03:46:16.140432
1894,282,android,2025-02-25 17:16:59.831664
1895,314,ios,2025-04-28 22:34:57.136114
1896,1874,android,2025-02-27 05:42:27.312932
1897,4796,ios,2025-06-10 03:46:12.078860
1898,926,android,2025-03-31 06:08:33.369169
1899,3404,ios,2025-07-11 14:20:17.461060
1900,1964,android,2025-05-27 06:34:30.138375
1901,2705,android,2025-03-03 17:07:27.163412
1902,4347,android,2025-07-16 10:29:22.048988
1903,4146,android,2025-08-15 11:55:54.458066
1904,4142,android,2025-01-30 04:05:54.066703
1905,2056,ios,2025-06-12 17:28:38.694433
1906,243,android,2025-06-03 06:47:57.469856
1907,4926,ios,2025-06-12 17:45:52.806545
1908,4970,ios,2025-01-08 13:52:31.068826
1909,4288,android,2025-01-07 20:01:48.085122
1910,2387,ios,2025-03-13 15:20:26.406016
1911,1403,ios,2025-01-20 11:55:09.468951
1912,873,ios,2025-03-30 22:58:00.354362
1913,1856,ios,2025-07-31 23:57:27.098049
1914,1673,ios,2025-03-28 03:04:20.611321
1915,1379,web,2025-04-06 11:04:45.540596
1916,4752,android,2025-03-07 00:11:18.612953
1917,3297,android,2025-04-13 10:47:23.720824
1918,1116,ios,2025-07-13 19:05:26.699005
1919,3197,android,2025-07-21 21:45:29.744554
1920,3526,ios,2025-04-13 07:36:57.218348
1921,2613,android,2025-04-07 10:29:26.870502
1922,4734,android,2025-02-17 09:37:18.578356
1923,4830,ios,2025-08-26 01:42:31.739921
1924,2161,android,2025-03-17 13:43:28.897254
1925,2362,android,2025-03-25 06:17:30.704750
1926,1086,ios,2025-04-15 10:55:22.031608
1927,3919,ios,2025-01-20 13:05:17.633217
1928,4656,ios,2025-03-21 20:01:53.182759
1929,3291,android,2025-08-15 03:10:11.985169
1930,1006,ios,2025-01-19 02:05:10.037060
1931,2591,ios,2025-02-28 10:30:36.050526
1932,3973,ios,2025-02-22 21:55:25.813792
1933,211,android,2025-02-27 02:55:31.752295
1934,2952,android,2025-08-20 23:19:09.004867
1935,3288,android,2025-06-22 04:17:44.139014
1936,2684,ios,2025-08-12 12:13:31.609753
1937,3213,android,2025-07-28 09:35:05.762051
1938,4480,android,2025-06-01 19:31:09.169809
1939,625,ios,2025-05-17 00:48:14.583390
1940,2854,android,2025-05-04 17:04:14.285154
1941,3980,android,2025-06-17 13:21:25.928729
1942,4110,android,2025-06-20 13:02:32.027947
1943,2335,ios,2025-05-26 16:02:10.161237
1944,4987,ios,2025-04-20 02:13:34.778090
1945,1621,ios,2025-06-14 02:43:12.629305
1946,2204,web,2025-02-08 01:46:55.463491
1947,4120,ios,2025-05-15 00:32:40.043270
1948,2197,android,2025-05-07 04:33:24.381580
1949,1717,ios,2025-05-10 22:13:25.583445
1950,2779,web,2025-05-05 03:05:41.341482
1951,3110,android,2025-07-02 07:32:09.224600
1952,4850,ios,2025-07-04 01:41:54.758891
1953,3090,android,2025-03-22 02:07:35.845327
1954,927,ios,2025-03-27 05:35:25.645343
1955,265,ios,2025-01-05 00:08:47.706093
1956,4837,web,2025-01-28 12:44:34.278224
1957,2115,ios,2025-03-05 17:52:47.445817
1958,1008,android,2025-07-06 01:37:21.700175
1959,1114,android,2025-07-13 21:17:26.410759
1960,531,web,2025-03-02 06:25:27.308961
1961,998,android,2025-07-31 08:24:45.646443
1962,3902,android,2025-04-02 07:04:14.000099
1963,3275,ios,2025-07-13 22:14:20.328857
1964,3000,android,2025-04-24 10:41:28.218049
1965,58,android,2025-06-23 03:53:11.242757
1966,3362,android,2025-03-28 14:01:04.154821
1967,4846,android,2025-01-18 03:46:38.825358
1968,4617,ios,2025-03-03 17:37:42.808869
1969,1977,android,2025-06-19 09:25:24.679263
1970,3002,android,2025-08-12 01:31:30.706935
1971,1495,ios,2025-06-02 16:11:47.041528
1972,4444,android,2025-07-06 20:32:12.462993
1973,4600,ios,2025-01-04 10:22:03.799695
1974,1116,android,2025-07-04 16:41:15.518625
1975,2434,android,2025-07-23 00:51:16.950546
1976,1182,ios,2025-04-11 06:34:55.582694
1977,3072,ios,2025-05-01 00:22:27.545756
1978,1465,web,2025-01-13 17:26:23.378202
1979,3480,android,2025-02-12 10:28:30.531489
1980,4908,android,2025-01-14 17:22:29.318285
1981,4358,android,2025-06-27 17:20:24.457794
1982,912,android,2025-07-14 08:48:25.579081
1983,649,android,2025-01-27 09:44:42.299157
1984,4074,ios,2025-08-12 22:44:52.822448
1985,409,ios,2025-07-24 00:07:10.160775
1986,2002,android,2025-05-21 00:53:38.258252
1987,4969,android,2025-08-26 17:22:34.424222
1988,2241,android,2025-08-03 10:33:04.630025
1989,45,android,2025-02-24 02:26:48.769769
1990,4877,ios,2025-08-20 19:56:10.054470
1991,3541,ios,2025-04-18 15:20:21.278787
1992,1654,android,2025-02-07 15:10:40.794252
1993,3056,android,2025-02-18 14:55:24.454685
1994,3062,android,2025-06-16 06:13:20.953484
1995,2763,android,2025-08-28 23:26:26.395819
1996,4805,web,2025-04-19 04:49:28.278810
1997,3930,ios,2025-05-20 06:31:18.322278
1998,1296,ios,2025-03-14 22:59:50.216390
1999,4963,ios,2025-07-25 10:42:29.680549
2000,4813,android,2025-01-28 23:35:22.334567
2001,235,ios,2025-05-22 11:39:59.628316
2002,1487,ios,2025-05-23 10:50:16.312574
2003,3073,android,2025-01-01 06:38:49.029149
2004,4392,android,2025-08-17 13:21:35.424352
2005,3584,ios,2025-08-25 18:21:53.249467
2006,2871,ios,2025-04-24 14:18:18.366182
2007,1530,android,2025-06-26 07:56:30.155909
2008,484,ios,2025-07-26 05:41:16.957956
2009,4465,web,2025-01-29 08:37:24.399760
2010,2664,web,2025-01-21 13:29:50.691864
2011,2285,android,2025-06-17 12:03:17.530994
2012,4900,android,2025-05-16 22:57:32.994286
2013,823,ios,2025-06-15 02:13:26.089547
2014,1270,android,2025-05-19 23:53:01.078920
2015,4273,android,2025-06-26 12:19:00.545999
2016,1422,ios,2025-02-07 15:25:50.860382
2017,4715,android,2025-02-22 09:29:05.953894
2018,4290,android,2025-02-27 14:19:08.775445
2019,498,web,2025-04-12 05:08:42.776161
2020,2289,android,2025-07-04 13:45:21.225495
2021,3759,web,2025-07-22 00:42:22.333552
2022,2448,android,2025-04-08 12:21:42.478085
2023,1076,android,2025-05-27 07:09:15.534590
2024,226,android,2025-03-13 17:28:49.553427
2025,34,android,2025-04-26 14:43:51.284971
2026,892,android,2025-08-17 15:23:24.733339
2027,1304,ios,2025-03-07 10:28:31.464742
2028,1510,web,2025-07-11 11:17:14.922640
2029,4275,android,2025-01-11 06:04:35.977791
2030,2544,android,2025-03-25 21:27:24.961429
2031,706,ios,2025-06-10 02:00:44.575161
2032,417,android,2025-07-08 13:38:15.325674
2033,654,android,2025-05-24 21:37:26.965717
2034,1568,android,2025-07-31 05:18:12.567195
2035,3696,android,2025-07-19 10:49:22.571588
2036,248,android,2025-05-31 01:17:21.681042
2037,2032,android,2025-03-26 14:15:11.973020
2038,2238,ios,2025-03-30 09:09:35.068541
2039,743,android,2025-05-30 11:14:42.773330
2040,294,android,2025-06-09 13:00:34.139360
2041,1151,android,2025-04-06 21:13:47.994471
2042,760,android,2025-04-07 14:19:17.178258
2043,3974,ios,2025-02-12 22:58:45.633004
2044,4584,ios,2025-01-01 01:40:36.598407
2045,3117,ios,2025-04-23 03:25:06.823344
2046,3793,android,2025-07-21 21:27:58.240282
2047,3805,android,2025-07-06 06:28:06.880665
2048,4389,android,2025-08-30 12:39:36.186278
2049,489,android,2025-06-12 15:58:28.218734
2050,4986,ios,2025-02-26 20:10:49.924483
2051,2291,android,2025-06-14 14:17:53.564087
2052,2715,android,2025-07-21 07:41:17.946332
2053,3986,android,2025-06-05 18:17:40.431658
2054,2469,android,2025-04-28 01:24:56.356507
2055,1329,android,2025-05-31 07:09:53.174327
2056,96,ios,2025-01-07 06:28:50.967070
2057,846,web,2025-03-06 10:08:10.110418
2058,422,android,2025-02-08 07:55:26.056921
2059,1909,android,2025-04-11 11:02:19.750711
2060,3895,android,2025-08-06 00:11:20.734644
2061,1667,android,2025-02-15 16:07:16.830962
2062,2987,ios,2025-01-18 05:58:56.088328
2063,928,android,2025-07-08 19:00:31.509001
2064,2952,web,2025-07-30 21:36:37.477458
2065,4770,ios,2025-05-10 03:05:40.504546
2066,1577,android,2025-04-02 12:08:10.488657
2067,2416,web,2025-04-15 14:52:47.846199
2068,4815,ios,2025-06-10 03:14:22.828655
2069,3041,web,2025-07-21 23:51:31.126077
2070,1996,android,2025-02-16 00:48:59.704402
2071,606,web,2025-08-08 05:58:14.216556
2072,4687,android,2025-06-09 17:53:56.124872
2073,3051,android,2025-06-29 09:42:37.694264
2074,285,web,2025-01-22 02:52:20.450211
2075,2777,android,2025-08-12 03:47:10.504840
2076,4843,android,2025-05-09 08:25:50.995208
2077,4660,android,2025-03-29 23:48:31.231576
2078,979,android,2025-04-07 22:36:09.376622
2079,2062,android,2025-03-13 04:58:28.089183
2080,4933,android,2025-02-09 14:27:18.688981
2081,3911,android,2025-01-09 10:07:50.169272
2082,2801,ios,2025-03-06 06:01:42.307096
2083,1521,android,2025-05-01 16:14:22.151510
2084,3815,ios,2025-06-12 00:32:52.542700
2085,2895,ios,2025-06-28 04:52:36.526853
2086,2620,ios,2025-05-25 17:33:46.795089
2087,4635,ios,2025-01-29 04:52:28.191586
2088,1887,web,2025-04-15 20:47:28.579696
2089,3126,android,2025-06-12 04:18:34.079719
2090,218,ios,2025-06-30 14:12:02.395561
2091,3556,web,2025-03-20 20:31:25.762082
2092,2737,ios,2025-08-14 14:40:11.799378
2093,4380,android,2025-07-13 06:39:54.368198
2094,1665,ios,2025-07-26 23:17:41.239089
2095,4628,ios,2025-06-11 23:17:25.398617
2096,2879,android,2025-04-11 13:03:03.949602
2097,1042,ios,2025-08-16 00:04:14.726750
2098,802,ios,2025-08-08 01:13:42.350491
2099,980,android,2025-07-21 07:40:06.570587
2100,1510,android,2025-08-05 13:03:12.291323
2101,2753,android,2025-08-11 17:40:27.094008
2102,4342,ios,2025-07-01 08:45:20.065383
2103,4978,android,2025-02-18 16:21:38.392619
2104,3392,ios,2025-05-11 20:48:27.688317
2105,2451,android,2025-05-30 16:28:36.573542
2106,3067,ios,2025-07-07 22:18:50.318359
2107,1655,ios,2025-05-01 07:41:55.115981
2108,1225,ios,2025-05-05 15:03:52.177035
2109,2687,android,2025-08-30 22:08:06.583713
2110,4138,android,2025-04-20 21:15:39.506217
2111,322,ios,2025-02-01 14:13:02.590584
2112,555,android,2025-06-22 10:52:33.408482
2113,887,android,2025-03-30 02:20:34.660829
2114,1050,android,2025-03-02 09:28:44.899296
2115,745,android,2025-06-02 17:11:24.693759
2116,651,ios,2025-08-20 21:52:20.150428
2117,140,android,2025-03-18 00:18:04.474931
2118,1742,android,2025-04-01 11:05:09.286702
2119,3612,android,2025-04-24 02:44:16.436147
2120,785,android,2025-06-17 04:23:01.205972
2121,1628,android,2025-04-07 05:10:25.349869
2122,4867,ios,2025-04-14 07:07:24.719100
2123,843,ios,2025-06-20 07:40:49.008493
2124,4937,web,2025-08-28 09:18:28.180149
2125,2562,android,2025-03-18 21:51:06.240602
2126,3621,android,2025-05-23 05:37:47.420261
2127,1618,android,2025-07-13 00:57:54.819244
2128,1623,ios,2025-02-21 13:07:48.523032
2129,1966,ios,2025-07-18 20:26:14.098180
2130,640,ios,2025-03-28 05:57:19.600662
2131,1578,android,2025-01-27 23:29:08.617939
2132,4472,ios,2025-01-07 01:13:58.014980
2133,20,web,2025-01-09 00:57:44.925803
2134,2861,android,2025-07-13 19:51:01.327959
2135,3442,ios,2025-06-14 00:14:31.425885
2136,707,ios,2025-07-12 19:38:03.924998
2137,554,android,2025-07-02 23:11:30.011473
2138,2763,web,2025-04-03 13:50:53.395160
2139,1096,ios,2025-08-15 17:21:50.975026
2140,4891,ios,2025-08-02 08:10:42.972355
2141,952,android,2025-03-26 15:35:12.147163
2142,655,android,2025-07-07 19:47:31.100176
2143,1657,ios,2025-07-19 04:14:47.507970
2144,1660,android,2025-04-29 16:43:27.653711
2145,801,android,2025-01-30 06:16:59.237196
2146,3325,android,2025-03-23 04:13:09.742837
2147,1735,android,2025-08-29 06:44:50.571164
2148,2636,ios,2025-06-23 23:20:06.391063
2149,1217,android,2025-07-08 06:06:49.845815
2150,483,android,2025-08-10 14:20:33.305814
2151,307,android,2025-02-19 06:30:47.127630
2152,265,android,2025-08-24 07:43:56.305898
2153,4353,android,2025-05-06 21:48:15.081287
2154,1323,android,2025-06-30 22:57:54.658388
2155,1528,android,2025-03-19 07:48:09.478175
2156,2897,android,2025-03-22 01:06:04.258412
2157,477,ios,2025-03-29 09:11:08.220574
2158,3004,android,2025-03-26 13:52:45.792292
2159,2608,ios,2025-01-16 04:31:07.115446
2160,3958,android,2025-03-17 05:26:14.666774
2161,617,ios,2025-06-07 07:31:27.717655
2162,86,ios,2025-08-08 04:18:22.355679
2163,3866,android,2025-01-11 02:59:32.107846
2164,1851,ios,2025-01-05 00:58:35.647531
2165,308,ios,2025-05-24 22:52:17.895871
2166,2782,android,2025-06-20 00:30:01.745881
2167,2324,ios,2025-05-28 19:14:49.747734
2168,4755,ios,2025-08-25 10:47:19.603505
2169,4720,android,2025-02-25 14:45:35.072535
2170,2695,web,2025-04-27 22:37:10.454847
2171,795,android,2025-08-11 13:32:25.659073
2172,3740,ios,2025-05-31 01:14:38.809108
2173,1007,ios,2025-05-21 05:46:31.080520
2174,4190,web,2025-08-15 16:19:57.113939
2175,3003,ios,2025-03-24 08:28:52.291571
2176,1773,ios,2025-02-08 04:38:58.035452
2177,4900,android,2025-02-01 09:40:28.377507
2178,2572,android,2025-07-19 17:09:33.205890
2179,1930,ios,2025-07-28 05:43:22.828084
2180,945,android,2025-02-26 19:58:42.578203
2181,3244,ios,2025-04-22 01:38:24.300088
2182,1350,android,2025-05-23 02:51:19.157724
2183,762,android,2025-02-03 18:50:48.721316
2184,592,android,2025-07-26 06:15:48.714981
2185,3207,android,2025-04-12 18:53:52.752468
2186,4606,android,2025-07-29 19:46:44.158460
2187,1264,android,2025-07-04 16:46:01.391323
2188,1087,web,2025-03-13 16:10:23.994992
2189,3067,ios,2025-06-24 03:03:38.986650
2190,715,ios,2025-06-29 23:47:30.337994
2191,444,android,2025-03-17 15:17:10.540689
2192,3188,android,2025-03-03 15:47:09.460673
2193,2625,ios,2025-07-20 02:13:51.085264
2194,144,android,2025-06-14 17:42:19.776072
2195,1188,android,2025-06-29 17:11:27.927569
2196,992,web,2025-03-18 01:44:17.656802
2197,3409,android,2025-06-25 11:50:07.966235
2198,3329,web,2025-06-23 13:50:09.290674
2199,3739,android,2025-03-22 23:39:33.837436
2200,497,android,2025-03-07 17:19:22.879956
2201,4241,android,2025-04-15 19:53:41.221947
2202,1047,web,2025-06-29 14:23:08.594142
2203,4962,ios,2025-02-17 01:00:07.793573
2204,4360,ios,2025-08-01 10:41:53.979017
2205,2297,android,2025-03-04 00:46:11.138810
2206,3929,ios,2025-07-24 00:44:37.471614
2207,3353,ios,2025-02-07 20:40:52.859332
2208,3869,ios,2025-06-29 16:25:05.291147
2209,93,ios,2025-05-17 10:03:18.677680
2210,420,ios,2025-06-10 17:37:43.732300
2211,4526,ios,2025-08-25 17:09:52.664538
2212,3908,android,2025-01-13 18:31:03.174254
2213,3079,ios,2025-02-06 05:42:30.624335
2214,1562,android,2025-01-20 05:13:21.241296
2215,2107,web,2025-05-07 06:31:21.888897
2216,1966,android,2025-07-15 01:58:18.643987
2217,2172,android,2025-01-14 07:44:17.451327
2218,3142,android,2025-07-09 09:29:59.180999
2219,3790,ios,2025-04-16 05:34:53.623857
2220,1919,android,2025-08-17 18:24:42.855007
2221,4168,ios,2025-04-03 23:53:01.576577
2222,453,ios,2025-08-28 06:10:30.842960
2223,4040,android,2025-05-16 05:38:01.156575
2224,3383,android,2025-08-29 13:38:24.754766
2225,2553,ios,2025-06-03 13:09:31.936060
2226,1876,ios,2025-03-26 03:49:49.054150
2227,1856,android,2025-07-15 05:28:46.024625
2228,1803,web,2025-04-29 07:57:05.272228
2229,4728,android,2025-03-17 00:58:05.672362
2230,134,ios,2025-04-27 05:39:07.473753
2231,3171,ios,2025-07-31 20:59:39.291023
2232,4946,android,2025-06-27 22:49:00.022388
2233,2719,android,2025-02-12 05:25:11.060266
2234,3196,ios,2025-07-23 18:42:09.311164
2235,2992,android,2025-04-15 20:01:59.246428
2236,2530,android,2025-01-21 03:17:20.620218
2237,3150,android,2025-02-05 18:18:27.790171
2238,4518,ios,2025-01-17 01:52:00.680718
2239,3566,android,2025-06-14 09:51:36.252726
2240,4248,android,2025-03-04 14:07:03.115996
2241,2766,web,2025-01-24 09:54:26.581938
2242,3867,ios,2025-03-30 20:35:07.555540
2243,4377,android,2025-07-30 16:08:47.308496
2244,1060,android,2025-06-02 18:44:31.288570
2245,4299,android,2025-04-29 03:40:42.333896
2246,3434,android,2025-06-28 03:59:28.539805
2247,2212,android,2025-01-19 10:37:11.530767
2248,3871,android,2025-08-03 12:19:28.581569
2249,843,android,2025-02-13 04:33:26.883947
2250,3493,ios,2025-01-06 04:41:51.524395
2251,2884,android,2025-03-30 01:17:09.139342
2252,4441,android,2025-01-15 04:51:53.538055
2253,3104,ios,2025-02-10 14:24:12.965094
2254,2629,android,2025-06-29 13:50:23.875743
2255,2617,ios,2025-04-09 08:24:11.990091
2256,2775,android,2025-01-02 16:14:02.479244
2257,4453,ios,2025-06-06 10:23:32.018629
2258,3926,android,2025-06-21 19:52:19.076346
2259,466,android,2025-08-08 04:15:03.712393
2260,2663,ios,2025-02-07 13:38:32.723823
2261,1438,android,2025-07-28 06:59:26.095974
2262,823,android,2025-06-22 05:11:05.134035
2263,4329,android,2025-05-17 23:02:53.208636
2264,4287,android,2025-03-05 14:38:33.155742
2265,4698,android,2025-04-22 06:08:19.747191
2266,1970,android,2025-02-18 04:18:49.603466
2267,2130,android,2025-06-24 09:35:37.522267
2268,3891,ios,2025-06-20 23:20:08.554243
2269,964,ios,2025-02-16 13:00:08.779141
2270,272,android,2025-03-03 09:15:38.079833
2271,2102,ios,2025-08-07 23:17:03.087151
2272,3147,android,2025-04-25 14:51:57.972822
2273,2281,android,2025-05-14 22:06:55.684170
2274,1057,ios,2025-08-21 22:42:09.936942
2275,2598,ios,2025-02-20 07:21:46.319625
2276,4714,android,2025-06-02 09:25:24.360265
2277,1372,web,2025-07-08 02:03:18.784047
2278,2001,web,2025-03-19 14:58:19.800898
2279,1564,android,2025-03-17 01:01:10.521720
2280,1468,ios,2025-08-06 22:15:00.753305
2281,3278,ios,2025-01-25 03:44:07.738959
2282,1874,web,2025-02-08 05:41:53.286195
2283,3109,ios,2025-04-10 20:41:26.434074
2284,99,android,2025-07-14 00:12:58.026713
2285,3311,ios,2025-04-21 13:30:39.642299
2286,528,android,2025-03-07 17:56:26.059413
2287,1887,ios,2025-04-13 03:09:38.341680
2288,4363,ios,2025-04-19 05:55:31.071522
2289,1683,ios,2025-06-26 16:00:39.681803
2290,3491,android,2025-07-31 02:33:01.701664
2291,1758,android,2025-03-20 01:32:10.349577
2292,4512,ios,2025-06-22 04:12:10.797424
2293,4756,android,2025-06-20 10:29:49.634166
2294,4546,android,2025-07-06 08:50:17.316331
2295,1977,android,2025-05-20 18:55:12.128577
2296,1588,ios,2025-01-04 13:43:17.911690
2297,3031,android,2025-06-09 09:01:05.887361
2298,4084,ios,2025-05-29 18:55:10.102172
2299,2615,android,2025-05-29 14:22:53.287199
2300,3691,ios,2025-03-10 08:31:59.930842
2301,4382,android,2025-01-24 18:52:04.226210
2302,3761,android,2025-02-16 00:18:15.491074
2303,1846,android,2025-02-22 12:54:29.159046
2304,1250,android,2025-02-12 04:29:26.333664
2305,2171,ios,2025-03-01 10:08:21.441886
2306,2876,ios,2025-01-17 16:36:35.546354
2307,4214,ios,2025-03-07 10:42:29.488505
2308,1504,ios,2025-08-31 11:39:59.915587
2309,805,ios,2025-05-05 06:22:31.062474
2310,1578,web,2025-03-25 16:40:26.840712
2311,2972,ios,2025-06-25 01:52:53.340273
2312,1161,android,2025-04-25 01:53:36.162704
2313,2000,android,2025-01-08 04:01:55.627904
2314,1284,ios,2025-05-14 00:22:36.463541
2315,4929,ios,2025-03-15 21:18:58.531409
2316,2563,ios,2025-05-19 19:08:40.205792
2317,3607,android,2025-02-12 02:12:26.834881
2318,2602,ios,2025-04-28 06:13:50.760698
2319,53,android,2025-02-17 01:18:34.770336
2320,1320,android,2025-03-14 14:41:29.296744
2321,4198,ios,2025-06-16 23:32:41.233308
2322,2557,ios,2025-02-25 07:40:15.212735
2323,3516,android,2025-04-12 08:44:42.624072
2324,3809,android,2025-01-18 18:32:39.165576
2325,2805,ios,2025-06-16 23:31:48.801190
2326,2888,android,2025-05-11 23:07:00.005981
2327,1181,android,2025-07-17 18:01:32.884712
2328,1247,ios,2025-05-11 00:33:36.098031
2329,747,ios,2025-08-30 14:15:16.705272
2330,1489,android,2025-02-28 14:16:52.008525
2331,3142,android,2025-06-30 07:57:54.016333
2332,4643,ios,2025-04-16 01:19:44.577807
2333,2200,android,2025-04-02 08:37:30.240209
2334,3011,android,2025-06-27 18:16:44.487849
2335,4309,android,2025-08-21 04:48:31.120431
2336,3387,android,2025-07-03 14:31:27.273460
2337,1312,ios,2025-03-22 05:16:33.130769
2338,1406,android,2025-05-04 21:41:17.183093
2339,3188,web,2025-02-22 18:21:37.308650
2340,1440,android,2025-05-31 17:13:57.876668
2341,1245,ios,2025-04-08 19:53:16.693100
2342,2960,android,2025-02-25 10:28:19.785349
2343,3182,ios,2025-01-06 03:00:45.543238
2344,1267,ios,2025-08-13 20:29:28.931195
2345,242,android,2025-01-20 03:40:59.143228
2346,3841,android,2025-03-22 00:31:56.978248
2347,1959,web,2025-02-16 06:43:32.919430
2348,3166,web,2025-05-01 01:45:00.987523
2349,864,web,2025-02-17 08:55:06.018241
2350,1573,android,2025-06-28 21:34:57.951501
2351,3030,android,2025-02-24 15:08:49.797543
2352,621,android,2025-02-15 01:34:59.853378
2353,1584,ios,2025-02-22 16:52:28.524611
2354,3595,android,2025-03-14 07:23:21.260080
2355,3858,android,2025-06-05 23:09:38.315628
2356,1765,ios,2025-02-20 22:33:09.801062
2357,573,android,2025-06-19 08:01:51.175518
2358,131,ios,2025-04-15 12:45:23.752412
2359,2782,android,2025-02-17 20:57:14.498370
2360,3468,ios,2025-02-28 07:56:22.600300
2361,2969,android,2025-05-09 03:24:38.937936
2362,2027,ios,2025-04-03 00:09:49.142422
2363,111,android,2025-05-05 20:02:04.281832
2364,1132,android,2025-07-17 10:57:50.990135
2365,180,android,2025-01-12 03:17:18.928536
2366,2312,ios,2025-04-06 15:32:13.915021
2367,1542,android,2025-04-11 22:51:44.442739
2368,355,android,2025-03-02 23:20:55.948059
2369,3046,ios,2025-04-18 09:02:22.240515
2370,1852,android,2025-05-18 16:36:15.045706
2371,4814,android,2025-05-23 03:28:34.565395
2372,2087,android,2025-06-12 18:28:04.541790
2373,454,android,2025-01-19 15:42:57.769069
2374,3526,android,2025-04-22 18:45:50.532775
2375,3516,android,2025-07-04 02:23:47.318833
2376,4647,android,2025-04-21 13:49:27.539757
2377,3464,android,2025-06-09 12:37:35.606948
2378,1809,ios,2025-05-24 11:29:52.012441
2379,3348,ios,2025-04-23 22:14:26.654185
2380,3991,android,2025-01-20 04:18:40.593095
2381,2581,android,2025-06-03 20:58:05.358485
2382,3974,ios,2025-05-10 21:16:47.432585
2383,4835,android,2025-01-02 09:09:08.785198
2384,3774,ios,2025-02-20 06:23:17.672962
2385,2509,android,2025-01-15 22:04:56.377919
2386,2465,android,2025-05-19 13:36:22.338260
2387,4192,android,2025-01-04 16:20:34.263334
2388,4365,ios,2025-07-24 16:59:56.352139
2389,1313,android,2025-08-19 05:33:06.199872
2390,49,android,2025-08-26 01:34:36.123258
2391,4032,android,2025-02-25 01:26:26.066429
2392,1181,ios,2025-05-01 07:39:41.287708
2393,4983,android,2025-08-05 13:17:46.662030
2394,181,ios,2025-06-17 00:32:16.286084
2395,4551,android,2025-03-14 14:17:13.181640
2396,3391,android,2025-07-22 15:36:26.593810
2397,1521,android,2025-05-20 11:11:45.093787
2398,174,web,2025-06-27 09:16:11.219574
2399,4231,android,2025-08-24 13:35:44.794470
2400,598,android,2025-08-31 09:28:28.265308
2401,477,ios,2025-05-03 16:07:13.875625
2402,3951,android,2025-02-08 01:21:51.161603
2403,3389,android,2025-05-31 13:16:09.368340
2404,638,android,2025-06-06 10:57:12.971807
2405,1711,ios,2025-05-20 00:44:56.442085
2406,3333,android,2025-04-13 13:23:20.026835
2407,3294,ios,2025-05-22 07:39:33.551407
2408,1812,ios,2025-05-10 18:31:22.975327
2409,2062,android,2025-08-18 13:26:50.689075
2410,399,android,2025-07-23 12:53:08.604489
2411,46,ios,2025-04-06 15:59:41.832699
2412,4838,ios,2025-05-19 17:17:37.208021
2413,1157,ios,2025-05-18 13:13:13.818267
2414,4636,android,2025-05-05 02:30:30.402465
2415,212,ios,2025-01-15 02:38:17.784261
2416,4950,ios,2025-06-23 03:51:03.965990
2417,2137,web,2025-06-27 16:46:12.695955
2418,4031,android,2025-04-28 15:45:57.056959
2419,4201,ios,2025-08-08 01:58:24.743732
2420,1760,ios,2025-08-28 02:14:02.693328
2421,3690,ios,2025-07-17 12:54:26.801920
2422,1671,ios,2025-08-14 11:17:50.580981
2423,3945,ios,2025-04-29 11:06:56.238914
2424,4795,android,2025-08-11 03:51:18.679898
2425,4036,android,2025-08-16 05:04:34.734826
2426,3640,android,2025-06-01 12:38:36.034661
2427,1860,ios,2025-02-06 15:00:20.171263
2428,544,android,2025-02-07 00:15:30.092504
2429,2531,ios,2025-04-25 18:29:15.594262
2430,649,web,2025-06-28 17:54:19.873291
2431,2543,ios,2025-05-02 20:07:51.687975
2432,4346,ios,2025-07-14 08:43:26.991130
2433,567,ios,2025-07-07 01:24:22.071090
2434,4505,android,2025-02-19 11:26:33.247420
2435,2991,android,2025-02-02 06:16:56.676060
2436,235,android,2025-06-21 12:25:37.139512
2437,3601,ios,2025-03-19 20:27:31.637948
2438,1,android,2025-08-15 07:54:24.072105
2439,3055,android,2025-07-31 01:08:13.837195
2440,2538,ios,2025-04-20 15:37:13.144755
2441,3730,android,2025-05-22 01:30:35.885642
2442,1882,ios,2025-07-25 20:18:36.721281
2443,595,android,2025-07-31 17:49:30.548330
2444,1936,ios,2025-05-16 08:16:27.503917
2445,3808,android,2025-08-25 04:11:51.035002
2446,4769,ios,2025-05-07 14:17:21.173444
2447,1041,ios,2025-01-10 23:44:23.567719
2448,1757,android,2025-05-17 17:38:17.560377
2449,4385,android,2025-07-08 19:30:15.267399
2450,1566,ios,2025-08-28 08:08:30.524280
2451,1225,android,2025-01-26 14:30:34.363452
2452,4158,ios,2025-04-18 01:12:46.552094
2453,2460,android,2025-05-23 13:20:31.494120
2454,2917,ios,2025-08-03 04:41:44.475974
2455,2437,android,2025-06-23 23:04:13.402996
2456,3015,ios,2025-02-26 04:37:41.627435
2457,1345,ios,2025-07-28 19:57:27.798538
2458,3660,android,2025-06-11 09:52:00.679321
2459,1809,android,2025-08-06 12:33:18.495045
2460,2618,ios,2025-07-22 18:04:06.384794
2461,928,ios,2025-02-01 09:51:31.672419
2462,57,web,2025-08-22 09:27:53.118678
2463,2851,ios,2025-04-21 09:27:24.302021
2464,694,ios,2025-08-27 18:14:46.278072
2465,4566,ios,2025-02-15 10:37:32.276073
2466,4797,web,2025-07-12 18:37:51.035464
2467,1584,android,2025-03-16 02:07:40.136127
2468,1445,android,2025-01-11 21:18:16.304790
2469,2541,ios,2025-08-30 13:14:37.535349
2470,1021,web,2025-03-15 18:13:04.759639
2471,4310,android,2025-01-20 13:35:17.857426
2472,510,android,2025-07-29 02:25:10.524856
2473,2263,ios,2025-04-15 23:32:32.568561
2474,945,ios,2025-05-21 01:52:14.006671
2475,4157,android,2025-08-28 07:36:30.306395
2476,722,ios,2025-04-27 19:29:43.129835
2477,2232,android,2025-01-17 07:19:06.698761
2478,4168,android,2025-06-17 22:59:51.015213
2479,2202,ios,2025-06-22 16:12:58.487116
2480,923,android,2025-02-17 04:37:20.762184
2481,787,ios,2025-05-13 12:50:32.312954
2482,3025,android,2025-03-31 17:17:47.405651
2483,625,ios,2025-01-13 03:08:33.634900
2484,1777,android,2025-03-17 17:15:55.256292
2485,3058,web,2025-08-10 00:23:38.988547
2486,1898,ios,2025-03-14 23:02:33.064779
2487,4137,android,2025-02-24 04:54:15.142280
2488,3440,web,2025-08-17 15:24:13.435132
2489,678,android,2025-04-03 21:43:48.069927
2490,4086,android,2025-08-17 13:20:25.484360
2491,4551,web,2025-08-02 21:31:36.571618
2492,1012,web,2025-04-25 07:44:56.273018
2493,1795,ios,2025-04-04 13:05:47.085139
2494,1977,web,2025-02-03 11:10:15.966403
2495,2127,android,2025-02-16 07:40:30.956135
2496,2320,android,2025-02-26 11:36:31.093495
2497,4473,android,2025-04-25 07:06:14.072316
2498,3257,android,2025-04-01 10:09:56.041242
2499,4482,ios,2025-07-14 11:50:28.978405
2500,1753,android,2025-03-14 02:12:51.118228
2501,2625,ios,2025-04-14 03:47:56.018745
2502,532,android,2025-01-30 19:37:46.898655
2503,1384,android,2025-03-07 21:45:17.603119
2504,2920,ios,2025-07-10 06:34:24.417466
2505,860,android,2025-06-21 19:48:34.652786
2506,4802,ios,2025-04-08 17:44:57.039226
2507,1358,ios,2025-05-21 07:49:25.392978
2508,808,ios,2025-04-22 09:00:06.499688
2509,3904,ios,2025-08-06 12:55:34.464632
2510,451,web,2025-04-06 21:50:11.264291
2511,1623,android,2025-06-25 11:22:17.943165
2512,994,ios,2025-02-23 02:27:43.070992
2513,3473,android,2025-04-16 11:39:15.808511
2514,4216,android,2025-05-09 15:03:39.070213
2515,977,ios,2025-01-26 10:18:00.291717
2516,2081,ios,2025-05-23 17:49:28.382463
2517,2393,ios,2025-05-20 15:26:46.383959
2518,3455,ios,2025-02-08 13:50:48.718389
2519,1761,ios,2025-08-31 16:07:26.232553
2520,2615,ios,2025-01-23 11:25:15.086702
2521,2519,android,2025-08-06 13:24:35.802055
2522,57,android,2025-04-30 10:31:09.304775
2523,2850,android,2025-02-24 02:48:55.200704
2524,2840,ios,2025-01-28 09:50:31.935300
2525,4955,android,2025-06-19 23:01:05.156679
2526,2551,android,2025-07-03 07:57:17.358302
2527,4500,android,2025-06-13 15:30:21.819822
2528,1746,ios,2025-04-13 00:41:12.935950
2529,3480,android,2025-02-11 22:26:59.325955
2530,4509,android,2025-07-11 20:35:06.179514
2531,769,android,2025-07-31 17:00:57.986071
2532,2836,android,2025-04-06 05:23:28.043686
2533,4596,android,2025-07-24 09:58:50.882650
2534,2781,web,2025-06-04 10:49:14.057401
2535,4463,android,2025-05-09 01:20:15.175099
2536,2100,android,2025-05-29 09:03:00.307436
2537,4434,ios,2025-01-27 04:24:12.125710
2538,3145,ios,2025-01-31 11:19:37.481238
2539,2396,android,2025-06-26 14:08:13.016589
2540,1075,android,2025-08-24 16:43:53.133550
2541,854,web,2025-05-04 09:30:49.509523
2542,1444,web,2025-01-14 02:55:55.595652
2543,3773,android,2025-01-17 13:00:13.717855
2544,2341,ios,2025-04-24 13:40:15.315148
2545,1943,android,2025-06-09 19:29:58.466255
2546,2335,android,2025-02-07 15:14:26.377256
2547,1723,android,2025-01-09 00:39:34.195762
2548,4036,ios,2025-06-27 06:15:53.492293
2549,1954,android,2025-02-05 12:14:20.386244
2550,2361,android,2025-04-17 11:27:56.400264
2551,2796,android,2025-06-28 09:28:55.424303
2552,3232,android,2025-01-31 10:43:13.217300
2553,1668,android,2025-04-18 14:08:11.246861
2554,367,android,2025-01-28 02:00:22.695106
2555,3450,ios,2025-03-26 10:40:01.798939
2556,2801,android,2025-08-10 17:18:39.524675
2557,3239,android,2025-06-16 17:31:44.183058
2558,2719,ios,2025-01-06 14:40:45.145580
2559,2545,android,2025-02-02 16:16:07.503178
2560,4744,android,2025-03-13 09:33:41.596996
2561,270,ios,2025-08-06 14:50:34.530716
2562,462,ios,2025-07-01 13:00:27.109187
2563,4683,android,2025-05-31 01:13:08.107470
2564,4435,android,2025-02-07 01:55:58.311501
2565,2059,android,2025-08-14 17:11:49.831845
2566,2704,android,2025-07-16 09:00:33.063696
2567,2248,ios,2025-02-28 04:19:50.227391
2568,4986,ios,2025-04-09 06:01:42.920809
2569,2281,android,2025-04-15 02:20:03.527681
2570,3800,android,2025-05-23 18:20:13.814145
2571,1826,android,2025-04-02 01:53:39.130047
2572,1907,android,2025-02-21 00:52:28.822777
2573,3373,android,2025-06-12 01:52:58.361706
2574,1996,android,2025-06-14 15:30:03.585666
2575,70,ios,2025-04-18 11:59:32.817596
2576,865,ios,2025-04-29 06:09:26.130819
2577,4368,web,2025-01-13 07:30:30.498041
2578,1835,ios,2025-04-21 19:58:06.346376
2579,513,web,2025-07-14 11:55:21.409330
2580,4696,web,2025-05-24 17:31:33.117564
2581,4999,android,2025-08-12 17:31:00.252861
2582,2499,android,2025-06-24 02:42:21.399901
2583,3141,android,2025-07-08 23:10:45.366139
2584,3775,ios,2025-04-22 09:28:48.754718
2585,332,ios,2025-02-12 03:33:24.739747
2586,1484,android,2025-08-10 15:51:48.325948
2587,2813,ios,2025-06-10 04:26:02.041838
2588,2749,ios,2025-08-10 00:03:21.384237
2589,1657,ios,2025-05-31 01:23:27.448621
2590,9,android,2025-04-21 10:31:58.242722
2591,4766,android,2025-02-02 17:47:55.012746
2592,3073,android,2025-04-07 15:24:51.557462
2593,3778,android,2025-05-26 04:55:55.031884
2594,2187,ios,2025-08-15 04:13:01.972643
2595,2536,android,2025-07-21 12:31:18.616954
2596,2223,android,2025-05-05 16:38:31.956055
2597,2149,android,2025-04-19 20:40:58.699000
2598,3354,ios,2025-01-09 02:03:01.222605
2599,4980,android,2025-03-27 08:07:50.911800
2600,3887,web,2025-08-27 11:02:42.832610
2601,3337,android,2025-06-30 01:39:35.619495
2602,61,web,2025-05-08 12:20:11.347153
2603,2570,android,2025-07-29 12:55:52.064032
2604,4779,android,2025-01-06 14:27:41.816803
2605,1990,web,2025-08-21 16:51:52.045060
2606,2748,ios,2025-06-20 00:28:04.925750
2607,1623,ios,2025-01-04 05:38:53.184742
2608,956,ios,2025-06-21 10:39:41.429999
2609,3528,android,2025-01-21 04:48:05.823075
2610,1568,ios,2025-06-05 10:07:52.589557
2611,2940,android,2025-03-15 02:45:54.181974
2612,2968,ios,2025-02-21 12:55:18.993393
2613,4241,web,2025-06-02 14:58:16.226696
2614,4691,ios,2025-04-16 11:19:32.846370
2615,2768,ios,2025-01-16 16:17:53.674457
2616,252,ios,2025-07-19 19:54:13.126412
2617,2912,android,2025-03-06 16:01:40.082175
2618,4424,android,2025-05-31 05:24:08.117114
2619,2387,ios,2025-05-29 01:47:28.774509
2620,2824,ios,2025-01-14 15:31:54.717063
2621,3814,android,2025-08-31 08:21:00.435524
2622,2196,ios,2025-04-19 18:45:22.630007
2623,2075,android,2025-02-19 21:38:23.707644
2624,2411,ios,2025-04-17 03:06:45.067986
2625,4260,ios,2025-05-27 13:03:26.176299
2626,2440,android,2025-01-01 17:43:40.801310
2627,1636,android,2025-03-14 22:22:44.079751
2628,2984,ios,2025-05-11 07:52:40.884902
2629,3464,android,2025-06-18 18:11:23.091005
2630,4564,web,2025-03-18 03:12:01.302141
2631,4465,android,2025-04-09 03:36:03.949170
2632,3917,android,2025-02-23 18:12:15.116864
2633,3846,android,2025-03-13 05:00:40.251774
2634,2247,ios,2025-06-17 00:40:06.657796
2635,1714,ios,2025-03-23 22:54:40.164067
2636,2815,ios,2025-03-09 22:44:29.790733
2637,3532,web,2025-03-14 13:12:05.339989
2638,2593,ios,2025-05-29 20:56:03.195778
2639,1035,android,2025-05-17 06:41:00.742573
2640,74,android,2025-04-09 21:02:56.093664
2641,291,ios,2025-06-03 15:40:07.056970
2642,2132,android,2025-06-06 04:46:34.635244
2643,3957,ios,2025-01-04 04:27:17.912354
2644,3950,ios,2025-03-24 09:23:42.287686
2645,4041,ios,2025-03-01 08:41:33.861839
2646,3546,ios,2025-07-21 11:26:13.508502
2647,115,web,2025-03-08 22:20:35.857694
2648,4418,ios,2025-03-19 02:28:14.908330
2649,4739,ios,2025-05-11 16:22:35.026286
2650,4249,android,2025-05-14 00:25:57.761225
2651,2230,android,2025-07-17 01:35:51.006223
2652,1074,android,2025-04-05 06:23:51.832206
2653,4527,web,2025-03-10 07:44:59.496286
2654,926,ios,2025-05-28 19:16:30.196145
2655,3941,ios,2025-06-26 23:20:06.112988
2656,4828,android,2025-08-30 04:49:43.190826
2657,4504,ios,2025-05-31 05:55:07.378589
2658,2606,android,2025-04-30 05:57:29.545082
2659,4167,ios,2025-02-02 08:03:09.507683
2660,4155,android,2025-08-28 19:44:07.550306
2661,4870,ios,2025-06-16 10:52:20.157373
2662,1802,ios,2025-02-10 02:22:54.076076
2663,3146,android,2025-04-22 16:50:16.651343
2664,4086,android,2025-05-17 03:40:59.596175
2665,1137,android,2025-02-22 16:49:42.436393
2666,1128,android,2025-06-27 23:49:54.181909
2667,1948,android,2025-06-08 00:46:07.061816
2668,1801,android,2025-02-26 19:12:52.455349
2669,3760,android,2025-08-29 12:15:32.953815
2670,4680,android,2025-08-19 12:38:05.331512
2671,785,ios,2025-03-06 12:31:08.800952
2672,1626,android,2025-04-18 08:38:54.548466
2673,4650,android,2025-08-06 10:24:11.791079
2674,2974,ios,2025-04-09 17:31:02.488423
2675,1027,android,2025-08-21 00:30:47.716586
2676,3018,ios,2025-02-18 16:46:36.307708
2677,4380,web,2025-06-25 22:29:52.691260
2678,1870,ios,2025-05-26 16:19:09.780347
2679,2419,android,2025-03-26 02:57:01.979459
2680,3068,android,2025-06-24 10:09:58.218970
2681,4204,ios,2025-01-06 21:11:44.489412
2682,2823,ios,2025-02-26 02:25:58.661048
2683,4792,android,2025-03-05 11:52:31.881143
2684,3775,ios,2025-01-29 13:05:14.682522
2685,2111,ios,2025-01-09 06:03:40.179864
2686,2438,ios,2025-03-27 18:23:23.498542
2687,3484,android,2025-02-23 00:58:40.141387
2688,354,android,2025-02-02 06:52:48.179202
2689,1134,android,2025-02-08 05:26:10.540263
2690,1192,android,2025-07-20 18:47:09.769126
2691,4004,ios,2025-01-24 01:28:24.768124
2692,4113,android,2025-06-26 03:21:20.445713
2693,4100,android,2025-01-14 02:39:43.842737
2694,527,android,2025-01-10 20:57:57.208121
2695,1477,ios,2025-04-18 11:09:40.941084
2696,1561,ios,2025-04-03 18:58:00.413569
2697,121,ios,2025-05-13 14:48:19.298788
2698,1289,web,2025-06-20 17:48:51.913157
2699,2157,web,2025-03-17 06:48:57.947003
2700,4429,android,2025-02-17 05:47:01.170920
2701,851,android,2025-07-19 18:35:06.873508
2702,4302,ios,2025-02-10 04:04:12.193352
2703,4093,ios,2025-07-14 00:34:34.912511
2704,792,android,2025-05-23 16:14:26.084183
2705,1306,web,2025-03-12 07:36:20.673084
2706,2292,android,2025-03-18 08:45:31.900778
2707,4719,web,2025-04-01 01:30:39.665355
2708,3925,ios,2025-05-24 15:10:37.101048
2709,4860,android,2025-08-27 01:11:00.187919
2710,1563,ios,2025-03-19 08:10:05.688880
2711,4545,ios,2025-08-17 20:58:25.179896
2712,4781,ios,2025-02-19 20:24:59.193398
2713,2999,ios,2025-01-28 10:46:18.265101
2714,771,android,2025-05-10 07:17:15.275456
2715,1338,android,2025-08-26 06:50:11.176704
2716,644,android,2025-04-28 19:43:32.345257
2717,4037,android,2025-07-14 09:06:16.671657
2718,1566,android,2025-04-25 19:53:24.749958
2719,3508,android,2025-07-26 13:12:38.065169
2720,1337,android,2025-07-17 11:54:14.798515
2721,4886,ios,2025-06-16 17:52:28.772344
2722,3868,android,2025-05-30 13:04:28.543960
2723,1887,android,2025-05-06 21:48:32.284590
2724,2384,web,2025-08-21 11:49:04.564178
2725,294,web,2025-05-16 10:38:21.248153
2726,684,ios,2025-03-23 22:11:21.033804
2727,4992,android,2025-08-03 09:05:24.170390
2728,4080,ios,2025-06-10 09:19:24.115836
2729,4192,android,2025-05-16 15:15:53.881141
2730,3218,ios,2025-06-15 18:25:07.664322
2731,1108,ios,2025-03-26 18:37:19.843048
2732,527,android,2025-04-13 06:24:52.680423
2733,3629,web,2025-02-17 12:42:31.104287
2734,1659,ios,2025-07-27 18:28:52.925514
2735,4,android,2025-06-11 17:43:58.705812
2736,113,android,2025-07-20 07:05:39.986725
2737,2790,ios,2025-03-19 03:01:18.473970
2738,4201,android,2025-08-30 21:23:25.408139
2739,1815,android,2025-03-28 19:14:59.047959
2740,5000,android,2025-03-27 22:51:15.757756
2741,1907,web,2025-08-22 10:25:33.598409
2742,3667,android,2025-06-09 04:20:18.214574
2743,1223,web,2025-08-15 19:50:08.373278
2744,3037,ios,2025-06-01 10:09:48.531243
2745,1375,android,2025-03-01 21:26:27.839862
2746,3891,android,2025-04-05 22:46:31.124891
2747,2274,ios,2025-07-28 17:10:37.078955
2748,210,android,2025-04-29 22:32:31.096775
2749,1241,android,2025-06-22 06:46:08.979361
2750,1762,android,2025-02-10 11:11:44.747556
2751,2333,ios,2025-04-08 03:27:01.880781
2752,1352,ios,2025-07-23 23:42:51.469812
2753,2887,android,2025-08-17 15:58:20.242474
2754,4818,android,2025-03-20 19:19:17.306313
2755,3556,android,2025-02-11 22:26:40.836152
2756,1557,ios,2025-01-06 16:35:25.193223
2757,3386,android,2025-01-31 22:54:22.125026
2758,4834,web,2025-07-23 01:36:54.587985
2759,1210,ios,2025-04-21 17:32:55.702148
2760,1162,android,2025-03-12 20:44:11.234111
2761,196,ios,2025-07-08 11:38:58.125795
2762,4212,ios,2025-07-12 19:22:35.799024
2763,4164,ios,2025-03-30 00:07:11.357644
2764,2069,android,2025-08-08 00:46:33.960493
2765,4362,web,2025-04-23 12:52:16.056830
2766,3258,android,2025-03-05 11:30:00.889777
2767,4895,ios,2025-08-07 15:22:34.890156
2768,4614,android,2025-02-07 04:00:46.867733
2769,4799,android,2025-08-31 00:20:33.375860
2770,1963,web,2025-05-30 00:29:13.145040
2771,3170,android,2025-08-11 10:18:23.084625
2772,837,android,2025-02-13 10:58:13.543828
2773,4472,ios,2025-04-05 13:17:48.821332
2774,1591,android,2025-08-01 04:47:57.980853
2775,2241,ios,2025-07-23 09:58:20.477667
2776,2972,web,2025-07-31 20:38:09.261136
2777,3937,android,2025-03-10 03:38:15.945109
2778,3659,ios,2025-05-31 01:56:53.956672
2779,4777,web,2025-04-05 16:08:19.007877
2780,3565,web,2025-03-19 22:45:22.755551
2781,3982,android,2025-05-07 09:23:03.056214
2782,2863,ios,2025-06-23 18:11:19.642541
2783,2079,ios,2025-05-06 23:59:45.561120
2784,4567,android,2025-02-26 00:15:49.677862
2785,1889,ios,2025-07-16 05:17:49.341495
2786,3102,android,2025-08-26 14:27:48.883000
2787,1458,android,2025-03-30 04:18:29.254545
2788,2412,android,2025-07-26 08:50:32.784597
2789,1836,ios,2025-07-29 22:02:51.665960
2790,1292,android,2025-03-05 07:21:35.550046
2791,4103,android,2025-06-21 09:21:04.209319
2792,3837,android,2025-08-17 00:50:56.833369
2793,3508,android,2025-06-29 18:50:23.459505
2794,416,web,2025-01-08 07:05:12.930853
2795,1250,android,2025-05-27 21:33:22.177633
2796,1091,android,2025-07-09 03:55:43.193358
2797,3558,web,2025-05-31 04:58:21.171072
2798,4463,android,2025-01-07 23:36:38.784956
2799,1897,android,2025-01-30 04:49:33.940687
2800,1652,ios,2025-07-14 19:03:40.252423
2801,2789,ios,2025-04-29 14:19:37.923880
2802,4939,android,2025-08-21 18:55:16.095188
2803,1852,ios,2025-04-11 20:10:21.462797
2804,1392,ios,2025-07-19 16:12:09.360957
2805,2609,ios,2025-01-09 14:59:32.993249
2806,4580,android,2025-07-24 08:47:52.464326
2807,3650,ios,2025-07-28 18:01:28.384241
2808,2592,ios,2025-03-29 23:37:34.449492
2809,3656,ios,2025-03-17 04:43:27.500930
2810,76,web,2025-08-10 02:35:16.765722
2811,3766,ios,2025-07-08 23:34:26.228347
2812,489,ios,2025-05-26 07:14:13.155382
2813,1956,android,2025-04-17 00:45:49.103435
2814,1750,android,2025-08-10 15:17:20.969684
2815,3453,ios,2025-07-01 13:47:57.389388
2816,1201,android,2025-04-12 06:59:13.307695
2817,1194,ios,2025-05-01 16:52:18.537091
2818,4422,ios,2025-01-24 22:03:12.290331
2819,2388,ios,2025-07-17 00:15:53.403964
2820,3708,android,2025-07-24 12:48:27.606649
2821,2916,ios,2025-03-28 10:06:19.977237
2822,3100,ios,2025-03-17 05:54:02.074366
2823,3433,android,2025-03-03 07:01:46.515966
2824,3338,ios,2025-02-12 03:36:40.487760
2825,4560,android,2025-08-19 07:28:58.094476
2826,3925,ios,2025-07-04 10:40:59.867191
2827,1524,android,2025-04-16 07:37:15.173270
2828,848,ios,2025-01-27 18:30:51.873098
2829,4227,android,2025-02-03 21:11:49.557534
2830,1863,android,2025-06-22 11:29:09.773109
2831,1556,android,2025-02-19 08:22:07.040923
2832,556,android,2025-03-26 12:48:03.488387
2833,2760,ios,2025-08-21 13:16:38.011870
2834,2561,ios,2025-05-22 05:32:46.227899
2835,4141,android,2025-07-16 10:16:52.725625
2836,3744,android,2025-01-26 05:50:09.480283
2837,3616,ios,2025-03-22 06:48:44.185159
2838,2693,android,2025-08-06 15:10:49.192315
2839,4315,android,2025-07-16 22:37:14.546637
2840,4917,android,2025-06-25 19:09:37.104544
2841,4075,ios,2025-05-23 17:44:42.696294
2842,1740,web,2025-03-07 08:27:30.428331
2843,1382,android,2025-05-23 06:31:21.290120
2844,7,web,2025-01-13 08:01:55.481666
2845,4965,ios,2025-02-19 03:46:47.057471
2846,3664,web,2025-05-06 22:31:22.799127
2847,4685,ios,2025-01-01 11:31:54.460123
2848,3939,ios,2025-02-26 10:20:48.851379
2849,2151,ios,2025-02-06 23:54:37.811645
2850,726,ios,2025-03-25 23:01:49.936764
2851,237,android,2025-07-28 13:54:57.335863
2852,3961,ios,2025-08-19 05:20:53.505070
2853,1518,ios,2025-02-10 02:37:14.329199
2854,1897,android,2025-02-26 03:37:37.680466
2855,4181,android,2025-07-25 18:59:17.520215
2856,2407,android,2025-02-11 23:02:51.228448
2857,4755,android,2025-06-30 03:21:27.007388
2858,2734,android,2025-01-21 18:30:37.335723
2859,4159,android,2025-06-07 12:54:55.251644
2860,630,android,2025-03-06 13:33:47.213129
2861,1984,ios,2025-07-02 03:26:28.033074
2862,916,android,2025-05-07 04:59:04.835733
2863,283,android,2025-02-13 11:18:56.701295
2864,4959,android,2025-04-08 17:47:59.296175
2865,2588,android,2025-05-05 23:42:20.660771
2866,1769,android,2025-08-31 00:32:11.456640
2867,1882,web,2025-04-27 17:28:24.543525
2868,1205,android,2025-02-06 18:01:47.345317
2869,615,android,2025-05-15 22:05:18.518711
2870,4567,ios,2025-02-23 12:16:46.881157
2871,530,ios,2025-08-02 17:37:36.158072
2872,1924,android,2025-07-22 16:17:07.977434
2873,766,android,2025-02-01 06:16:12.040964
2874,4649,ios,2025-05-23 23:24:17.038139
2875,1030,android,2025-06-19 06:01:48.645603
2876,1970,android,2025-03-03 03:42:26.187660
2877,3769,web,2025-06-02 05:01:11.204739
2878,2852,web,2025-04-23 10:23:59.822586
2879,1909,ios,2025-04-28 03:28:58.624578
2880,2819,android,2025-05-14 23:07:35.417019
2881,2185,ios,2025-05-19 13:02:29.772185
2882,1447,web,2025-06-22 11:32:32.205984
2883,2992,web,2025-04-20 22:33:33.436194
2884,1827,android,2025-06-25 14:24:39.133555
2885,4801,android,2025-04-29 01:58:34.470451
2886,2316,android,2025-06-11 01:32:43.245095
2887,3783,ios,2025-03-05 22:27:25.215636
2888,1173,android,2025-05-12 15:12:09.334530
2889,3229,android,2025-04-24 17:21:04.417444
2890,2798,android,2025-03-15 10:24:31.607629
2891,3720,android,2025-01-16 03:24:12.906256
2892,2309,ios,2025-05-04 23:26:10.424145
2893,3597,android,2025-01-03 08:53:29.461076
2894,293,android,2025-04-05 17:29:24.137819
2895,3452,ios,2025-04-01 01:39:33.812303
2896,3768,ios,2025-06-04 00:02:56.279191
2897,2483,ios,2025-08-28 22:41:08.000063
2898,172,ios,2025-07-28 11:51:46.770413
2899,2835,android,2025-08-25 22:41:19.633134
2900,3907,android,2025-08-20 01:51:54.273037
2901,2308,android,2025-01-19 00:13:31.835759
2902,471,ios,2025-03-10 12:19:01.719063
2903,1975,web,2025-03-14 04:01:53.654102
2904,4971,android,2025-01-18 06:11:30.556345
2905,1354,ios,2025-07-25 17:39:58.183382
2906,2648,ios,2025-08-06 13:33:38.478891
2907,1777,web,2025-05-28 00:12:30.096887
2908,3562,android,2025-08-05 12:15:32.709376
2909,2143,android,2025-06-23 14:12:03.469029
2910,1922,ios,2025-04-18 01:18:38.147132
2911,2897,ios,2025-02-06 10:00:32.965902
2912,2859,ios,2025-08-21 21:57:09.192635
2913,2500,ios,2025-06-18 05:22:09.773381
2914,1292,android,2025-03-28 01:36:02.005423
2915,540,ios,2025-02-01 05:59:48.301189
2916,3453,android,2025-07-14 03:35:29.989250
2917,1700,android,2025-07-14 21:21:04.859666
2918,3065,android,2025-05-12 22:49:46.381668
2919,1881,android,2025-08-31 23:44:59.122844
2920,4270,android,2025-04-04 21:36:11.579649
2921,3535,ios,2025-08-17 22:07:22.031001
2922,2020,ios,2025-06-03 03:41:18.179616
2923,1665,android,2025-06-28 22:48:55.306588
2924,3746,android,2025-08-11 20:23:36.102777
2925,40,android,2025-07-21 23:16:29.380876
2926,288,android,2025-03-12 03:30:40.337660
2927,422,android,2025-07-30 17:42:46.576421
2928,1730,ios,2025-05-12 03:34:53.030101
2929,2485,web,2025-01-11 21:26:30.700078
2930,1465,android,2025-06-13 17:42:22.510591
2931,943,ios,2025-05-02 10:14:12.047133
2932,1565,ios,2025-05-11 09:35:23.801653
2933,2474,android,2025-04-11 00:00:56.794678
2934,1488,android,2025-01-16 13:44:42.085087
2935,2872,android,2025-02-13 19:00:15.356805
2936,1912,android,2025-07-03 19:38:35.644846
2937,4668,ios,2025-02-26 22:01:19.794895
2938,4962,android,2025-06-02 12:54:07.466702
2939,3278,android,2025-05-12 16:07:44.601835
2940,2775,android,2025-02-23 19:11:45.639674
2941,156,android,2025-03-10 04:17:30.629849
2942,3113,web,2025-04-04 04:57:58.842804
2943,1904,android,2025-08-02 21:14:49.375602
2944,1450,ios,2025-08-17 17:41:51.586325
2945,3968,android,2025-04-04 23:33:28.682539
2946,211,android,2025-01-12 05:09:08.763857
2947,1303,android,2025-05-27 00:26:21.419608
2948,3872,web,2025-04-12 11:18:07.519168
2949,4625,android,2025-04-30 15:10:58.147289
2950,2574,ios,2025-04-18 09:27:17.556638
2951,2646,android,2025-06-09 01:28:22.734472
2952,4836,ios,2025-03-15 23:29:41.162641
2953,463,ios,2025-08-05 21:49:34.491040
2954,2405,ios,2025-04-13 08:43:34.272440
2955,1209,android,2025-03-25 00:34:09.845500
2956,2384,android,2025-08-13 06:36:54.563136
2957,4532,ios,2025-03-29 00:41:21.981348
2958,2981,ios,2025-01-21 04:28:54.228508
2959,4958,android,2025-02-07 17:55:11.719831
2960,2526,android,2025-06-23 13:46:06.300229
2961,4316,android,2025-05-17 15:28:56.608552
2962,849,android,2025-05-10 21:53:13.790250
2963,1604,android,2025-01-20 22:10:19.623621
2964,1370,android,2025-02-09 20:53:32.746522
2965,3845,android,2025-04-07 06:43:21.833709
2966,2566,ios,2025-04-19 20:46:08.991290
2967,1112,web,2025-04-02 12:13:37.895331
2968,865,ios,2025-05-03 04:00:16.065096
2969,1923,android,2025-06-28 06:03:14.730932
2970,768,ios,2025-06-04 11:25:39.665088
2971,3486,android,2025-05-29 13:01:00.107200
2972,4242,ios,2025-05-16 12:57:57.824162
2973,4845,android,2025-02-18 19:48:49.121369
2974,1179,android,2025-05-27 22:14:24.058547
2975,2196,ios,2025-02-08 12:06:57.130674
2976,2520,android,2025-06-23 05:43:10.069997
2977,2480,ios,2025-04-20 21:44:26.860401
2978,2267,ios,2025-05-22 07:04:41.910014
2979,1101,android,2025-07-29 15:49:04.986782
2980,560,android,2025-04-01 15:54:12.263982
2981,2017,ios,2025-01-25 05:48:53.002222
2982,462,ios,2025-08-05 14:37:38.423142
2983,316,ios,2025-03-30 16:35:07.619679
2984,2621,android,2025-04-09 18:50:42.655065
2985,4293,ios,2025-03-13 22:24:31.977907
2986,2703,android,2025-04-13 02:25:42.494727
2987,117,android,2025-05-07 14:18:05.340566
2988,4203,ios,2025-07-24 22:11:29.172710
2989,3418,android,2025-06-24 23:58:29.228725
2990,1516,android,2025-05-05 17:27:15.395100
2991,1367,android,2025-07-05 14:45:16.562299
2992,4498,ios,2025-07-26 00:19:12.508717
2993,2381,web,2025-01-15 03:07:21.200246
2994,707,web,2025-05-24 21:52:42.940602
2995,1408,android,2025-01-11 12:20:23.537361
2996,1323,android,2025-03-16 20:55:46.571884
2997,2001,ios,2025-07-05 06:24:42.054540
2998,1730,android,2025-07-12 06:46:33.781061
2999,2734,android,2025-08-03 18:28:49.061905
3000,1616,android,2025-05-02 01:43:24.850728
3001,3205,ios,2025-01-21 10:41:24.008459
3002,2464,ios,2025-01-31 19:24:41.217674
3003,4702,android,2025-03-01 08:48:46.270032
3004,4141,android,2025-04-01 10:34:10.455903
3005,1662,ios,2025-05-08 22:54:09.845757
3006,211,ios,2025-06-06 23:06:24.097299
3007,2925,android,2025-02-09 11:43:13.618560
3008,1692,android,2025-02-15 22:03:52.495542
3009,4509,web,2025-02-12 00:52:35.641105
3010,2029,ios,2025-07-03 10:47:34.394665
3011,1452,ios,2025-03-15 09:46:34.782175
3012,1697,ios,2025-02-10 12:15:39.514196
3013,4326,web,2025-04-15 19:46:59.551590
3014,563,android,2025-03-02 03:30:56.351517
3015,4788,android,2025-03-31 17:45:07.762425
3016,1168,android,2025-07-20 05:38:59.198673
3017,4238,ios,2025-03-23 03:17:06.972835
3018,2722,android,2025-02-12 11:46:48.011593
3019,2850,android,2025-02-26 11:39:50.392754
3020,1023,android,2025-01-09 08:22:18.048378
3021,3611,ios,2025-08-07 23:23:10.501503
3022,3243,ios,2025-06-19 08:42:55.855746
3023,2406,android,2025-04-23 14:19:16.749417
3024,2289,android,2025-05-17 06:57:49.113983
3025,2987,ios,2025-03-03 17:51:30.965250
3026,2359,android,2025-04-09 02:18:31.583010
3027,4873,ios,2025-03-19 17:16:52.757449
3028,207,android,2025-07-20 08:44:13.356377
3029,1256,web,2025-06-30 15:39:24.251459
3030,4255,android,2025-03-10 23:35:27.675347
3031,3963,ios,2025-07-05 05:25:45.596564
3032,1740,android,2025-01-23 19:49:15.052535
3033,2532,android,2025-02-19 05:23:08.916070
3034,136,ios,2025-01-26 20:24:14.489279
3035,885,ios,2025-02-27 21:27:09.282779
3036,4723,ios,2025-02-24 23:09:45.643658
3037,3218,ios,2025-08-07 20:02:02.710896
3038,194,ios,2025-03-21 13:20:08.834179
3039,3963,ios,2025-03-28 07:37:52.399729
3040,2018,android,2025-01-25 05:44:44.327082
3041,2844,ios,2025-01-17 00:48:34.656176
3042,4285,android,2025-02-23 07:28:05.558648
3043,4188,android,2025-02-02 16:40:23.087523
3044,683,ios,2025-03-25 17:45:55.381712
3045,1830,android,2025-02-15 05:00:38.609230
3046,1364,android,2025-02-13 07:05:42.622960
3047,4569,android,2025-06-07 08:26:02.162674
3048,3904,android,2025-08-17 22:21:42.471333
3049,3242,ios,2025-01-04 00:47:35.330557
3050,293,android,2025-06-21 10:48:11.008908
3051,4016,android,2025-06-10 04:26:26.967412
3052,2805,android,2025-05-23 04:02:15.279359
3053,1365,android,2025-06-18 05:28:57.695004
3054,2214,android,2025-05-04 14:44:07.620445
3055,2231,android,2025-08-14 05:47:03.196731
3056,1481,ios,2025-02-08 10:46:03.269318
3057,4549,ios,2025-04-26 01:45:07.614060
3058,4588,android,2025-06-08 16:31:11.457073
3059,255,android,2025-08-09 19:31:51.985987
3060,4680,android,2025-04-29 10:43:27.003482
3061,2020,android,2025-08-26 09:50:31.739126
3062,4000,android,2025-06-09 12:36:29.081896
3063,3902,web,2025-06-19 21:48:27.083749
3064,2995,ios,2025-07-18 19:47:04.268810
3065,3720,android,2025-06-28 08:12:41.577529
3066,3407,android,2025-05-07 23:57:36.748635
3067,4259,ios,2025-07-07 17:54:09.947526
3068,2119,web,2025-01-09 16:23:40.482276
3069,3697,android,2025-08-15 15:53:55.815712
3070,4897,ios,2025-07-20 00:36:36.035470
3071,4736,android,2025-06-04 22:50:23.904560
3072,740,ios,2025-01-17 16:58:33.891194
3073,2492,android,2025-03-13 15:59:45.179949
3074,2551,ios,2025-03-03 15:09:34.526528
3075,3122,android,2025-03-04 10:58:10.908915
3076,3236,android,2025-06-13 07:42:03.005744
3077,4239,ios,2025-08-01 21:38:20.387547
3078,2661,ios,2025-06-15 15:16:03.394794
3079,3509,ios,2025-04-05 11:14:48.395764
3080,4498,android,2025-08-24 12:35:12.506792
3081,511,ios,2025-07-29 14:34:49.092158
3082,3214,android,2025-06-16 13:21:36.588406
3083,1835,ios,2025-04-07 14:01:10.791615
3084,4530,android,2025-06-16 04:04:53.892492
3085,2763,android,2025-04-10 03:25:38.997550
3086,3015,android,2025-02-07 17:03:02.200339
3087,3774,web,2025-05-31 09:02:38.389832
3088,1211,ios,2025-06-19 15:19:57.098877
3089,2718,android,2025-03-26 21:08:21.585427
3090,3865,ios,2025-08-14 19:43:23.486620
3091,3888,android,2025-07-27 14:02:30.342704
3092,1140,android,2025-05-22 15:11:45.697714
3093,4189,android,2025-01-15 15:17:41.842198
3094,815,ios,2025-01-05 04:24:09.947790
3095,1326,web,2025-06-05 11:49:00.474757
3096,4284,web,2025-07-17 18:06:57.214524
3097,3081,android,2025-05-02 14:03:27.808873
3098,2711,android,2025-01-06 16:58:53.749503
3099,2786,ios,2025-02-05 04:38:31.337364
3100,4847,android,2025-02-21 07:58:49.467568
3101,1137,ios,2025-06-02 13:04:17.180553
3102,1496,web,2025-04-29 02:41:56.958876
3103,2450,android,2025-01-25 20:04:12.051972
3104,4228,android,2025-05-02 21:45:54.458428
3105,2743,ios,2025-07-31 06:52:55.724962
3106,3630,ios,2025-04-17 16:55:07.385512
3107,4087,web,2025-02-06 09:24:51.524620
3108,4461,ios,2025-05-21 10:56:31.345700
3109,2305,android,2025-08-14 20:10:43.790328
3110,2290,ios,2025-01-29 03:59:22.959241
3111,405,ios,2025-02-08 00:10:11.955200
3112,402,web,2025-05-18 17:49:36.090909
3113,2437,android,2025-03-24 14:51:39.094732
3114,3746,android,2025-08-06 14:54:34.145561
3115,4190,android,2025-06-23 04:50:20.568003
3116,2043,android,2025-02-05 17:48:57.908328
3117,2857,web,2025-07-31 14:01:46.672711
3118,4064,web,2025-06-06 01:50:49.875358
3119,1595,android,2025-04-30 22:52:31.662778
3120,793,web,2025-03-04 08:10:43.868205
3121,4605,android,2025-06-07 21:06:44.155260
3122,2731,ios,2025-08-07 07:58:09.782232
3123,779,ios,2025-01-10 08:23:36.717184
3124,1260,ios,2025-04-02 03:52:29.368433
3125,1635,ios,2025-08-16 08:45:58.590275
3126,1006,ios,2025-04-04 01:07:40.397377
3127,2186,ios,2025-01-09 17:11:44.158131
3128,4064,android,2025-01-25 15:37:19.670665
3129,3690,ios,2025-06-17 20:30:45.078002
3130,4586,android,2025-06-20 03:06:10.134616
3131,4179,android,2025-01-28 22:56:33.594219
3132,1557,ios,2025-02-23 06:28:03.984395
3133,293,ios,2025-05-18 00:30:25.122066
3134,759,web,2025-06-16 19:51:37.322139
3135,3961,android,2025-02-08 02:24:02.565421
3136,1702,android,2025-04-21 21:37:18.543420
3137,3603,android,2025-05-17 13:47:21.399088
3138,2289,ios,2025-01-13 01:52:15.637407
3139,4474,web,2025-02-24 08:56:52.279784
3140,2541,ios,2025-08-12 06:59:59.789074
3141,4503,android,2025-08-02 20:03:08.704307
3142,1254,ios,2025-03-20 08:43:17.525559
3143,3888,android,2025-07-30 22:02:32.400405
3144,2620,web,2025-06-03 17:02:35.727601
3145,952,ios,2025-08-27 12:49:13.856743
3146,1170,android,2025-08-23 18:59:20.033616
3147,1570,ios,2025-05-30 21:58:52.491855
3148,775,ios,2025-04-24 16:26:22.428329
3149,4682,android,2025-02-04 13:46:53.903361
3150,1064,android,2025-05-09 21:00:19.014350
3151,2991,ios,2025-04-07 18:52:40.360874
3152,2855,web,2025-06-06 21:10:45.789009
3153,2694,ios,2025-01-22 17:54:38.847629
3154,3138,android,2025-07-22 21:14:25.361907
3155,4579,ios,2025-08-24 00:12:42.174439
3156,4840,android,2025-02-20 21:00:12.187606
3157,4371,android,2025-06-03 18:23:39.223463
3158,2299,android,2025-07-14 20:54:17.770937
3159,3638,android,2025-05-15 17:18:53.837008
3160,930,android,2025-08-16 07:28:04.835147
3161,4412,android,2025-05-05 09:12:21.237291
3162,978,android,2025-03-07 17:49:56.600327
3163,570,ios,2025-04-25 14:22:20.373773
3164,4144,android,2025-04-29 13:14:09.599731
3165,3788,android,2025-03-03 15:38:42.969087
3166,692,android,2025-07-11 05:30:31.243339
3167,4829,ios,2025-05-31 02:41:53.742056
3168,559,ios,2025-03-31 23:59:19.843213
3169,245,android,2025-04-13 11:05:56.838424
3170,4779,ios,2025-04-01 07:45:39.324987
3171,1116,ios,2025-04-19 20:08:39.378476
3172,1174,ios,2025-05-09 07:50:50.915791
3173,3970,android,2025-03-22 09:57:57.965968
3174,3036,android,2025-07-18 19:29:25.109927
3175,2601,android,2025-08-14 14:14:13.529426
3176,4941,android,2025-05-08 00:58:16.847266
3177,434,android,2025-06-22 20:40:04.130573
3178,4629,web,2025-08-15 02:54:16.206143
3179,1340,android,2025-02-16 15:23:28.570252
3180,3114,android,2025-02-16 02:27:42.640834
3181,1621,web,2025-01-18 15:28:03.095929
3182,1466,ios,2025-04-18 10:20:40.747501
3183,1606,android,2025-03-22 11:15:07.227525
3184,2796,web,2025-05-17 05:02:04.538178
3185,4389,android,2025-04-20 14:37:57.443706
3186,563,android,2025-02-16 05:12:39.133228
3187,3311,android,2025-04-06 01:21:48.946704
3188,4302,android,2025-01-08 00:31:34.839157
3189,3675,ios,2025-05-11 14:01:40.433973
3190,4901,android,2025-03-07 20:49:22.021092
3191,68,ios,2025-01-28 07:16:36.204553
3192,1813,android,2025-01-17 00:04:38.030007
3193,2138,web,2025-06-23 14:39:57.699455
3194,2679,android,2025-03-02 02:29:23.630890
3195,1590,web,2025-06-10 02:06:14.274152
3196,1266,android,2025-07-18 04:02:44.371694
3197,4260,ios,2025-05-02 11:55:00.801901
3198,1164,ios,2025-02-02 07:57:47.097558
3199,4770,ios,2025-05-30 08:02:35.388756
3200,186,android,2025-01-18 09:36:54.081105
3201,2117,ios,2025-07-18 13:34:51.878107
3202,3047,ios,2025-07-05 01:18:09.099424
3203,4866,ios,2025-04-08 16:57:01.153156
3204,3823,ios,2025-03-07 09:21:48.739731
3205,72,web,2025-06-22 10:07:17.667613
3206,3743,web,2025-05-18 19:58:03.380568
3207,1629,android,2025-02-05 06:10:38.968636
3208,4300,android,2025-07-04 11:34:44.442112
3209,3875,android,2025-03-23 03:44:35.528955
3210,960,ios,2025-08-06 04:55:06.876196
3211,1801,web,2025-07-21 13:27:34.217718
3212,4106,android,2025-03-09 00:32:32.878836
3213,4605,android,2025-03-04 00:38:23.298306
3214,3019,android,2025-04-07 16:29:29.786082
3215,1093,android,2025-07-15 11:44:44.996987
3216,1948,web,2025-02-01 17:58:28.186824
3217,3979,ios,2025-03-18 19:12:34.820076
3218,2992,android,2025-06-10 03:55:03.104116
3219,1009,android,2025-01-09 03:19:00.927873
3220,1429,android,2025-01-14 14:00:34.925721
3221,986,ios,2025-07-05 04:58:54.629228
3222,2346,ios,2025-05-07 22:18:13.264871
3223,2229,android,2025-05-16 11:56:12.353721
3224,2709,android,2025-03-02 11:22:28.810287
3225,4725,web,2025-05-10 05:21:41.971758
3226,3258,ios,2025-05-13 10:28:23.336116
3227,2928,ios,2025-04-11 13:06:53.349494
3228,1832,android,2025-08-23 08:30:59.193777
3229,3176,web,2025-01-12 23:18:27.850180
3230,4777,ios,2025-04-11 19:51:37.274779
3231,49,web,2025-07-28 08:51:43.785327
3232,1749,android,2025-02-20 02:57:55.186896
3233,284,android,2025-08-16 04:54:19.052375
3234,1019,android,2025-04-14 09:27:44.857111
3235,335,ios,2025-02-08 01:17:06.792442
3236,2962,ios,2025-01-23 14:57:24.461951
3237,4099,android,2025-03-21 11:28:11.292784
3238,4702,web,2025-08-12 11:49:47.998081
3239,1185,web,2025-08-17 04:48:20.198988
3240,3498,android,2025-05-17 20:57:30.432153
3241,1645,ios,2025-01-29 17:17:09.320138
3242,1579,ios,2025-04-21 22:50:50.203185
3243,3050,android,2025-04-12 12:22:28.290545
3244,3396,ios,2025-02-26 03:35:18.190588
3245,2920,android,2025-01-19 11:25:14.051484
3246,499,web,2025-04-03 17:20:18.404904
3247,2053,ios,2025-04-01 08:39:32.468889
3248,1429,web,2025-06-21 01:36:34.574680
3249,22,ios,2025-04-06 19:07:43.240687
3250,204,android,2025-01-04 04:35:45.843259
3251,2249,android,2025-01-05 20:44:56.365206
3252,503,ios,2025-06-17 01:35:24.765575
3253,3695,android,2025-06-10 13:42:09.367280
3254,282,ios,2025-02-08 23:10:30.381737
3255,1177,android,2025-07-30 11:49:28.321396
3256,4929,android,2025-06-11 00:24:56.910277
3257,3542,android,2025-02-07 10:26:55.935478
3258,2787,ios,2025-03-11 21:21:30.663959
3259,76,android,2025-08-25 14:24:05.937407
3260,219,ios,2025-04-10 01:58:37.632763
3261,4541,android,2025-02-27 12:51:18.236494
3262,3997,ios,2025-05-08 08:43:41.732460
3263,4751,ios,2025-02-19 22:46:39.741704
3264,4041,ios,2025-07-12 09:17:34.615355
3265,13,android,2025-07-13 00:22:15.320872
3266,4028,android,2025-07-14 14:31:02.832427
3267,2290,android,2025-05-30 23:54:53.959551
3268,3462,ios,2025-06-18 15:40:11.337364
3269,2070,android,2025-03-20 02:25:27.212440
3270,3606,ios,2025-08-02 13:40:28.108874
3271,4210,ios,2025-02-05 00:45:03.967091
3272,4873,android,2025-03-03 20:10:08.302974
3273,2704,ios,2025-08-30 05:21:01.277803
3274,1396,ios,2025-08-22 09:02:01.089888
3275,3057,android,2025-05-04 08:26:36.832414
3276,2500,ios,2025-05-02 06:47:46.711293
3277,1013,web,2025-01-29 09:17:47.214971
3278,3623,android,2025-06-10 07:04:43.683659
3279,386,android,2025-01-08 12:58:52.652567
3280,2016,ios,2025-03-18 09:16:06.781136
3281,3462,android,2025-04-12 16:03:13.293230
3282,4606,ios,2025-08-06 05:43:19.238692
3283,3104,ios,2025-08-24 08:00:57.352902
3284,4897,ios,2025-08-25 16:21:23.796420
3285,4162,android,2025-07-14 02:49:02.714820
3286,1181,android,2025-03-12 11:15:47.845985
3287,4224,ios,2025-01-12 00:29:07.775805
3288,1681,android,2025-04-14 10:12:08.005325
3289,3156,android,2025-03-14 06:24:54.121070
3290,1005,android,2025-06-09 05:04:06.201213
3291,2692,android,2025-04-01 04:00:44.418743
3292,3398,android,2025-08-05 10:53:19.466389
3293,4571,android,2025-04-01 21:21:37.811349
3294,4718,ios,2025-04-02 20:28:25.290738
3295,4007,ios,2025-07-04 11:10:49.247991
3296,2794,ios,2025-05-24 09:02:12.941252
3297,4413,ios,2025-03-04 00:50:31.659590
3298,531,android,2025-06-14 10:27:12.700575
3299,4980,android,2025-05-17 19:22:45.605132
3300,1020,ios,2025-01-26 06:52:28.599433
3301,2018,android,2025-04-24 13:04:57.743233
3302,4538,android,2025-08-12 05:52:55.711044
3303,3585,android,2025-02-21 11:10:47.392807
3304,4249,ios,2025-04-11 18:02:51.616671
3305,3441,android,2025-03-09 01:20:20.764497
3306,3006,android,2025-05-11 11:19:09.154579
3307,871,android,2025-08-25 22:51:31.390240
3308,4982,ios,2025-03-17 07:04:12.056545
3309,3183,android,2025-07-22 09:05:41.846335
3310,3342,ios,2025-07-23 16:56:29.492981
3311,2141,android,2025-03-05 00:54:43.109850
3312,4761,android,2025-07-07 17:50:31.230861
3313,2254,android,2025-08-29 02:43:37.964843
3314,952,android,2025-08-20 19:51:03.078134
3315,901,android,2025-05-28 04:40:41.371087
3316,3493,ios,2025-02-06 20:56:34.216415
3317,3724,android,2025-01-30 00:00:06.713786
3318,1030,web,2025-03-06 20:06:00.938525
3319,3490,android,2025-05-27 02:51:26.050200
3320,4988,android,2025-04-04 20:28:03.255610
3321,2662,ios,2025-06-19 20:41:24.319157
3322,4853,ios,2025-07-11 10:19:24.858926
3323,784,android,2025-02-13 20:13:08.384415
3324,2015,android,2025-08-08 23:40:30.896952
3325,2785,ios,2025-01-15 17:15:42.972064
3326,1791,android,2025-03-06 09:03:40.155813
3327,501,ios,2025-07-17 23:54:50.386084
3328,2292,ios,2025-02-14 15:31:34.663117
3329,1697,android,2025-02-23 11:50:33.457377
3330,1020,ios,2025-08-26 02:01:40.455147
3331,1862,android,2025-08-10 16:54:31.743730
3332,2091,ios,2025-07-17 12:00:44.854721
3333,4418,web,2025-02-12 05:36:28.539087
3334,2458,ios,2025-03-03 23:57:58.767058
3335,2078,web,2025-02-27 03:29:53.078397
3336,1947,ios,2025-02-15 22:58:23.318555
3337,2993,android,2025-08-24 19:38:38.557168
3338,1378,android,2025-02-10 08:16:34.674260
3339,4374,android,2025-07-01 10:49:52.433311
3340,2094,android,2025-01-13 09:31:05.225139
3341,2129,ios,2025-05-13 03:28:43.825189
3342,320,android,2025-01-18 05:11:48.483068
3343,4419,ios,2025-01-16 00:08:47.767315
3344,2356,android,2025-02-25 22:42:57.254553
3345,683,android,2025-08-13 22:07:08.358776
3346,858,android,2025-06-05 05:39:27.128321
3347,1825,web,2025-06-08 06:58:24.857211
3348,3903,android,2025-03-14 07:55:40.689095
3349,474,android,2025-06-25 20:07:52.596298
3350,603,android,2025-06-15 14:48:50.964555
3351,2805,web,2025-04-23 04:32:58.151579
3352,2496,android,2025-06-15 20:57:16.995781
3353,4787,ios,2025-07-30 17:08:01.982642
3354,3761,android,2025-08-22 08:56:24.725521
3355,3285,android,2025-08-31 04:08:08.333520
3356,1680,ios,2025-04-29 15:50:11.404758
3357,3131,ios,2025-01-08 23:00:58.926987
3358,2922,ios,2025-02-25 16:34:01.114967
3359,1391,android,2025-02-17 20:01:22.841402
3360,1855,web,2025-03-15 00:44:31.165834
3361,4656,ios,2025-03-29 14:26:55.001023
3362,2691,web,2025-06-12 11:43:32.992335
3363,2358,android,2025-05-08 17:49:04.837942
3364,3984,android,2025-06-07 21:18:37.481783
3365,1336,android,2025-08-25 03:46:05.626404
3366,1099,ios,2025-01-12 22:11:15.493984
3367,4939,ios,2025-01-04 11:58:23.178395
3368,4017,android,2025-06-11 17:13:39.836164
3369,2116,android,2025-05-13 17:45:07.047764
3370,4732,android,2025-04-28 07:23:35.228158
3371,1858,android,2025-07-27 08:36:21.827853
3372,3377,ios,2025-02-08 14:33:48.193020
3373,175,android,2025-05-20 09:20:53.355189
3374,3489,android,2025-08-15 10:59:57.030084
3375,892,android,2025-04-19 08:13:03.916781
3376,1207,android,2025-05-21 22:04:06.246549
3377,4046,web,2025-01-18 00:14:10.451628
3378,1028,android,2025-03-26 20:26:08.102137
3379,2414,web,2025-01-11 01:26:05.737203
3380,4604,ios,2025-05-20 02:05:55.379855
3381,4775,ios,2025-05-24 11:38:42.762336
3382,2220,android,2025-08-20 01:18:02.863913
3383,420,ios,2025-06-05 03:11:02.140189
3384,1435,ios,2025-01-01 17:23:47.960325
3385,3080,android,2025-07-22 11:25:22.793816
3386,1685,web,2025-03-22 02:33:19.557110
3387,3600,android,2025-06-23 13:37:57.055081
3388,4963,android,2025-03-06 03:48:51.711337
3389,3106,android,2025-07-04 17:37:52.254176
3390,3125,ios,2025-08-14 09:07:32.177894
3391,2650,android,2025-01-20 06:35:19.376026
3392,933,android,2025-05-13 06:43:08.058139
3393,2892,android,2025-05-12 07:37:28.455435
3394,4660,android,2025-03-11 14:30:17.267354
3395,3448,android,2025-03-25 00:38:41.499835
3396,3762,ios,2025-06-14 07:22:10.556778
3397,4317,android,2025-03-13 02:30:28.122349
3398,1938,web,2025-01-08 10:37:04.332962
3399,1682,ios,2025-07-06 21:53:38.131957
3400,4850,ios,2025-06-01 22:07:30.189790
3401,2299,web,2025-03-02 20:39:09.361765
3402,3669,android,2025-08-22 15:42:25.443773
3403,3180,ios,2025-08-07 07:37:56.171544
3404,618,android,2025-08-23 08:14:23.994225
3405,1572,android,2025-05-05 11:21:44.173388
3406,1632,android,2025-02-27 03:29:27.469715
3407,894,ios,2025-02-12 05:46:18.346824
3408,3896,ios,2025-08-19 11:47:20.972413
3409,4831,android,2025-08-05 11:18:44.679550
3410,4832,ios,2025-06-30 01:08:49.265878
3411,974,android,2025-05-05 01:19:21.016913
3412,2248,android,2025-04-04 09:51:53.520722
3413,1164,android,2025-06-20 22:29:31.012224
3414,313,ios,2025-01-03 07:34:21.306768
3415,3094,android,2025-05-08 09:35:13.282289
3416,4299,android,2025-06-14 21:56:37.518512
3417,387,android,2025-07-03 03:55:41.617090
3418,3210,ios,2025-04-20 14:42:18.775479
3419,171,ios,2025-07-01 01:39:06.185050
3420,4216,android,2025-01-24 06:56:55.660969
3421,321,ios,2025-02-26 16:27:27.878204
3422,2179,ios,2025-02-05 03:22:52.965443
3423,617,android,2025-03-24 13:56:05.392568
3424,2061,android,2025-03-25 15:20:01.416490
3425,2146,web,2025-04-01 20:48:58.019906
3426,2700,android,2025-04-24 04:41:26.762693
3427,4147,android,2025-04-17 00:41:54.043085
3428,4983,ios,2025-04-30 04:25:56.285702
3429,1710,ios,2025-07-02 21:08:37.490601
3430,4617,ios,2025-02-04 12:14:29.839312
3431,2138,ios,2025-03-27 05:19:14.687650
3432,592,android,2025-01-01 00:47:15.234954
3433,3002,ios,2025-01-07 20:37:57.486975
3434,3614,android,2025-05-28 08:38:49.093382
3435,1511,ios,2025-08-01 20:50:27.776166
3436,2949,android,2025-03-16 08:03:55.587324
3437,2163,android,2025-04-08 15:51:17.338830
3438,726,android,2025-02-20 23:59:57.374919
3439,1932,ios,2025-02-04 16:48:27.616880
3440,2138,android,2025-08-03 20:03:38.490609
3441,1710,ios,2025-05-20 00:36:14.097652
3442,4576,android,2025-06-21 06:49:47.045097
3443,1942,android,2025-08-03 07:11:27.801369
3444,3132,ios,2025-05-23 23:30:34.598397
3445,56,android,2025-02-13 19:25:01.800820
3446,1567,ios,2025-06-23 08:03:49.396689
3447,4432,web,2025-07-01 17:12:17.582120
3448,4463,ios,2025-04-11 14:08:53.075097
3449,4887,android,2025-05-30 21:15:33.852016
3450,285,android,2025-04-28 17:53:40.672312
3451,4313,web,2025-03-22 22:03:09.373049
3452,1339,ios,2025-06-13 09:31:50.858816
3453,29,ios,2025-03-02 03:08:32.604818
3454,463,android,2025-03-21 13:48:34.950013
3455,3755,ios,2025-04-09 13:58:36.451298
3456,2960,android,2025-05-30 08:27:55.149252
3457,2866,ios,2025-07-27 02:03:15.247143
3458,4410,ios,2025-05-30 10:11:37.564657
3459,471,web,2025-06-26 10:30:23.316348
3460,414,android,2025-03-13 02:46:38.463475
3461,4665,ios,2025-05-23 17:48:16.608563
3462,3032,android,2025-01-26 05:39:48.669616
3463,3882,android,2025-04-23 13:48:08.311098
3464,2625,ios,2025-06-17 15:22:24.140755
3465,727,android,2025-02-13 16:08:30.285898
3466,2614,android,2025-08-08 05:01:48.598761
3467,4821,ios,2025-04-12 09:04:03.881565
3468,589,ios,2025-06-13 02:05:57.697838
3469,631,ios,2025-04-25 04:25:28.966214
3470,1734,android,2025-06-27 22:31:46.700401
3471,2274,ios,2025-05-22 23:39:23.414118
3472,3144,android,2025-01-30 18:50:33.157440
3473,795,android,2025-08-13 16:56:05.277000
3474,4670,android,2025-06-10 09:28:25.251542
3475,751,ios,2025-04-25 17:07:33.378608
3476,1001,android,2025-06-14 09:57:34.410356
3477,4840,android,2025-03-05 09:32:42.806149
3478,1884,web,2025-07-06 20:34:47.644916
3479,2861,ios,2025-04-10 22:15:59.697160
3480,2175,ios,2025-07-15 14:57:30.145567
3481,1296,ios,2025-03-08 14:16:41.443298
3482,2534,web,2025-07-12 00:54:46.004003
3483,3882,ios,2025-08-09 07:49:34.985307
3484,58,android,2025-08-27 08:08:48.348812
3485,4377,ios,2025-07-08 17:46:21.522415
3486,922,web,2025-06-21 01:48:18.387529
3487,4589,ios,2025-05-07 08:18:05.606748
3488,4812,android,2025-01-26 16:38:32.522351
3489,4665,web,2025-05-17 01:04:04.616852
3490,3255,ios,2025-05-17 20:53:29.825746
3491,4528,android,2025-01-16 17:31:40.355983
3492,4298,web,2025-06-17 19:43:55.600830
3493,3195,ios,2025-02-06 04:37:56.276319
3494,4460,ios,2025-05-25 23:26:26.638480
3495,1713,web,2025-04-25 20:23:49.220803
3496,4174,android,2025-08-01 15:18:59.248258
3497,4628,ios,2025-02-26 10:26:58.476645
3498,3177,android,2025-02-11 14:28:45.818554
3499,613,ios,2025-05-14 22:25:47.768501
3500,1071,ios,2025-04-22 20:08:12.403827
3501,844,ios,2025-02-09 04:41:14.505813
3502,2666,ios,2025-05-30 03:10:10.001457
3503,2170,ios,2025-08-09 02:43:36.605899
3504,4137,android,2025-06-29 21:09:37.394471
3505,1419,android,2025-02-20 22:08:11.742598
3506,828,android,2025-02-27 22:23:04.877557
3507,3079,ios,2025-05-16 11:41:49.588731
3508,695,ios,2025-06-14 15:16:47.853709
3509,4527,ios,2025-08-26 21:30:04.891521
3510,406,android,2025-01-26 11:18:32.482571
3511,2456,ios,2025-05-13 18:17:00.967991
3512,4744,android,2025-08-28 22:22:01.940352
3513,2770,web,2025-01-27 22:45:00.218939
3514,4042,ios,2025-08-25 08:01:13.319991
3515,2116,android,2025-04-23 07:25:18.207699
3516,3775,ios,2025-06-24 07:48:59.398994
3517,3538,android,2025-04-14 08:10:59.936360
3518,2569,android,2025-07-24 08:58:09.360389
3519,504,ios,2025-08-09 18:28:34.794051
3520,4855,ios,2025-02-10 11:59:28.872888
3521,243,android,2025-07-01 13:55:02.746483
3522,1785,android,2025-01-06 00:57:10.557170
3523,3207,android,2025-03-09 06:38:54.059831
3524,3846,android,2025-05-15 05:15:41.471044
3525,2675,android,2025-05-27 13:53:30.526831
3526,2007,android,2025-03-30 18:14:02.179766
3527,2037,web,2025-03-07 17:11:43.780093
3528,4879,android,2025-02-11 17:03:49.428134
3529,1670,android,2025-02-28 06:00:15.381358
3530,4273,android,2025-02-01 15:29:03.379799
3531,260,android,2025-03-05 11:07:13.526133
3532,3297,ios,2025-07-19 13:42:03.691039
3533,3403,android,2025-03-11 20:49:47.695178
3534,3379,android,2025-08-09 13:38:30.918134
3535,2108,web,2025-03-01 14:10:34.351083
3536,3454,ios,2025-04-30 13:08:00.294221
3537,2227,android,2025-02-10 17:16:03.576113
3538,2969,android,2025-01-05 03:41:46.266585
3539,4468,ios,2025-06-02 00:09:02.374216
3540,3362,ios,2025-03-24 01:51:00.645454
3541,3688,web,2025-03-25 20:28:40.381758
3542,4845,android,2025-04-10 02:00:37.434006
3543,1098,ios,2025-07-08 23:53:38.712187
3544,2940,android,2025-04-08 03:17:34.505487
3545,3286,android,2025-01-21 23:55:27.067885
3546,3477,ios,2025-03-09 17:41:27.567029
3547,662,ios,2025-05-20 23:59:08.044844
3548,3802,android,2025-08-30 10:00:56.265166
3549,971,android,2025-02-04 18:49:59.656790
3550,2046,ios,2025-03-20 14:22:10.962927
3551,3571,android,2025-04-28 23:58:48.300907
3552,1316,android,2025-08-18 13:09:41.865926
3553,630,android,2025-01-27 08:19:00.395775
3554,3377,android,2025-07-12 21:34:10.653161
3555,1401,ios,2025-06-25 16:16:18.029776
3556,4132,android,2025-03-16 11:08:44.570730
3557,4491,android,2025-07-08 00:31:52.821627
3558,1750,ios,2025-05-20 16:39:51.619234
3559,3692,android,2025-02-11 15:22:22.169163
3560,1121,ios,2025-03-11 10:26:02.427699
3561,4648,android,2025-03-21 18:52:50.309069
3562,1229,ios,2025-03-20 11:54:26.915320
3563,4410,ios,2025-07-01 08:48:10.450896
3564,3933,ios,2025-06-10 10:50:22.165281
3565,1563,android,2025-07-19 05:23:42.972583
3566,4123,ios,2025-05-05 02:57:40.821654
3567,3162,ios,2025-03-27 04:18:02.242060
3568,3348,android,2025-01-17 11:07:31.404727
3569,1894,android,2025-07-13 00:53:47.678799
3570,1171,android,2025-01-19 04:03:09.984832
3571,3486,android,2025-03-15 06:08:29.126411
3572,262,android,2025-06-12 12:55:46.011750
3573,1743,web,2025-07-05 16:38:28.581222
3574,708,web,2025-01-17 15:33:59.410397
3575,7,android,2025-05-28 15:37:34.797944
3576,38,web,2025-02-03 07:47:38.859245
3577,470,ios,2025-07-04 00:13:24.500506
3578,4699,android,2025-06-27 08:30:06.288564
3579,3856,web,2025-07-01 18:40:18.273829
3580,4947,ios,2025-01-16 11:50:02.993666
3581,421,ios,2025-05-16 22:34:05.645542
3582,4988,android,2025-02-28 12:38:05.837454
3583,2998,android,2025-05-01 11:33:06.825186
3584,3972,web,2025-08-29 10:14:48.774193
3585,4289,android,2025-01-22 23:38:16.966735
3586,1311,android,2025-05-25 08:30:41.030093
3587,3706,android,2025-02-10 02:16:38.176373
3588,3238,android,2025-05-04 22:37:01.102968
3589,2068,android,2025-05-07 13:53:22.738168
3590,2460,web,2025-04-21 20:42:29.370006
3591,1044,android,2025-06-05 10:14:15.659330
3592,926,ios,2025-08-25 17:29:35.751749
3593,4613,ios,2025-07-15 16:02:07.694157
3594,3659,android,2025-08-21 22:06:35.880433
3595,2832,android,2025-02-16 00:53:22.957376
3596,3472,android,2025-08-30 08:30:49.105778
3597,2028,ios,2025-03-16 03:42:54.392334
3598,1250,ios,2025-01-09 07:15:15.124409
3599,4711,android,2025-04-17 00:07:44.054867
3600,4948,web,2025-03-01 19:49:15.855719
3601,1076,ios,2025-07-05 04:41:13.172027
3602,4010,android,2025-01-22 03:02:30.070000
3603,2212,ios,2025-05-14 03:57:16.930680
3604,3540,ios,2025-03-12 07:45:41.019051
3605,544,ios,2025-02-20 05:40:04.003460
3606,2398,android,2025-08-01 18:43:29.235245
3607,625,android,2025-05-06 06:25:35.581456
3608,4073,android,2025-03-21 01:59:33.900480
3609,1993,android,2025-07-01 07:21:34.451444
3610,1319,android,2025-07-27 07:48:24.954614
3611,3499,ios,2025-04-18 10:15:22.605387
3612,4774,android,2025-02-14 06:08:50.753200
3613,1695,android,2025-08-30 14:58:40.129010
3614,3589,ios,2025-03-29 05:32:57.933382
3615,3448,android,2025-02-19 22:30:05.314943
3616,2450,android,2025-01-26 02:29:54.902761
3617,4026,ios,2025-01-31 02:18:58.160075
3618,640,ios,2025-08-18 03:49:29.902060
3619,4388,android,2025-08-19 00:55:24.526228
3620,2021,ios,2025-05-04 10:15:54.869574
3621,224,ios,2025-06-18 04:31:58.464596
3622,4947,ios,2025-07-22 07:57:55.743385
3623,3869,web,2025-05-16 11:04:30.433161
3624,4081,android,2025-06-12 01:50:04.525386
3625,736,android,2025-08-23 23:23:31.163714
3626,3754,ios,2025-02-11 22:13:53.077785
3627,3492,android,2025-02-03 17:23:07.990578
3628,4514,android,2025-07-02 23:40:52.551767
3629,1859,android,2025-06-20 21:48:40.895106
3630,4638,android,2025-02-15 04:28:23.965787
3631,3539,android,2025-03-15 11:40:59.527737
3632,1269,android,2025-06-16 12:24:27.122986
3633,1070,web,2025-05-01 03:08:18.271425
3634,4517,android,2025-08-06 02:44:49.240973
3635,3225,ios,2025-07-23 10:17:10.334273
3636,592,android,2025-04-29 08:52:56.910370
3637,628,android,2025-06-12 01:09:12.808546
3638,4138,web,2025-06-06 08:39:53.671717
3639,849,android,2025-01-23 09:00:09.747904
3640,1095,android,2025-04-14 10:03:06.298199
3641,3073,ios,2025-04-17 21:23:15.203151
3642,4318,android,2025-08-07 01:26:44.890337
3643,1684,android,2025-08-04 02:57:25.843043
3644,3329,web,2025-01-15 00:07:48.220113
3645,3519,android,2025-07-25 09:01:31.782062
3646,3002,ios,2025-05-29 15:19:55.858943
3647,3426,android,2025-01-04 22:37:47.426274
3648,1138,android,2025-04-03 17:47:47.374106
3649,3109,android,2025-08-04 19:20:36.733815
3650,18,ios,2025-03-29 01:13:06.058073
3651,3653,android,2025-06-14 09:02:10.262670
3652,3962,ios,2025-05-18 10:56:56.361606
3653,3970,ios,2025-05-24 08:03:50.777352
3654,148,ios,2025-04-27 20:01:39.019209
3655,4558,android,2025-04-28 05:01:03.939788
3656,2173,ios,2025-08-08 08:13:41.655783
3657,403,ios,2025-04-11 13:22:33.450645
3658,2673,android,2025-02-16 12:18:58.922790
3659,2858,ios,2025-04-12 23:52:08.471102
3660,2011,android,2025-06-28 02:20:48.948925
3661,3744,web,2025-04-26 11:36:44.096305
3662,2719,web,2025-06-27 21:35:16.312620
3663,1085,android,2025-02-28 06:25:09.835437
3664,3101,android,2025-05-22 14:39:47.528524
3665,1319,android,2025-07-30 00:44:48.557430
3666,594,android,2025-05-09 14:52:29.562175
3667,1335,ios,2025-06-04 17:55:47.376597
3668,4528,android,2025-06-14 22:48:06.777688
3669,2862,ios,2025-06-29 17:48:40.396569
3670,1589,web,2025-03-27 02:53:20.635072
3671,1831,web,2025-06-02 07:46:12.004313
3672,4300,android,2025-04-12 03:05:40.376650
3673,3331,web,2025-04-06 00:04:17.956953
3674,3869,android,2025-04-26 11:22:32.026848
3675,3052,android,2025-04-10 02:22:26.222027
3676,4962,android,2025-01-07 06:51:56.598141
3677,3286,ios,2025-06-30 07:18:55.026726
3678,2002,android,2025-05-22 23:51:46.402095
3679,1262,android,2025-02-03 10:21:54.668615
3680,232,android,2025-03-05 11:56:53.234846
3681,3837,web,2025-05-29 11:33:14.607174
3682,4665,ios,2025-05-06 21:04:27.435526
3683,3321,ios,2025-06-25 18:59:35.529799
3684,2436,ios,2025-04-29 21:12:02.455230
3685,654,android,2025-07-25 05:55:01.261651
3686,3220,android,2025-01-19 19:43:03.663774
3687,1001,android,2025-05-30 00:06:51.277087
3688,3111,android,2025-04-01 06:52:57.246922
3689,1505,web,2025-03-16 13:30:26.176052
3690,4330,android,2025-08-18 07:19:09.819173
3691,4681,ios,2025-07-29 21:43:31.206195
3692,1172,ios,2025-02-14 15:25:54.774933
3693,1632,web,2025-01-14 22:58:21.619227
3694,4611,android,2025-07-30 17:49:50.198695
3695,100,web,2025-02-11 03:20:23.893966
3696,2584,ios,2025-08-14 13:33:15.239115
3697,709,android,2025-03-09 09:19:45.790532
3698,2165,ios,2025-04-11 00:45:55.351583
3699,161,android,2025-01-11 22:20:46.457499
3700,703,ios,2025-05-11 14:52:58.686613
3701,2015,ios,2025-02-15 20:42:29.492349
3702,301,ios,2025-04-15 18:02:06.591238
3703,3986,ios,2025-08-12 09:58:26.763149
3704,2891,ios,2025-03-03 09:00:15.399218
3705,2253,android,2025-06-04 06:50:48.811312
3706,2362,android,2025-02-19 02:00:13.197403
3707,4195,ios,2025-05-29 04:37:34.395040
3708,4228,ios,2025-03-12 06:20:50.931295
3709,238,ios,2025-06-15 14:52:43.612357
3710,3427,android,2025-07-07 06:16:14.642980
3711,2349,android,2025-08-03 00:06:12.216834
3712,3915,ios,2025-08-12 05:14:48.258253
3713,3936,ios,2025-02-28 15:16:21.748143
3714,3542,android,2025-02-01 08:17:30.128758
3715,3374,android,2025-01-12 18:57:08.072971
3716,1060,ios,2025-06-25 01:07:37.493750
3717,4265,ios,2025-02-15 09:57:21.865821
3718,3505,android,2025-07-14 10:34:16.446531
3719,1370,android,2025-08-23 10:49:10.110741
3720,1164,android,2025-02-05 22:55:45.118946
3721,2505,android,2025-03-10 20:23:06.731255
3722,1715,android,2025-05-08 08:20:43.241301
3723,3385,android,2025-04-15 14:57:47.024075
3724,2033,ios,2025-04-14 12:05:29.789209
3725,843,android,2025-02-22 18:09:35.330240
3726,1976,ios,2025-08-05 01:54:07.294386
3727,4080,android,2025-06-15 15:01:43.833288
3728,4154,android,2025-02-07 09:21:35.508690
3729,1558,android,2025-01-02 01:53:18.521700
3730,3980,android,2025-07-05 07:58:01.033186
3731,467,ios,2025-01-04 20:28:53.910153
3732,4921,web,2025-08-02 22:35:22.623299
3733,3829,ios,2025-05-09 15:36:54.382513
3734,205,ios,2025-08-15 00:15:35.343746
3735,3526,ios,2025-07-07 13:28:02.174645
3736,2471,ios,2025-08-06 07:48:42.800276
3737,4419,ios,2025-06-30 17:56:41.597955
3738,1200,ios,2025-05-21 02:49:48.300387
3739,4461,android,2025-02-12 01:17:15.033493
3740,4354,android,2025-06-26 19:38:04.223644
3741,1393,ios,2025-05-24 22:20:13.875206
3742,2162,ios,2025-04-21 11:34:02.606481
3743,3207,android,2025-05-16 17:42:15.853052
3744,1202,web,2025-02-26 10:31:09.341937
3745,4996,android,2025-04-09 06:37:10.552617
3746,955,ios,2025-01-31 04:19:14.124070
3747,1220,web,2025-04-10 13:46:35.365679
3748,2504,android,2025-04-24 11:09:00.281869
3749,2365,web,2025-07-28 10:31:36.534303
3750,251,ios,2025-05-09 02:30:45.965116
3751,4551,ios,2025-08-09 20:31:16.864587
3752,1201,web,2025-08-24 04:53:48.789721
3753,516,ios,2025-01-12 21:41:44.962635
3754,2597,android,2025-05-26 02:32:26.231094
3755,4642,ios,2025-03-14 17:07:50.985199
3756,12,android,2025-07-26 20:55:51.641476
3757,2441,android,2025-05-01 01:27:45.758186
3758,4554,android,2025-01-19 23:23:34.390647
3759,4466,android,2025-02-22 05:55:07.190441
3760,855,ios,2025-06-13 18:06:56.873780
3761,3107,web,2025-01-20 08:18:54.735681
3762,4180,web,2025-04-03 02:47:06.767216
3763,3358,android,2025-07-31 19:17:55.401503
3764,3287,ios,2025-01-08 02:18:09.478522
3765,3865,ios,2025-06-19 04:14:26.025465
3766,2267,android,2025-06-14 03:25:25.306956
3767,336,ios,2025-03-19 22:32:16.439419
3768,3198,android,2025-01-28 09:21:49.104813
3769,3139,web,2025-01-25 21:14:21.099812
3770,4258,android,2025-08-24 12:32:16.717760
3771,4620,ios,2025-06-14 11:46:32.853535
3772,1689,ios,2025-04-02 08:46:50.843442
3773,4781,ios,2025-07-22 13:14:13.296070
3774,50,android,2025-01-26 02:39:24.294107
3775,4842,android,2025-01-31 20:14:36.349086
3776,687,web,2025-02-18 00:11:14.147293
3777,3230,android,2025-07-05 13:05:45.337606
3778,3417,android,2025-04-10 08:40:47.204337
3779,3167,web,2025-06-06 03:30:17.854065
3780,4955,ios,2025-02-26 11:39:17.912091
3781,2763,ios,2025-07-08 21:12:12.836736
3782,658,android,2025-07-14 19:18:41.814224
3783,3038,android,2025-04-11 10:07:12.096828
3784,1455,ios,2025-02-20 20:32:00.678076
3785,3061,android,2025-06-03 02:27:11.551600
3786,1904,android,2025-03-04 05:46:53.553779
3787,213,android,2025-02-06 00:50:44.942252
3788,3188,ios,2025-05-30 15:19:53.019403
3789,445,android,2025-05-05 15:17:02.672980
3790,1640,ios,2025-07-10 09:07:20.518896
3791,3098,android,2025-03-13 00:44:56.374646
3792,4406,android,2025-02-24 17:57:49.334780
3793,1572,web,2025-06-05 15:31:46.076231
3794,1493,web,2025-06-20 08:34:58.074271
3795,1508,ios,2025-04-11 10:44:09.609822
3796,2876,web,2025-04-18 11:50:31.774997
3797,968,android,2025-01-31 00:30:51.690620
3798,2636,android,2025-04-25 01:39:08.149074
3799,4006,android,2025-08-22 14:27:53.944489
3800,404,android,2025-01-28 15:05:08.653959
3801,4822,ios,2025-05-19 00:23:20.907954
3802,2660,ios,2025-01-05 11:15:20.439437
3803,3139,android,2025-03-21 01:34:51.445133
3804,3087,android,2025-07-04 22:59:37.608100
3805,4728,web,2025-05-18 19:41:04.191474
3806,3324,ios,2025-01-20 17:09:49.464007
3807,4420,android,2025-04-20 19:04:50.195991
3808,1430,android,2025-01-20 05:10:12.564164
3809,1090,android,2025-04-01 18:25:25.740666
3810,3218,android,2025-07-06 20:32:31.521991
3811,768,android,2025-03-04 18:06:43.190965
3812,556,android,2025-04-21 04:09:59.837041
3813,1058,android,2025-05-02 13:58:40.930844
3814,1355,android,2025-07-27 08:18:16.326839
3815,482,android,2025-01-30 12:36:27.356216
3816,3644,android,2025-05-14 18:02:27.503657
3817,2915,android,2025-01-08 11:34:01.954769
3818,1002,ios,2025-01-23 16:20:30.548858
3819,1414,ios,2025-02-23 15:15:21.334681
3820,4650,android,2025-06-24 21:22:25.111315
3821,4565,android,2025-01-10 23:44:47.844049
3822,616,ios,2025-08-18 15:38:35.101347
3823,3068,android,2025-04-14 22:09:31.574803
3824,1616,ios,2025-07-23 19:01:05.219284
3825,1799,web,2025-02-23 21:58:45.464141
3826,2999,android,2025-03-24 02:06:43.309821
3827,4924,android,2025-06-26 15:57:22.686443
3828,2914,android,2025-04-03 03:28:40.620947
3829,4766,ios,2025-05-04 07:40:09.870652
3830,4102,android,2025-07-16 15:33:32.446113
3831,3894,ios,2025-06-08 05:11:12.965713
3832,3952,android,2025-07-23 02:49:44.342547
3833,3959,ios,2025-01-22 00:23:15.953313
3834,1277,ios,2025-05-28 18:15:59.192853
3835,4887,android,2025-05-27 02:13:24.786093
3836,4592,web,2025-05-28 12:35:55.151437
3837,3003,ios,2025-05-24 01:56:28.198522
3838,3556,android,2025-06-25 21:25:24.773963
3839,4401,web,2025-07-25 02:25:12.641439
3840,764,ios,2025-02-25 19:00:54.127116
3841,325,android,2025-01-26 09:48:58.351389
3842,4979,ios,2025-01-18 23:25:27.158709
3843,2771,ios,2025-02-08 11:57:06.617448
3844,3611,ios,2025-06-09 09:30:58.777329
3845,2513,web,2025-04-12 05:01:06.445338
3846,2587,android,2025-03-26 22:13:24.827008
3847,189,android,2025-08-10 02:50:02.721706
3848,1448,android,2025-08-07 17:49:32.615609
3849,435,ios,2025-05-11 22:48:55.936553
3850,2162,android,2025-04-22 09:58:28.727541
3851,110,android,2025-03-07 17:12:36.930577
3852,4013,android,2025-04-22 18:08:55.394191
3853,1471,ios,2025-04-10 20:28:50.024131
3854,3706,android,2025-01-02 16:32:35.245196
3855,268,android,2025-07-04 08:01:08.497370
3856,167,android,2025-04-17 13:45:33.945705
3857,2116,android,2025-02-24 03:39:25.673795
3858,3941,android,2025-06-11 21:38:17.167518
3859,4064,android,2025-04-19 18:48:06.026827
3860,2724,ios,2025-03-18 05:40:25.004720
3861,3070,android,2025-02-26 02:05:17.759600
3862,3444,android,2025-01-15 08:54:51.131592
3863,3369,ios,2025-05-03 05:37:29.607515
3864,3706,android,2025-04-02 05:35:27.017908
3865,158,android,2025-01-10 19:11:59.384869
3866,2145,android,2025-07-17 09:57:19.681284
3867,4198,android,2025-07-16 09:54:49.775324
3868,2199,android,2025-04-30 01:49:44.886303
3869,731,web,2025-07-23 20:28:01.777249
3870,3327,android,2025-04-27 21:13:27.361670
3871,1514,ios,2025-02-11 01:02:27.386430
3872,2557,web,2025-05-06 18:37:57.254770
3873,2584,android,2025-03-17 22:53:25.826688
3874,3482,ios,2025-04-20 22:11:25.427654
3875,4650,android,2025-08-24 20:56:48.626637
3876,3469,ios,2025-03-28 09:27:21.749609
3877,4991,web,2025-02-22 11:04:10.594524
3878,95,android,2025-02-01 05:42:45.425584
3879,3914,web,2025-08-03 19:03:58.915161
3880,2086,android,2025-01-04 15:07:14.639337
3881,3647,ios,2025-08-09 12:16:12.447747
3882,427,android,2025-01-16 00:15:16.002588
3883,2639,android,2025-07-02 21:30:33.756755
3884,150,android,2025-03-13 08:34:20.441524
3885,3329,web,2025-03-02 17:27:36.002152
3886,1083,ios,2025-02-13 17:22:59.565886
3887,723,ios,2025-02-02 16:29:32.820927
3888,396,android,2025-01-17 02:16:50.243444
3889,1346,android,2025-02-07 16:13:12.308127
3890,4799,android,2025-05-23 23:59:59.012094
3891,4924,android,2025-05-19 10:21:56.379644
3892,402,android,2025-03-10 07:13:39.385964
3893,4899,web,2025-06-15 05:04:15.846847
3894,2938,ios,2025-07-07 00:28:35.277546
3895,1615,android,2025-08-27 04:22:49.025241
3896,4712,android,2025-04-17 20:44:04.757533
3897,1206,ios,2025-04-02 00:36:12.325706
3898,909,ios,2025-08-25 11:33:20.817736
3899,1148,ios,2025-08-17 22:38:01.155169
3900,729,android,2025-08-14 05:57:35.629291
3901,2425,android,2025-05-28 22:26:18.590177
3902,703,android,2025-05-31 02:36:42.405834
3903,1119,web,2025-08-14 11:58:49.785423
3904,1857,ios,2025-04-27 14:18:17.396197
3905,3243,web,2025-02-21 20:59:16.459104
3906,4291,android,2025-08-28 10:01:43.932672
3907,375,android,2025-07-24 14:57:02.356022
3908,3154,android,2025-01-14 14:54:20.557369
3909,519,web,2025-01-28 07:53:45.725055
3910,4954,android,2025-08-03 08:30:33.495773
3911,1385,ios,2025-03-15 03:56:15.002771
3912,4285,android,2025-06-19 05:19:18.970430
3913,3888,android,2025-01-29 15:08:13.993474
3914,1622,android,2025-02-11 10:33:08.557061
3915,1617,android,2025-07-01 14:38:33.521829
3916,1586,ios,2025-08-26 23:13:44.827245
3917,2355,web,2025-05-03 00:49:24.254299
3918,2211,ios,2025-01-11 10:17:12.763614
3919,3284,android,2025-02-26 22:32:12.733966
3920,2322,ios,2025-02-21 16:28:19.175131
3921,3943,android,2025-08-16 06:30:26.997243
3922,2333,ios,2025-04-12 20:28:57.895794
3923,1536,ios,2025-08-19 06:49:40.034073
3924,1634,android,2025-07-28 21:05:50.819775
3925,3655,android,2025-04-20 13:06:10.642516
3926,703,android,2025-01-07 00:59:01.560317
3927,1431,android,2025-08-25 10:14:50.736755
3928,1559,web,2025-01-03 10:44:11.739545
3929,3223,ios,2025-07-28 00:56:53.683067
3930,646,android,2025-04-11 09:58:04.989210
3931,2255,android,2025-03-15 05:14:01.349758
3932,3374,ios,2025-04-10 05:12:32.968434
3933,4634,android,2025-03-28 17:29:45.008650
3934,2189,android,2025-06-17 10:56:36.731829
3935,4911,ios,2025-05-20 04:07:16.760578
3936,3039,android,2025-03-04 10:16:08.772407
3937,3871,android,2025-05-09 04:23:12.136794
3938,1215,android,2025-04-09 09:40:08.116574
3939,4578,android,2025-08-12 17:12:32.272329
3940,1296,web,2025-08-05 20:20:55.357826
3941,683,ios,2025-05-31 00:21:40.855297
3942,396,web,2025-08-23 14:01:30.237329
3943,3273,web,2025-04-02 03:44:27.400483
3944,3142,android,2025-01-22 09:02:33.538546
3945,992,android,2025-01-12 13:54:29.650033
3946,4394,ios,2025-07-22 12:39:09.385107
3947,1385,android,2025-04-04 04:31:02.319770
3948,3050,web,2025-07-29 01:07:00.251451
3949,2615,android,2025-04-22 11:20:37.058748
3950,2962,android,2025-01-03 17:09:52.033907
3951,3710,ios,2025-05-09 11:04:39.019302
3952,4637,web,2025-05-25 11:23:36.113306
3953,3608,ios,2025-04-20 17:11:59.143497
3954,4536,ios,2025-07-23 15:24:57.288271
3955,4348,android,2025-06-06 11:51:20.094253
3956,1795,ios,2025-03-30 15:09:33.214691
3957,2797,ios,2025-06-24 17:13:18.937313
3958,991,android,2025-03-19 15:59:08.030829
3959,4632,ios,2025-07-23 18:24:35.313509
3960,4836,android,2025-03-10 01:33:53.300319
3961,4440,android,2025-06-11 23:40:32.920858
3962,3713,web,2025-04-11 20:49:00.450008
3963,4246,android,2025-01-25 14:06:03.115153
3964,3971,ios,2025-06-03 00:26:17.465628
3965,1148,android,2025-04-04 01:58:11.263205
3966,1320,web,2025-06-04 03:01:26.893876
3967,2658,android,2025-05-12 04:43:03.640962
3968,2103,android,2025-01-11 02:34:57.966170
3969,3682,ios,2025-02-19 19:26:00.054417
3970,3681,ios,2025-06-20 04:51:20.715070
3971,4881,android,2025-04-24 15:22:07.821912
3972,3943,android,2025-04-24 08:26:58.584618
3973,59,android,2025-01-01 13:59:19.090738
3974,1703,web,2025-03-15 13:55:08.711826
3975,1636,ios,2025-06-12 16:19:31.790668
3976,3168,web,2025-08-04 12:54:52.326166
3977,1712,web,2025-05-20 11:36:33.131940
3978,4893,android,2025-05-12 09:02:36.376420
3979,1443,ios,2025-04-25 06:52:32.529963
3980,2188,ios,2025-06-14 20:54:06.892291
3981,4088,ios,2025-07-13 22:42:03.373617
3982,1836,ios,2025-02-23 15:01:38.783879
3983,226,android,2025-06-23 11:54:37.668744
3984,1662,web,2025-03-01 06:09:40.323327
3985,1798,ios,2025-01-08 17:24:45.690594
3986,3061,ios,2025-01-19 03:31:59.020586
3987,3559,android,2025-01-12 07:25:48.743215
3988,2744,android,2025-03-10 01:58:19.849426
3989,2034,ios,2025-01-31 21:40:28.884449
3990,2514,ios,2025-01-21 16:54:35.985863
3991,721,android,2025-02-05 20:43:42.588538
3992,906,android,2025-01-10 06:46:20.995904
3993,3055,ios,2025-03-25 11:35:35.692730
3994,4328,web,2025-07-19 22:39:46.667935
3995,2614,android,2025-05-15 13:38:12.115830
3996,302,android,2025-01-16 18:53:07.175662
3997,4910,android,2025-04-02 02:33:09.252580
3998,1621,android,2025-04-15 10:47:45.120272
3999,3743,android,2025-02-11 21:30:12.599638
4000,4489,android,2025-04-01 15:24:18.978593
4001,4931,ios,2025-03-23 19:57:19.251704
4002,583,android,2025-04-30 23:53:25.104284
4003,932,android,2025-06-19 10:36:28.291364
4004,3228,web,2025-04-27 08:34:37.656209
4005,3808,android,2025-01-18 23:18:00.094506
4006,4175,ios,2025-01-14 10:05:37.725905
4007,2759,android,2025-08-04 18:34:45.847129
4008,793,ios,2025-06-18 19:51:50.464141
4009,3563,ios,2025-06-09 16:40:09.940717
4010,3342,android,2025-08-10 21:47:23.454795
4011,2338,ios,2025-05-12 14:03:43.918873
4012,3189,ios,2025-01-18 21:57:15.697180
4013,1062,android,2025-06-23 14:17:30.102793
4014,4055,ios,2025-02-09 10:22:18.791936
4015,229,android,2025-06-11 21:14:47.254575
4016,4195,android,2025-04-08 08:55:37.838186
4017,4192,web,2025-01-07 20:36:46.507376
4018,3438,android,2025-01-14 11:50:54.257168
4019,4075,android,2025-04-06 09:50:27.124101
4020,4565,android,2025-05-25 11:22:31.907362
4021,813,web,2025-02-11 12:40:21.151184
4022,2724,android,2025-01-26 22:33:55.125417
4023,3226,android,2025-04-02 10:10:32.957684
4024,4714,ios,2025-07-15 09:58:55.231633
4025,3689,ios,2025-07-10 12:19:12.658793
4026,2972,android,2025-06-16 05:54:18.843366
4027,2789,web,2025-04-14 08:40:51.339480
4028,719,android,2025-04-18 09:22:48.308290
4029,1587,ios,2025-02-24 21:42:16.593872
4030,2166,ios,2025-02-03 07:48:54.235718
4031,4405,android,2025-01-04 20:23:00.570940
4032,4310,ios,2025-07-29 00:23:42.144037
4033,3213,ios,2025-05-01 13:44:55.151407
4034,530,android,2025-01-01 17:44:48.028806
4035,3602,android,2025-05-09 14:08:21.469149
4036,2295,android,2025-03-04 18:32:41.999384
4037,3261,ios,2025-04-14 20:22:44.227698
4038,2167,android,2025-06-13 09:30:04.688020
4039,3607,web,2025-07-16 18:25:41.962006
4040,1088,android,2025-06-20 05:12:35.432815
4041,726,web,2025-08-06 19:12:49.168957
4042,1100,ios,2025-02-27 01:02:22.184133
4043,4613,android,2025-06-10 17:11:53.418611
4044,378,android,2025-08-05 05:29:45.493698
4045,1430,ios,2025-03-16 23:10:17.402758
4046,1713,android,2025-07-14 06:24:06.336189
4047,4183,android,2025-08-17 11:20:13.933978
4048,1797,ios,2025-06-06 11:05:23.886498
4049,4467,web,2025-02-09 21:59:27.328851
4050,4941,ios,2025-03-05 09:20:11.464255
4051,3257,ios,2025-06-15 05:38:41.268746
4052,1716,ios,2025-07-30 11:32:06.073951
4053,2992,ios,2025-01-06 18:32:56.421555
4054,3347,android,2025-03-21 07:09:52.372491
4055,546,ios,2025-02-26 18:10:47.570118
4056,4166,ios,2025-04-13 13:27:35.474136
4057,2182,ios,2025-07-06 17:45:44.788853
4058,4230,web,2025-05-03 04:21:42.097809
4059,3059,android,2025-05-06 22:40:17.490782
4060,4305,ios,2025-05-28 23:50:21.423847
4061,410,android,2025-05-06 07:24:33.034894
4062,213,android,2025-06-17 05:56:24.488289
4063,558,android,2025-01-27 00:14:30.645301
4064,4373,web,2025-01-06 12:58:34.729374
4065,4968,android,2025-07-20 21:50:19.504208
4066,4994,ios,2025-04-27 08:59:27.224228
4067,1662,ios,2025-03-14 12:41:56.971079
4068,1322,ios,2025-04-21 09:30:27.678218
4069,1749,ios,2025-06-07 23:20:02.579776
4070,4086,android,2025-01-30 13:46:16.538388
4071,1258,android,2025-05-08 05:42:08.189686
4072,2737,ios,2025-01-27 21:38:59.689461
4073,3231,android,2025-07-28 21:00:30.634242
4074,1807,android,2025-05-17 15:49:22.654227
4075,2366,android,2025-07-17 00:55:59.884067
4076,3326,android,2025-06-25 04:54:13.039964
4077,3953,web,2025-07-18 02:34:14.678291
4078,949,web,2025-03-25 01:25:14.790480
4079,2563,ios,2025-02-03 21:20:44.814045
4080,772,android,2025-08-05 15:50:21.525081
4081,78,web,2025-08-03 23:13:04.618258
4082,3226,ios,2025-08-03 15:14:50.177776
4083,2414,web,2025-08-29 09:25:58.279327
4084,1298,android,2025-05-25 20:50:55.886172
4085,276,android,2025-05-05 12:52:47.203563
4086,4730,ios,2025-07-13 18:02:03.246418
4087,4134,web,2025-01-27 18:18:16.224349
4088,4677,android,2025-07-10 06:43:49.749758
4089,569,android,2025-07-17 08:54:03.659000
4090,71,ios,2025-05-21 06:11:01.602029
4091,1085,web,2025-04-05 06:20:53.963273
4092,503,ios,2025-06-09 11:06:58.476106
4093,2300,web,2025-08-11 08:22:59.291671
4094,3228,ios,2025-02-08 09:14:53.091988
4095,976,ios,2025-03-17 14:21:05.320731
4096,1984,android,2025-06-13 03:43:26.654176
4097,2697,android,2025-07-22 11:19:19.566104
4098,1587,ios,2025-06-08 10:52:00.513670
4099,2304,ios,2025-05-24 13:47:36.587938
4100,2952,android,2025-01-21 20:02:33.629454
4101,4763,android,2025-04-16 09:26:06.329693
4102,1552,ios,2025-08-05 07:29:55.835778
4103,442,ios,2025-03-29 21:05:17.835594
4104,4343,android,2025-04-03 14:01:28.679375
4105,2884,web,2025-03-28 21:16:30.910090
4106,2361,android,2025-03-30 03:32:58.074568
4107,3602,android,2025-04-09 08:33:11.527679
4108,4906,android,2025-07-07 22:15:36.518129
4109,639,android,2025-04-21 13:55:33.591481
4110,4304,android,2025-05-28 12:31:24.421263
4111,3183,ios,2025-04-18 12:11:42.820966
4112,2927,ios,2025-08-01 08:12:01.795807
4113,4322,android,2025-02-13 10:27:55.578000
4114,1521,ios,2025-01-30 20:45:59.766677
4115,3938,web,2025-04-10 01:51:30.428720
4116,2853,android,2025-08-25 18:02:44.658633
4117,4676,android,2025-06-20 01:12:44.721679
4118,2339,android,2025-05-30 18:05:08.834841
4119,3603,ios,2025-04-05 20:25:52.267440
4120,2487,android,2025-03-13 17:19:34.609457
4121,1970,ios,2025-08-21 10:45:47.736433
4122,1878,ios,2025-04-14 17:47:42.163724
4123,4603,ios,2025-06-22 19:02:50.576516
4124,4190,android,2025-07-16 22:28:30.924505
4125,1127,android,2025-06-09 18:40:25.241077
4126,4329,android,2025-02-26 12:33:25.118634
4127,2919,ios,2025-03-11 23:31:15.304636
4128,521,ios,2025-01-06 14:02:10.346784
4129,3829,ios,2025-08-24 13:24:56.754174
4130,812,ios,2025-07-22 19:41:46.662958
4131,4362,android,2025-04-09 04:11:43.069049
4132,2273,android,2025-08-05 20:35:53.570525
4133,4583,android,2025-02-07 08:15:50.146182
4134,2416,android,2025-01-11 05:09:50.971453
4135,425,android,2025-02-02 21:01:49.671694
4136,3834,android,2025-08-03 16:06:05.838602
4137,3631,ios,2025-02-08 23:58:55.611392
4138,1512,android,2025-01-17 13:18:44.773970
4139,1021,android,2025-02-15 02:06:33.817567
4140,4320,android,2025-04-11 20:38:40.708849
4141,3896,android,2025-05-01 15:11:12.074271
4142,1490,android,2025-02-27 07:52:07.373886
4143,3504,android,2025-07-15 18:56:24.115526
4144,1204,android,2025-08-22 05:48:45.742617
4145,907,web,2025-03-12 16:09:23.310824
4146,3320,android,2025-08-15 06:06:10.495538
4147,4165,android,2025-07-18 18:06:23.034467
4148,4594,android,2025-08-04 07:16:12.889913
4149,2309,android,2025-01-15 12:09:47.566750
4150,717,ios,2025-07-22 16:07:57.121816
4151,2720,android,2025-05-23 09:06:54.454831
4152,3405,ios,2025-01-10 07:07:26.590062
4153,4858,web,2025-07-03 03:17:20.776736
4154,561,ios,2025-02-28 17:40:56.627123
4155,3284,android,2025-07-13 16:32:44.023007
4156,2562,android,2025-06-02 02:46:07.178126
4157,2943,android,2025-04-30 15:16:43.996643
4158,464,ios,2025-01-06 16:22:21.162836
4159,84,android,2025-08-05 04:34:58.929105
4160,3033,ios,2025-02-05 20:35:43.608911
4161,997,android,2025-07-21 14:46:49.307364
4162,3070,android,2025-06-17 05:21:49.722375
4163,133,android,2025-01-17 21:44:53.343194
4164,4007,android,2025-05-12 18:11:54.458548
4165,1667,ios,2025-08-22 16:56:52.668259
4166,2256,ios,2025-08-13 05:49:16.237960
4167,1723,android,2025-02-05 13:12:43.511562
4168,2092,android,2025-02-12 02:00:20.642245
4169,2652,ios,2025-02-07 07:59:38.840627
4170,3228,android,2025-07-03 18:00:34.314239
4171,3449,ios,2025-02-09 01:31:01.106050
4172,4951,android,2025-01-16 16:38:20.916139
4173,897,ios,2025-04-05 20:25:01.024245
4174,4359,ios,2025-08-23 22:53:56.817100
4175,3009,android,2025-03-16 21:46:17.672119
4176,1548,android,2025-06-25 23:44:40.566082
4177,4585,android,2025-02-04 23:34:51.631819
4178,3535,android,2025-05-31 22:31:21.797811
4179,926,ios,2025-05-22 05:21:35.194655
4180,874,android,2025-08-08 17:08:16.593796
4181,3296,android,2025-06-24 02:57:41.657856
4182,3649,ios,2025-01-30 08:25:00.783576
4183,228,ios,2025-04-09 08:47:35.465308
4184,3141,android,2025-01-01 03:14:41.010569
4185,2656,ios,2025-02-28 13:29:37.485510
4186,4848,android,2025-08-25 00:46:25.638449
4187,3708,ios,2025-04-21 17:53:03.031407
4188,4547,android,2025-07-30 19:42:46.030471
4189,171,ios,2025-01-06 18:23:15.724578
4190,3822,android,2025-08-02 20:29:50.363623
4191,1669,android,2025-08-05 02:57:28.178366
4192,2767,ios,2025-06-08 18:49:08.308471
4193,4390,android,2025-01-29 05:58:31.003134
4194,4350,android,2025-08-01 20:55:32.779656
4195,1128,android,2025-08-07 16:00:22.506655
4196,1201,ios,2025-02-18 20:30:15.591278
4197,3615,android,2025-08-17 11:02:04.241958
4198,4391,ios,2025-08-03 02:14:02.757962
4199,3062,android,2025-02-19 18:50:21.912089
4200,274,ios,2025-04-06 16:45:44.822679
4201,819,web,2025-03-23 19:30:38.641713
4202,3748,android,2025-05-02 01:39:22.747916
4203,3709,ios,2025-08-05 00:38:58.721477
4204,4483,android,2025-08-01 11:11:37.616728
4205,2661,android,2025-02-12 16:31:24.022987
4206,2138,ios,2025-05-14 22:12:24.040401
4207,561,ios,2025-05-10 18:29:14.444697
4208,3910,ios,2025-04-20 10:43:22.077612
4209,4747,web,2025-06-23 16:11:15.138161
4210,227,android,2025-06-06 23:17:43.443891
4211,2460,ios,2025-03-08 20:25:37.484317
4212,1777,android,2025-03-26 14:32:08.593401
4213,3726,web,2025-08-04 20:57:49.706279
4214,3818,ios,2025-03-21 03:54:06.135559
4215,1089,android,2025-04-18 21:54:20.042359
4216,4761,ios,2025-08-25 09:55:59.997857
4217,686,ios,2025-07-28 07:39:42.953436
4218,3906,web,2025-06-19 20:21:06.696239
4219,3707,ios,2025-03-15 21:03:37.836443
4220,812,ios,2025-06-02 18:52:11.811091
4221,3370,android,2025-06-06 00:15:43.090031
4222,1352,android,2025-04-11 00:13:49.476675
4223,1371,ios,2025-01-09 18:38:34.997074
4224,433,android,2025-03-31 01:35:38.658589
4225,3732,android,2025-05-04 11:26:03.883983
4226,4038,web,2025-08-19 21:13:45.001152
4227,2525,web,2025-06-26 18:45:23.914041
4228,3880,web,2025-01-27 05:25:41.651596
4229,1743,android,2025-03-15 05:53:41.549736
4230,2826,android,2025-05-07 18:27:37.442742
4231,3935,web,2025-04-20 14:54:15.432848
4232,2155,android,2025-01-02 05:52:31.981180
4233,3084,android,2025-08-16 05:30:11.564265
4234,726,android,2025-08-08 16:21:36.162658
4235,2537,ios,2025-08-13 11:16:42.005285
4236,4255,android,2025-04-15 03:19:54.780880
4237,3866,android,2025-07-22 12:14:45.443064
4238,1501,android,2025-06-22 04:11:21.709318
4239,2725,android,2025-05-05 08:29:47.420932
4240,3099,ios,2025-01-19 17:50:05.519491
4241,4693,ios,2025-02-10 18:54:46.212030
4242,4145,ios,2025-02-27 21:22:31.729331
4243,4091,android,2025-08-06 16:57:04.002297
4244,3764,android,2025-06-11 16:25:39.254064
4245,1791,android,2025-08-27 21:02:12.290675
4246,1886,web,2025-05-18 15:25:52.728774
4247,2325,android,2025-01-21 13:59:52.305576
4248,2131,android,2025-04-27 02:18:53.341558
4249,4787,android,2025-01-28 03:55:36.949389
4250,4377,web,2025-08-08 00:45:02.226242
4251,4477,ios,2025-03-09 15:49:44.340900
4252,3038,android,2025-02-17 22:28:40.786495
4253,956,ios,2025-05-05 07:50:07.873255
4254,719,android,2025-07-16 02:55:49.308409
4255,1372,ios,2025-05-05 00:20:58.983255
4256,3256,web,2025-01-10 06:52:45.048620
4257,1823,ios,2025-06-30 12:54:59.850555
4258,3276,ios,2025-01-09 06:42:14.512673
4259,4400,android,2025-05-27 20:44:05.135782
4260,1672,android,2025-05-30 21:57:21.608815
4261,4638,ios,2025-02-20 16:05:06.372594
4262,2560,ios,2025-04-19 12:25:38.493453
4263,4012,android,2025-01-02 12:06:39.938840
4264,300,android,2025-03-10 22:25:04.775377
4265,1379,android,2025-05-31 12:03:22.980026
4266,4655,android,2025-03-11 01:16:32.828135
4267,4436,ios,2025-01-12 13:47:01.903412
4268,2855,android,2025-06-13 20:18:29.635743
4269,165,ios,2025-06-30 09:38:55.463976
4270,299,android,2025-07-29 16:56:09.466054
4271,2115,ios,2025-08-01 18:11:02.582800
4272,4491,web,2025-05-01 14:31:10.903865
4273,1889,ios,2025-04-09 23:43:05.423037
4274,4421,ios,2025-05-23 08:45:56.743002
4275,2677,android,2025-07-12 14:50:46.078245
4276,675,android,2025-04-26 12:08:14.119651
4277,2804,ios,2025-08-30 19:48:45.692566
4278,1822,ios,2025-06-04 21:59:27.798186
4279,1128,ios,2025-03-16 20:52:38.920076
4280,3376,ios,2025-07-12 20:54:41.577636
4281,1023,android,2025-02-06 15:16:08.559464
4282,4528,android,2025-08-16 09:30:38.444504
4283,4018,web,2025-03-24 16:55:56.787434
4284,3911,ios,2025-06-16 11:11:52.676681
4285,381,ios,2025-06-01 22:47:50.488954
4286,4804,ios,2025-01-24 07:07:54.653213
4287,2467,web,2025-06-25 08:29:10.096679
4288,3665,ios,2025-03-17 18:31:35.449613
4289,959,android,2025-04-03 15:02:49.007952
4290,3841,ios,2025-01-24 10:55:50.386424
4291,1598,android,2025-07-16 20:24:42.724742
4292,3536,android,2025-07-29 01:06:24.742689
4293,1387,ios,2025-02-02 15:02:49.225632
4294,4662,android,2025-07-17 11:09:17.555697
4295,3543,android,2025-08-07 05:08:01.304598
4296,2262,ios,2025-01-24 15:25:12.635469
4297,2281,web,2025-08-31 08:59:58.469371
4298,2,android,2025-01-02 02:32:15.337627
4299,1498,ios,2025-07-24 16:54:35.860707
4300,3947,android,2025-05-16 15:57:05.016883
4301,4157,android,2025-08-21 14:52:40.534832
4302,4999,ios,2025-03-24 03:47:55.403364
4303,429,ios,2025-03-29 16:27:55.059884
4304,1254,ios,2025-07-24 05:05:01.146799
4305,3832,ios,2025-06-22 16:43:14.681807
4306,1807,web,2025-05-26 22:13:24.289037
4307,1242,ios,2025-06-06 14:03:03.673069
4308,1407,android,2025-06-15 21:08:43.822797
4309,4591,ios,2025-01-12 15:00:44.926709
4310,4290,ios,2025-01-29 14:54:45.245147
4311,28,android,2025-02-14 01:05:23.175795
4312,4203,ios,2025-02-12 23:01:17.039696
4313,2784,ios,2025-07-24 19:49:54.370669
4314,4223,android,2025-04-06 20:46:52.446505
4315,3112,android,2025-04-29 22:19:16.197395
4316,3442,android,2025-01-22 17:21:41.644596
4317,2887,android,2025-07-31 13:17:55.685125
4318,3674,ios,2025-01-03 11:51:24.970171
4319,4076,android,2025-01-21 05:46:58.343979
4320,2542,ios,2025-07-17 08:13:18.695743
4321,561,ios,2025-02-01 17:38:31.273068
4322,466,android,2025-07-12 18:51:44.399230
4323,2078,android,2025-03-27 03:38:06.844910
4324,2367,android,2025-07-08 14:12:10.637652
4325,4319,android,2025-01-13 05:40:20.485995
4326,166,android,2025-03-24 22:14:24.332191
4327,4444,android,2025-04-27 22:47:21.508403
4328,276,ios,2025-06-02 01:06:31.347373
4329,2492,ios,2025-07-23 04:50:07.488586
4330,2114,android,2025-03-01 09:44:28.619226
4331,2790,android,2025-06-10 02:38:14.596741
4332,213,ios,2025-02-06 21:07:30.667333
4333,3820,android,2025-07-13 05:25:10.583649
4334,672,ios,2025-08-15 18:32:45.849174
4335,3899,android,2025-01-12 11:44:01.805876
4336,2835,web,2025-01-20 09:43:56.285630
4337,4441,android,2025-07-11 08:56:17.004411
4338,4894,android,2025-08-02 21:30:05.582422
4339,4220,ios,2025-06-07 12:24:21.508042
4340,2261,android,2025-04-23 01:38:36.369794
4341,2073,ios,2025-07-06 21:11:54.627279
4342,3315,android,2025-03-14 19:54:16.959445
4343,3249,android,2025-08-29 23:54:38.401402
4344,3952,android,2025-07-26 01:29:50.132081
4345,2417,ios,2025-08-04 13:45:35.083665
4346,2314,ios,2025-07-27 17:40:33.651539
4347,590,android,2025-08-15 16:35:29.195514
4348,845,ios,2025-01-16 16:07:58.931318
4349,4109,ios,2025-08-09 19:07:01.622089
4350,4947,android,2025-03-02 09:51:04.766512
4351,3009,android,2025-03-29 06:41:47.928205
4352,1722,android,2025-04-01 01:09:57.778967
4353,291,android,2025-02-26 11:33:15.367865
4354,217,ios,2025-04-17 12:53:58.357949
4355,3385,android,2025-05-03 20:11:32.797839
4356,3209,android,2025-02-06 03:00:33.466514
4357,1416,ios,2025-03-29 08:42:49.847638
4358,944,android,2025-03-26 14:23:24.547259
4359,347,ios,2025-06-13 22:40:39.738927
4360,3412,ios,2025-05-22 03:07:52.350346
4361,3033,android,2025-06-24 00:20:55.596972
4362,1667,android,2025-07-10 11:57:31.048685
4363,3662,android,2025-06-12 01:58:46.507390
4364,4227,web,2025-02-28 14:56:12.888215
4365,2587,android,2025-05-03 00:21:40.945890
4366,1313,ios,2025-04-24 09:03:53.116265
4367,29,web,2025-01-18 23:51:38.635834
4368,3978,android,2025-08-06 08:37:00.189952
4369,2885,ios,2025-01-23 05:15:03.599573
4370,1738,ios,2025-08-26 06:36:47.439657
4371,34,android,2025-01-08 17:08:30.607622
4372,4071,web,2025-06-27 07:29:13.386273
4373,4633,android,2025-03-11 21:08:04.196015
4374,2407,ios,2025-08-08 20:18:30.934425
4375,1337,ios,2025-07-20 05:45:14.930806
4376,3099,android,2025-01-07 01:51:48.910303
4377,4356,android,2025-01-06 08:00:58.758676
4378,2937,android,2025-05-27 13:48:36.364284
4379,61,android,2025-02-06 08:25:05.269882
4380,976,ios,2025-01-04 10:34:23.369855
4381,487,android,2025-08-24 03:59:17.974086
4382,2057,web,2025-06-03 18:51:15.344396
4383,2258,android,2025-01-03 15:10:34.136711
4384,2678,android,2025-04-30 04:42:40.858214
4385,3794,android,2025-02-08 06:45:17.238297
4386,562,android,2025-07-15 15:49:19.758775
4387,4713,ios,2025-01-07 23:16:26.464770
4388,1318,android,2025-04-01 03:10:55.984016
4389,2606,ios,2025-02-27 20:10:52.237049
4390,1055,ios,2025-08-27 08:27:05.589232
4391,1778,android,2025-01-19 23:32:48.937103
4392,4164,android,2025-06-24 22:23:36.300115
4393,223,android,2025-04-27 03:51:31.337694
4394,2417,android,2025-07-18 09:46:08.326490
4395,2919,ios,2025-02-22 01:28:27.331495
4396,2850,android,2025-07-27 20:04:52.060340
4397,1901,android,2025-08-19 22:32:30.447481
4398,1890,android,2025-02-21 18:50:35.110548
4399,4546,android,2025-02-28 23:41:16.289607
4400,1205,web,2025-08-23 04:06:33.493212
4401,2401,ios,2025-04-16 11:49:50.964697
4402,1822,ios,2025-07-22 23:08:16.123901
4403,3828,android,2025-07-24 17:02:56.379625
4404,4030,android,2025-03-17 12:53:31.623426
4405,4242,android,2025-02-13 10:40:28.255258
4406,425,ios,2025-03-31 01:36:16.210115
4407,492,android,2025-05-24 19:58:38.318242
4408,1878,android,2025-05-01 19:00:14.688947
4409,2205,ios,2025-06-29 00:59:58.557861
4410,316,ios,2025-05-14 08:39:14.702157
4411,4469,android,2025-07-15 17:45:44.394319
4412,4485,android,2025-01-26 06:09:56.208564
4413,2123,web,2025-04-17 16:47:56.278047
4414,3848,android,2025-01-04 21:40:40.781387
4415,2826,web,2025-01-30 08:32:49.438593
4416,3286,android,2025-03-22 13:21:01.788479
4417,4366,web,2025-08-08 01:37:26.108628
4418,461,web,2025-04-03 09:03:55.935058
4419,1163,android,2025-03-08 10:51:29.768130
4420,2141,ios,2025-06-13 00:02:20.588885
4421,4473,android,2025-06-20 22:38:34.489472
4422,2960,android,2025-04-27 23:06:30.650182
4423,1986,android,2025-03-12 02:38:28.839360
4424,144,ios,2025-03-15 08:09:30.995102
4425,2966,android,2025-02-15 02:06:17.162728
4426,1349,android,2025-03-30 02:37:15.915084
4427,1641,web,2025-02-10 21:15:15.822533
4428,4980,ios,2025-06-06 05:31:32.076743
4429,2636,android,2025-08-06 09:49:50.490721
4430,694,android,2025-03-03 18:48:13.861872
4431,247,android,2025-02-28 20:35:55.646739
4432,1942,android,2025-08-07 06:01:35.069347
4433,327,web,2025-05-19 00:46:09.397519
4434,2144,web,2025-06-27 08:02:57.017381
4435,2074,android,2025-08-05 01:25:54.822363
4436,4398,android,2025-06-11 14:07:17.017717
4437,1675,android,2025-06-30 10:01:12.185877
4438,1382,android,2025-04-05 00:40:29.054078
4439,3079,android,2025-08-16 23:23:50.186700
4440,3196,android,2025-06-21 01:08:40.480540
4441,190,android,2025-01-18 10:07:22.552251
4442,419,android,2025-05-25 15:18:11.137878
4443,839,ios,2025-01-24 00:02:16.658185
4444,3885,ios,2025-05-07 20:59:53.796969
4445,1048,android,2025-01-22 12:03:31.597297
4446,4964,android,2025-06-02 10:04:12.004094
4447,2203,ios,2025-04-21 21:31:31.818195
4448,4668,android,2025-05-15 09:33:27.270370
4449,1235,ios,2025-06-07 16:40:46.751652
4450,2119,android,2025-03-02 20:01:47.745716
4451,689,web,2025-03-19 15:26:49.280761
4452,4231,android,2025-04-28 03:25:14.540856
4453,2988,ios,2025-05-18 14:43:42.423457
4454,379,android,2025-08-13 10:42:17.189857
4455,3720,ios,2025-03-27 12:17:55.450603
4456,4437,ios,2025-05-24 18:58:16.122097
4457,3427,android,2025-08-13 04:17:00.776065
4458,4042,ios,2025-06-24 10:21:54.992041
4459,1381,android,2025-03-21 18:53:22.726736
4460,2161,android,2025-04-11 18:33:58.510147
4461,4273,android,2025-08-02 13:04:08.501551
4462,3041,ios,2025-04-17 08:35:17.207806
4463,3060,ios,2025-03-03 05:55:08.706209
4464,3836,android,2025-05-08 02:32:51.754549
4465,3074,ios,2025-02-15 04:44:29.345362
4466,633,web,2025-05-22 10:29:15.760582
4467,1065,ios,2025-08-29 22:26:16.112371
4468,3893,android,2025-08-24 12:50:24.219894
4469,1212,android,2025-05-30 03:40:42.437187
4470,3328,android,2025-08-04 08:46:54.922165
4471,2374,android,2025-07-18 01:58:16.014694
4472,3102,android,2025-08-20 00:18:05.661241
4473,1190,ios,2025-08-01 03:53:48.820895
4474,1552,ios,2025-08-07 15:49:20.796276
4475,3441,ios,2025-02-25 18:43:14.602895
4476,859,android,2025-02-08 09:33:54.813909
4477,1543,android,2025-01-11 16:26:37.079637
4478,4991,ios,2025-06-10 05:04:19.329391
4479,760,android,2025-08-15 20:12:20.518123
4480,2888,web,2025-08-30 12:07:59.190873
4481,759,android,2025-07-27 02:51:42.361313
4482,3536,android,2025-07-21 22:27:11.144352
4483,637,ios,2025-05-07 02:07:28.054791
4484,2870,ios,2025-04-20 19:49:11.484482
4485,2199,android,2025-06-05 14:19:32.809792
4486,3459,ios,2025-01-06 12:25:48.070459
4487,16,android,2025-07-13 00:29:42.505780
4488,2581,android,2025-06-09 18:26:41.213293
4489,2712,android,2025-02-11 07:43:33.416655
4490,1204,ios,2025-06-04 11:23:02.655766
4491,1492,ios,2025-05-26 16:06:21.028398
4492,3533,android,2025-07-11 11:36:56.513751
4493,2763,ios,2025-07-23 12:10:07.619688
4494,2895,ios,2025-03-03 13:56:32.258098
4495,4678,android,2025-07-17 22:02:00.017581
4496,2026,android,2025-02-14 05:58:58.319904
4497,4346,android,2025-04-06 19:02:56.101679
4498,4871,android,2025-04-30 17:06:55.744574
4499,2883,web,2025-07-15 14:21:32.974088
4500,1060,ios,2025-08-07 23:06:11.715826
4501,2091,android,2025-01-05 04:24:26.656972
4502,233,android,2025-06-29 03:36:35.727356
4503,3492,android,2025-08-02 05:42:11.503710
4504,1368,android,2025-08-20 21:30:31.177195
4505,4616,android,2025-03-07 02:19:47.150781
4506,3266,android,2025-02-12 00:42:17.916600
4507,2448,android,2025-05-02 05:50:47.102549
4508,934,android,2025-08-07 22:39:04.668896
4509,497,android,2025-03-18 16:39:29.912404
4510,3363,android,2025-05-03 17:30:50.496811
4511,3831,android,2025-08-30 22:04:35.720146
4512,1331,android,2025-04-21 19:34:48.975393
4513,53,android,2025-06-02 15:57:26.972070
4514,1600,android,2025-08-30 22:18:50.945078
4515,3824,web,2025-03-31 05:51:06.845793
4516,2902,android,2025-03-08 07:43:39.782584
4517,425,ios,2025-03-10 16:56:13.364010
4518,574,android,2025-05-30 22:25:17.336111
4519,534,android,2025-02-09 12:53:19.099420
4520,3791,android,2025-02-09 23:28:52.046723
4521,3909,ios,2025-03-05 05:05:51.426702
4522,2040,web,2025-05-12 10:44:06.686584
4523,3448,android,2025-07-25 03:14:00.045565
4524,105,android,2025-05-09 14:42:25.123723
4525,2810,ios,2025-07-10 04:21:53.830529
4526,1361,android,2025-08-21 16:28:22.789965
4527,4103,android,2025-06-29 19:41:19.821792
4528,2444,ios,2025-06-06 04:44:33.881443
4529,4257,android,2025-01-02 23:47:23.209606
4530,2815,ios,2025-04-19 23:08:06.280261
4531,2288,android,2025-03-07 03:15:52.584466
4532,4735,android,2025-05-05 12:26:59.140720
4533,4982,web,2025-08-20 02:43:28.597533
4534,2279,android,2025-03-19 20:50:58.175138
4535,1788,android,2025-02-09 01:40:51.842225
4536,3232,android,2025-07-20 16:37:35.784236
4537,858,android,2025-08-29 17:04:47.904779
4538,1932,android,2025-07-09 13:22:27.118073
4539,4230,android,2025-02-03 15:06:07.573071
4540,4485,android,2025-05-14 19:39:08.562074
4541,2078,android,2025-04-09 11:04:10.371362
4542,1952,ios,2025-06-03 22:10:47.102611
4543,4373,android,2025-06-12 11:20:43.666649
4544,1011,web,2025-07-16 02:57:00.354803
4545,306,android,2025-02-28 08:11:04.440605
4546,364,android,2025-08-23 10:00:18.705694
4547,556,web,2025-02-22 04:04:00.995172
4548,4400,ios,2025-01-31 03:44:22.574030
4549,202,android,2025-07-21 09:58:37.538408
4550,1663,android,2025-04-23 13:40:09.109655
4551,3011,ios,2025-04-30 03:01:22.579401
4552,3046,android,2025-03-19 10:51:54.806709
4553,4160,android,2025-01-12 06:40:55.087685
4554,4905,android,2025-02-17 01:04:53.485020
4555,2014,ios,2025-07-05 01:51:04.723382
4556,1166,ios,2025-02-24 12:44:15.375050
4557,454,android,2025-08-30 05:13:39.462060
4558,4458,web,2025-07-11 01:16:28.282682
4559,1868,android,2025-07-26 04:58:39.868117
4560,4493,ios,2025-08-01 04:58:22.744565
4561,1741,android,2025-06-24 16:39:03.153803
4562,3781,ios,2025-04-24 06:46:41.202094
4563,3218,android,2025-08-11 20:00:57.253830
4564,3567,android,2025-04-14 15:30:14.949521
4565,3261,android,2025-01-24 06:49:00.727266
4566,1535,ios,2025-05-25 22:27:17.914514
4567,516,android,2025-01-26 15:39:13.800780
4568,55,android,2025-06-09 06:13:30.517328
4569,2101,android,2025-08-31 09:34:33.782208
4570,4458,ios,2025-06-14 01:48:46.641394
4571,3213,ios,2025-02-21 03:56:23.464333
4572,3372,android,2025-02-03 11:59:48.031353
4573,1295,android,2025-03-28 14:26:39.337873
4574,2431,ios,2025-02-05 10:06:08.815136
4575,2036,android,2025-05-19 10:27:04.839627
4576,682,android,2025-07-10 07:01:48.444026
4577,3069,android,2025-06-09 22:15:46.215427
4578,1818,android,2025-05-30 23:30:06.800254
4579,2015,web,2025-04-16 20:27:25.230572
4580,2985,ios,2025-02-11 23:21:24.444933
4581,155,android,2025-06-04 23:31:51.367945
4582,4682,ios,2025-04-12 21:38:10.221711
4583,1114,android,2025-03-16 05:27:04.802984
4584,3396,web,2025-06-10 04:57:27.139242
4585,3881,android,2025-04-02 23:37:20.024134
4586,770,web,2025-02-10 21:42:09.472289
4587,1243,ios,2025-04-28 11:51:04.161028
4588,2062,ios,2025-03-12 06:30:49.495617
4589,4089,android,2025-06-28 05:42:22.538893
4590,3180,ios,2025-01-12 10:29:44.060285
4591,2335,ios,2025-07-27 05:47:09.279706
4592,4248,android,2025-04-23 02:34:17.100689
4593,2365,android,2025-01-04 20:59:03.905828
4594,4430,ios,2025-02-02 09:46:11.649167
4595,3853,web,2025-08-18 17:48:32.117208
4596,862,ios,2025-05-11 11:49:22.383071
4597,1917,android,2025-07-06 18:09:23.028507
4598,126,ios,2025-08-03 12:21:24.161930
4599,1193,android,2025-03-19 20:01:15.306484
4600,113,android,2025-05-13 21:37:12.229075
4601,526,ios,2025-06-08 00:41:21.644473
4602,22,ios,2025-07-24 12:07:27.462085
4603,3360,ios,2025-04-13 01:57:40.684621
4604,2049,android,2025-08-20 06:37:19.956274
4605,2350,android,2025-05-28 12:43:40.166260
4606,3823,ios,2025-08-01 08:25:23.916083
4607,4048,android,2025-01-21 06:08:38.588540
4608,2665,web,2025-04-23 14:12:45.030525
4609,2289,web,2025-02-13 12:54:58.740564
4610,3250,ios,2025-08-10 14:06:08.664542
4611,2075,ios,2025-02-27 02:26:45.767289
4612,2213,android,2025-06-23 06:06:00.503361
4613,1495,android,2025-01-16 06:39:15.300528
4614,949,ios,2025-02-18 19:19:33.404403
4615,998,android,2025-03-19 17:22:46.798825
4616,3277,ios,2025-07-09 23:53:06.787616
4617,4153,android,2025-03-03 00:48:16.676237
4618,2119,ios,2025-07-18 12:04:11.207036
4619,477,android,2025-07-11 15:10:40.713796
4620,3052,ios,2025-08-30 02:31:47.682614
4621,4511,android,2025-06-14 13:05:00.007727
4622,2638,ios,2025-06-04 21:32:10.436205
4623,135,web,2025-05-27 04:09:26.925678
4624,410,android,2025-01-27 15:17:55.730280
4625,2612,android,2025-05-05 17:06:41.486331
4626,4309,android,2025-07-26 21:50:53.490953
4627,292,ios,2025-01-06 01:38:12.697324
4628,3768,ios,2025-01-31 18:39:09.555134
4629,3899,ios,2025-05-26 22:24:11.877833
4630,258,android,2025-07-25 19:47:47.253589
4631,1058,android,2025-03-16 16:21:31.807091
4632,20,ios,2025-07-31 18:27:39.976772
4633,2830,ios,2025-03-24 00:27:18.940225
4634,874,android,2025-04-24 02:33:11.728887
4635,4583,android,2025-08-20 14:04:29.462628
4636,456,android,2025-04-12 11:23:49.391890
4637,3247,ios,2025-05-26 16:10:28.866796
4638,3935,ios,2025-08-16 07:38:09.556303
4639,892,ios,2025-03-06 05:52:36.621825
4640,1263,ios,2025-01-23 08:10:13.238936
4641,3984,ios,2025-08-21 19:13:48.765194
4642,464,android,2025-05-17 00:55:34.479286
4643,2208,android,2025-08-23 16:46:55.255927
4644,1251,android,2025-07-30 14:51:16.709735
4645,66,web,2025-05-25 11:51:42.414700
4646,2258,ios,2025-04-25 12:51:31.715183
4647,2434,android,2025-04-27 16:49:09.579016
4648,1736,ios,2025-02-10 08:12:29.526773
4649,4063,android,2025-04-21 05:10:25.275744
4650,481,android,2025-07-19 16:20:26.616493
4651,2150,ios,2025-08-29 06:36:46.340138
4652,904,web,2025-08-22 08:42:53.699810
4653,3793,android,2025-08-22 19:25:31.943229
4654,2784,android,2025-01-05 14:52:17.395826
4655,3528,web,2025-05-06 07:58:57.500022
4656,538,ios,2025-02-18 15:09:52.798240
4657,2285,ios,2025-05-30 12:20:15.391497
4658,254,android,2025-08-18 20:07:15.060295
4659,1617,android,2025-08-02 00:37:44.344786
4660,4727,android,2025-07-30 13:54:32.416432
4661,3633,android,2025-03-30 20:52:11.114561
4662,392,ios,2025-05-02 18:49:51.762699
4663,1845,ios,2025-03-10 12:17:57.163052
4664,4355,ios,2025-05-15 14:04:42.447897
4665,851,android,2025-03-15 17:21:28.770392
4666,3786,android,2025-07-16 12:31:15.064154
4667,1605,ios,2025-04-23 20:29:36.592216
4668,2386,android,2025-06-20 04:43:32.661838
4669,4385,android,2025-08-01 01:23:42.537742
4670,3363,android,2025-03-14 20:08:12.116042
4671,1417,android,2025-06-01 04:02:15.724988
4672,45,android,2025-07-25 12:46:57.129348
4673,1175,android,2025-08-20 00:40:21.047730
4674,2089,ios,2025-02-09 15:00:16.427412
4675,668,android,2025-06-15 14:02:33.883182
4676,4411,ios,2025-04-16 18:11:45.965439
4677,276,ios,2025-03-11 09:10:14.517803
4678,2704,android,2025-02-08 07:52:42.569560
4679,4884,android,2025-05-23 05:56:23.498915
4680,1675,android,2025-03-23 04:24:00.689491
4681,2684,android,2025-06-12 07:26:51.308586
4682,368,android,2025-03-10 06:46:24.488632
4683,3649,web,2025-01-01 03:26:59.042312
4684,4888,android,2025-07-06 10:28:20.757211
4685,3865,android,2025-02-09 04:51:36.408655
4686,748,web,2025-03-03 08:35:58.546009
4687,1762,ios,2025-02-27 04:35:08.642402
4688,3618,ios,2025-03-25 03:56:58.578388
4689,3995,android,2025-04-28 22:30:50.703044
4690,2017,ios,2025-07-17 10:13:16.492365
4691,4808,ios,2025-06-08 00:04:58.366133
4692,1018,ios,2025-02-05 11:27:43.440105
4693,3709,ios,2025-02-14 15:11:55.405411
4694,2483,android,2025-07-25 20:04:09.733527
4695,3559,web,2025-03-02 17:09:25.314958
4696,2981,web,2025-02-23 03:21:35.676972
4697,2162,ios,2025-01-01 20:49:15.403865
4698,4077,android,2025-07-08 02:24:34.746664
4699,4207,ios,2025-06-29 10:39:03.761901
4700,4087,android,2025-03-26 11:17:08.585663
4701,445,ios,2025-01-02 18:39:36.723958
4702,2116,android,2025-07-10 21:28:31.334551
4703,3749,ios,2025-01-25 03:29:52.505236
4704,4334,web,2025-04-22 21:26:56.402315
4705,1810,android,2025-07-24 03:44:27.248170
4706,3703,ios,2025-03-01 08:39:11.876202
4707,2830,ios,2025-04-03 06:13:40.230463
4708,1104,android,2025-06-10 14:06:49.271415
4709,4465,android,2025-06-13 13:53:06.652816
4710,2224,android,2025-04-23 10:30:12.924263
4711,3026,ios,2025-04-16 09:38:42.788723
4712,1443,android,2025-04-12 22:34:39.679639
4713,128,android,2025-04-29 02:32:33.852087
4714,2265,android,2025-03-26 05:38:01.471856
4715,3614,android,2025-03-04 07:24:32.685806
4716,1636,android,2025-03-18 19:12:41.998882
4717,4646,ios,2025-04-27 02:20:19.654360
4718,3751,android,2025-04-03 20:38:44.097148
4719,3211,ios,2025-05-23 06:51:27.670410
4720,4034,ios,2025-06-03 08:48:55.714018
4721,4308,ios,2025-08-31 01:30:36.492861
4722,3607,android,2025-05-30 11:40:05.994644
4723,4127,ios,2025-06-28 12:22:50.525023
4724,3567,ios,2025-01-24 19:43:17.030273
4725,4307,android,2025-07-04 18:56:14.872808
4726,519,android,2025-05-04 15:55:30.445862
4727,1721,android,2025-07-30 13:46:00.373903
4728,4439,ios,2025-08-24 22:20:23.589049
4729,2371,android,2025-02-25 23:29:32.047868
4730,75,web,2025-08-14 16:01:59.709707
4731,4241,ios,2025-06-13 05:00:34.539184
4732,3279,ios,2025-06-29 14:30:38.945008
4733,4552,web,2025-04-25 18:48:35.063674
4734,82,ios,2025-03-28 05:09:22.213685
4735,735,android,2025-07-14 09:47:54.403285
4736,2553,android,2025-01-06 08:08:22.193716
4737,908,ios,2025-05-12 08:45:15.432791
4738,2604,android,2025-01-18 22:34:30.879046
4739,1735,web,2025-03-03 21:01:49.240586
4740,1051,android,2025-06-26 05:21:40.522357
4741,3852,android,2025-07-03 09:38:08.105904
4742,195,ios,2025-08-05 00:54:02.601769
4743,4375,ios,2025-06-23 20:25:47.824840
4744,769,ios,2025-06-13 23:07:06.717314
4745,2902,android,2025-08-18 15:55:26.682224
4746,4958,android,2025-05-11 14:10:22.091260
4747,567,ios,2025-06-08 21:26:15.995999
4748,4635,web,2025-07-30 22:32:33.235978
4749,1519,android,2025-07-05 13:52:12.333140
4750,3706,ios,2025-07-07 02:12:20.885752
4751,4286,android,2025-05-11 10:21:35.306486
4752,1159,ios,2025-05-09 06:23:27.289546
4753,1738,android,2025-06-07 15:15:26.710619
4754,4305,web,2025-06-20 05:35:11.575670
4755,515,android,2025-05-13 16:51:57.372723
4756,543,ios,2025-02-15 01:38:35.545193
4757,1511,ios,2025-03-02 08:44:12.010348
4758,3016,android,2025-04-30 19:36:50.589417
4759,4034,android,2025-02-19 14:06:22.620769
4760,2813,ios,2025-04-13 21:46:42.264984
4761,2468,ios,2025-02-05 18:07:35.168149
4762,4355,ios,2025-02-05 12:49:39.180102
4763,858,ios,2025-07-24 21:37:51.200425
4764,4509,android,2025-05-12 18:24:07.100514
4765,1564,web,2025-07-09 15:29:46.545265
4766,1380,android,2025-01-03 19:17:51.479490
4767,4768,ios,2025-03-11 09:47:59.274801
4768,3230,web,2025-01-05 07:06:48.535097
4769,2160,web,2025-01-01 19:43:28.820286
4770,1651,android,2025-01-08 18:43:10.814243
4771,2208,android,2025-05-07 17:31:46.097088
4772,3959,ios,2025-01-23 01:40:27.215824
4773,766,android,2025-07-14 00:07:01.577181
4774,872,ios,2025-05-06 10:24:22.465041
4775,1523,android,2025-03-01 14:53:56.593646
4776,2412,android,2025-07-23 19:02:54.469542
4777,4074,android,2025-05-04 20:12:24.689587
4778,1054,ios,2025-03-27 05:51:35.968249
4779,3931,ios,2025-05-19 00:17:17.420649
4780,4539,android,2025-06-13 10:39:14.873824
4781,2178,android,2025-05-16 18:56:35.410661
4782,4807,android,2025-08-15 16:00:13.623366
4783,4469,ios,2025-03-28 00:22:29.245180
4784,3986,ios,2025-04-10 14:49:29.863227
4785,1902,ios,2025-07-28 16:50:20.992236
4786,1504,web,2025-06-04 21:49:38.570222
4787,4322,android,2025-08-23 19:16:03.655298
4788,2208,ios,2025-07-12 11:54:15.428066
4789,158,android,2025-05-05 15:23:51.798631
4790,3586,ios,2025-06-04 05:40:38.002783
4791,1737,android,2025-04-09 16:17:03.388380
4792,4679,ios,2025-02-01 00:25:45.305065
4793,4276,ios,2025-04-09 22:16:07.238836
4794,522,android,2025-03-10 09:37:30.256151
4795,4507,ios,2025-06-14 18:33:42.300717
4796,4749,ios,2025-06-12 14:45:29.488961
4797,3783,web,2025-08-16 18:43:46.398457
4798,1377,android,2025-01-20 07:23:44.854426
4799,3350,web,2025-04-24 14:51:33.235926
4800,4341,ios,2025-04-07 20:51:49.401599
4801,4078,ios,2025-05-09 04:01:14.338483
4802,2156,android,2025-01-30 01:17:30.770395
4803,3538,ios,2025-04-30 09:59:58.493884
4804,1930,ios,2025-06-09 15:41:17.424808
4805,1272,ios,2025-03-18 06:00:06.205462
4806,3365,web,2025-06-08 01:22:43.265487
4807,2332,android,2025-03-06 13:23:50.191237
4808,1125,ios,2025-03-31 17:47:20.892220
4809,3304,android,2025-08-09 11:18:19.322835
4810,1609,android,2025-01-07 02:08:25.923477
4811,2940,android,2025-03-08 07:06:22.559743
4812,1808,android,2025-08-16 09:09:06.498357
4813,4426,android,2025-02-05 17:33:13.382467
4814,4254,android,2025-04-07 13:40:56.537983
4815,2370,android,2025-04-21 08:17:09.358330
4816,3553,ios,2025-06-08 14:14:21.376442
4817,890,android,2025-05-29 15:51:42.588516
4818,4987,android,2025-06-02 07:16:40.759608
4819,1073,android,2025-08-17 12:28:31.807215
4820,4335,android,2025-04-06 10:43:18.347035
4821,4231,android,2025-04-30 00:35:18.403922
4822,891,web,2025-08-23 05:53:50.366079
4823,44,ios,2025-02-01 03:23:07.363931
4824,3686,android,2025-08-19 09:58:14.785961
4825,4346,android,2025-08-19 10:22:16.903988
4826,3582,android,2025-08-20 16:39:57.407922
4827,278,ios,2025-01-17 06:54:48.786351
4828,3228,web,2025-05-21 08:22:00.642951
4829,1959,android,2025-07-23 16:13:05.603466
4830,4579,android,2025-03-18 05:30:26.086889
4831,4001,ios,2025-05-24 12:09:17.411716
4832,3995,android,2025-03-04 07:35:18.206655
4833,2039,android,2025-02-01 11:54:20.260893
4834,1611,ios,2025-07-27 02:21:33.041653
4835,4112,ios,2025-08-27 10:28:38.050875
4836,576,android,2025-01-17 22:45:39.841636
4837,502,ios,2025-01-30 11:32:36.414983
4838,311,android,2025-05-24 00:45:19.668128
4839,2558,android,2025-01-21 23:22:02.460069
4840,378,ios,2025-06-03 08:57:23.000863
4841,2913,ios,2025-06-24 20:02:27.087286
4842,837,ios,2025-04-11 18:07:07.929882
4843,4455,ios,2025-07-03 18:24:36.534811
4844,2162,ios,2025-01-28 14:41:04.024403
4845,469,ios,2025-03-15 04:48:38.733273
4846,3469,ios,2025-07-16 06:09:00.182938
4847,1694,android,2025-01-22 11:14:42.611055
4848,1310,ios,2025-03-11 06:37:07.158895
4849,3297,android,2025-05-31 22:37:17.348100
4850,4779,ios,2025-03-02 02:47:23.959479
4851,4900,android,2025-04-27 20:28:09.377240
4852,2178,android,2025-07-23 10:30:03.644771
4853,4242,ios,2025-03-07 12:41:39.618242
4854,1047,ios,2025-04-16 21:52:55.689483
4855,4233,android,2025-01-05 10:26:51.974390
4856,4711,android,2025-06-22 03:12:38.847104
4857,2586,ios,2025-03-28 06:42:19.092714
4858,2616,web,2025-07-28 23:49:57.379627
4859,2822,android,2025-01-22 12:29:27.473090
4860,366,android,2025-07-10 01:58:02.674225
4861,4293,android,2025-07-17 18:03:07.433395
4862,3689,android,2025-07-08 14:02:01.322314
4863,4349,android,2025-06-28 10:54:03.809555
4864,577,ios,2025-02-27 18:47:13.894704
4865,4012,android,2025-04-12 06:23:01.969900
4866,1814,android,2025-04-04 18:52:26.744233
4867,4093,android,2025-02-28 13:44:02.744732
4868,4970,android,2025-04-30 11:32:19.254558
4869,4399,android,2025-06-19 12:00:45.596795
4870,4578,android,2025-04-27 07:56:04.407477
4871,569,android,2025-08-25 19:04:34.759991
4872,1644,ios,2025-06-22 05:28:45.238165
4873,1464,android,2025-04-18 13:49:16.200943
4874,2569,ios,2025-04-09 03:52:49.325081
4875,4881,ios,2025-05-22 19:35:37.802138
4876,3430,android,2025-04-15 22:02:51.605544
4877,2724,android,2025-02-23 22:20:38.993173
4878,4025,ios,2025-05-07 14:44:24.336553
4879,883,android,2025-06-13 11:16:17.676375
4880,3303,android,2025-03-29 02:27:03.317623
4881,2516,ios,2025-03-10 20:20:38.190569
4882,1017,ios,2025-02-22 19:50:01.151699
4883,3229,web,2025-03-30 03:58:36.183239
4884,4203,android,2025-03-01 09:09:05.714378
4885,4142,android,2025-07-05 10:23:30.310580
4886,4216,android,2025-06-05 04:58:53.198290
4887,4061,android,2025-03-11 17:23:19.583530
4888,2345,android,2025-08-30 00:21:36.023822
4889,247,android,2025-06-06 21:33:35.600676
4890,4827,android,2025-02-04 14:54:07.701358
4891,2268,android,2025-07-21 12:41:42.369019
4892,3164,android,2025-07-03 03:35:26.221377
4893,103,android,2025-05-02 12:10:01.419380
4894,4444,ios,2025-02-26 17:33:33.386746
4895,4441,android,2025-07-17 01:01:49.118398
4896,4642,ios,2025-01-31 06:11:24.877312
4897,870,android,2025-04-12 13:58:53.928362
4898,4215,android,2025-07-18 14:37:31.337054
4899,3125,web,2025-07-14 18:00:09.823659
4900,731,web,2025-06-03 01:31:53.492064
4901,2854,android,2025-01-02 21:09:10.139696
4902,2383,android,2025-03-22 22:46:09.518867
4903,3128,ios,2025-07-27 07:51:00.955964
4904,419,android,2025-06-25 07:00:20.122710
4905,2818,android,2025-07-16 23:23:30.647665
4906,3388,android,2025-01-16 07:18:23.963481
4907,3578,android,2025-08-17 14:34:02.665677
4908,3846,ios,2025-02-25 15:49:08.235520
4909,3131,ios,2025-03-22 17:55:58.190631
4910,3507,android,2025-07-24 06:16:48.698816
4911,452,android,2025-04-09 17:04:12.575256
4912,3990,android,2025-06-06 06:25:23.933433
4913,1834,ios,2025-05-15 05:23:03.696107
4914,2739,ios,2025-07-30 10:57:25.205692
4915,2733,android,2025-02-07 22:30:44.856048
4916,4881,ios,2025-01-24 18:19:05.253633
4917,1626,android,2025-06-03 15:53:13.419418
4918,1922,ios,2025-07-25 05:57:01.554069
4919,3802,android,2025-08-13 07:31:43.188670
4920,3172,android,2025-04-08 04:21:58.835584
4921,1590,android,2025-06-28 13:41:01.313226
4922,1722,ios,2025-04-05 23:04:00.730433
4923,4144,android,2025-03-19 11:40:51.477689
4924,4180,android,2025-01-06 21:12:21.067789
4925,734,ios,2025-03-02 18:38:40.717456
4926,2000,ios,2025-02-11 08:26:40.755658
4927,3847,android,2025-03-07 06:32:55.646885
4928,594,android,2025-03-12 03:51:23.777947
4929,918,ios,2025-07-28 17:09:36.124244
4930,793,android,2025-02-19 10:05:22.092707
4931,2641,android,2025-07-19 02:09:01.002328
4932,2255,android,2025-07-28 19:41:05.212262
4933,1603,android,2025-04-23 16:44:35.127860
4934,680,ios,2025-06-26 01:22:29.220657
4935,3187,ios,2025-03-19 10:07:10.835269
4936,4037,android,2025-01-05 07:38:24.266359
4937,1064,web,2025-06-22 10:41:15.652826
4938,3333,ios,2025-05-28 08:35:58.230536
4939,3978,ios,2025-04-23 02:40:21.801830
4940,2786,android,2025-08-07 09:09:36.894719
4941,2868,android,2025-06-26 17:22:03.788491
4942,835,ios,2025-04-14 09:59:22.718200
4943,4787,ios,2025-01-13 23:18:19.446033
4944,4783,android,2025-08-01 21:19:55.224279
4945,3559,android,2025-08-28 06:26:12.657500
4946,4514,android,2025-06-04 04:31:36.119941
4947,3037,android,2025-07-06 16:08:45.360844
4948,3307,android,2025-05-03 23:08:12.711604
4949,4146,android,2025-02-27 12:06:03.643266
4950,191,android,2025-08-10 15:10:39.386552
4951,1099,ios,2025-06-17 06:27:39.105780
4952,1018,ios,2025-05-14 07:13:11.161758
4953,3164,android,2025-06-15 17:54:57.403820
4954,1212,android,2025-05-05 09:10:32.377148
4955,1953,android,2025-01-15 04:29:54.131393
4956,2469,android,2025-06-10 11:41:33.906696
4957,3719,ios,2025-01-02 06:25:29.546995
4958,2588,android,2025-02-23 13:03:23.956135
4959,123,ios,2025-02-07 21:40:15.912676
4960,3434,android,2025-03-24 15:35:34.776846
4961,2139,web,2025-08-09 17:17:48.516570
4962,567,ios,2025-01-20 08:49:11.518314
4963,3259,ios,2025-03-28 20:23:35.792649
4964,1352,web,2025-07-04 13:45:55.073527
4965,2304,android,2025-07-29 17:33:01.157086
4966,4838,android,2025-06-28 21:06:18.457800
4967,1190,android,2025-08-23 13:06:51.240575
4968,4427,ios,2025-06-19 02:35:25.534166
4969,2322,ios,2025-06-30 23:40:43.316460
4970,4663,android,2025-04-13 13:29:56.518307
4971,4249,ios,2025-03-15 09:34:28.994278
4972,4162,android,2025-04-23 05:39:24.869251
4973,1035,android,2025-07-06 14:29:30.651475
4974,3955,ios,2025-06-08 00:20:02.944317
4975,1836,android,2025-07-07 13:42:53.463857
4976,4551,android,2025-06-02 12:05:05.882553
4977,4952,ios,2025-06-28 03:26:49.416001
4978,3059,android,2025-02-07 19:51:43.326110
4979,4565,android,2025-03-20 15:34:35.637782
4980,2667,android,2025-05-17 08:52:13.387249
4981,170,android,2025-01-05 00:30:16.256301
4982,4370,ios,2025-08-10 16:31:02.740009
4983,2652,ios,2025-02-28 04:42:16.835390
4984,221,android,2025-01-22 12:08:41.344199
4985,328,ios,2025-06-11 09:54:26.070255
4986,3617,ios,2025-02-17 01:53:10.041574
4987,4620,ios,2025-05-17 13:12:11.690626
4988,3487,ios,2025-03-02 12:01:55.053510
4989,2208,android,2025-02-10 07:46:15.354489
4990,1535,ios,2025-06-28 14:29:49.781381
4991,2093,android,2025-04-05 08:59:24.527013
4992,1615,android,2025-05-20 14:07:25.180961
4993,1365,android,2025-02-22 12:26:16.423111
4994,642,android,2025-05-15 05:40:54.031690
4995,2845,android,2025-04-13 08:36:57.226416
4996,1092,ios,2025-01-13 10:44:27.468811
4997,725,android,2025-06-26 14:04:00.021541
4998,1380,android,2025-05-15 05:23:19.715449
4999,3995,web,2025-08-14 08:14:45.702737
5000,2865,android,2025-07-16 07:57:51.126787
5001,2457,android,2025-05-19 18:46:02.080154
5002,2960,ios,2025-01-11 11:07:24.944371
5003,2833,web,2025-07-02 17:11:21.504077
5004,2489,ios,2025-05-14 10:01:32.797967
5005,4205,android,2025-07-22 21:54:13.805001
5006,3652,android,2025-05-21 09:24:32.225450
5007,926,ios,2025-01-01 11:49:27.337192
5008,4086,ios,2025-07-18 00:34:02.759987
5009,876,android,2025-07-14 05:21:54.378087
5010,391,ios,2025-01-25 03:42:58.690189
5011,2105,ios,2025-06-16 04:03:30.425485
5012,1965,android,2025-05-08 20:13:08.405451
5013,3931,android,2025-05-24 08:23:47.371233
5014,3477,android,2025-08-05 02:42:29.589006
5015,293,web,2025-03-02 15:29:01.213825
5016,2494,android,2025-01-04 04:44:54.595865
5017,3976,ios,2025-02-20 16:20:03.350308
5018,3666,android,2025-08-11 09:00:54.135068
5019,2504,ios,2025-02-21 09:01:11.421998
5020,3079,android,2025-06-13 21:44:44.908041
5021,2809,web,2025-07-11 21:26:48.889963
5022,1157,android,2025-07-17 14:38:32.333185
5023,2822,ios,2025-01-03 12:52:08.231488
5024,3376,ios,2025-01-03 06:50:05.503690
5025,281,android,2025-08-29 07:54:24.988063
5026,3477,web,2025-05-09 03:57:11.156837
5027,1249,android,2025-01-16 11:31:04.649401
5028,39,ios,2025-01-07 12:20:57.806347
5029,3777,android,2025-07-17 00:25:04.096988
5030,1950,ios,2025-08-08 21:41:53.767366
5031,2062,web,2025-05-08 10:50:24.902256
5032,3122,ios,2025-04-01 07:50:11.214582
5033,2803,android,2025-06-20 16:08:37.083476
5034,3104,android,2025-01-06 10:34:07.820146
5035,4725,ios,2025-08-07 10:28:36.356290
5036,3256,android,2025-03-04 05:31:11.286015
5037,232,web,2025-02-16 09:22:47.522230
5038,1112,android,2025-03-17 12:32:27.716658
5039,2249,android,2025-01-16 11:39:34.457609
5040,2363,ios,2025-04-05 15:54:58.671751
5041,1807,android,2025-06-23 16:24:33.977554
5042,922,android,2025-05-02 01:32:22.196313
5043,533,android,2025-06-12 07:39:13.393410
5044,725,web,2025-02-21 22:43:04.979664
5045,4754,ios,2025-04-07 16:29:49.493006
5046,1978,web,2025-05-07 05:36:55.521737
5047,4808,android,2025-05-20 03:09:39.625341
5048,1675,android,2025-02-15 07:03:51.460083
5049,1558,android,2025-07-16 06:19:35.026237
5050,2448,android,2025-01-22 22:08:27.600993
5051,4734,android,2025-01-24 21:12:40.488610
5052,2816,android,2025-03-02 16:15:16.639029
5053,176,android,2025-06-08 23:43:32.722849
5054,1358,ios,2025-01-19 17:34:20.400750
5055,4905,android,2025-01-02 21:03:20.456565
5056,773,android,2025-04-25 17:45:46.615787
5057,4180,android,2025-03-26 05:42:14.382208
5058,4644,android,2025-02-08 02:08:40.216150
5059,1072,ios,2025-06-09 09:20:52.850657
5060,2795,ios,2025-06-05 20:49:40.836487
5061,2998,ios,2025-01-30 14:52:45.026354
5062,3970,android,2025-02-25 20:12:05.053786
5063,3992,android,2025-03-30 16:33:33.789458
5064,301,ios,2025-08-29 13:54:45.787468
5065,1597,web,2025-07-06 18:25:12.609049
5066,4701,android,2025-03-23 22:20:53.679351
5067,1769,android,2025-08-23 14:26:00.162251
5068,1230,ios,2025-04-21 13:09:50.621734
5069,3145,web,2025-04-03 10:05:45.170174
5070,977,android,2025-08-18 11:04:28.932242
5071,736,android,2025-06-28 21:22:31.473535
5072,3990,ios,2025-05-14 03:01:39.863257
5073,592,ios,2025-05-26 23:15:44.371982
5074,4456,android,2025-08-25 09:25:51.369936
5075,1250,android,2025-02-07 03:43:18.621815
5076,534,ios,2025-03-26 08:26:08.745127
5077,3707,ios,2025-04-13 07:22:02.913360
5078,883,ios,2025-08-28 06:46:00.484946
5079,1833,android,2025-01-21 11:01:11.763899
5080,1756,android,2025-01-28 03:08:57.743324
5081,2537,ios,2025-04-16 19:04:47.389957
5082,2367,android,2025-02-11 03:01:44.378837
5083,978,android,2025-06-16 09:55:46.188696
5084,1174,android,2025-03-29 15:28:16.926475
5085,971,android,2025-07-25 15:04:54.959957
5086,278,ios,2025-07-01 21:53:48.204310
5087,3253,android,2025-04-25 09:44:42.813958
5088,2354,ios,2025-07-25 07:55:11.321688
5089,542,ios,2025-01-25 11:58:31.814157
5090,1657,android,2025-05-22 04:58:09.821278
5091,3340,ios,2025-05-28 01:08:07.664765
5092,1426,android,2025-03-01 18:47:42.489079
5093,2004,ios,2025-01-13 01:23:29.673929
5094,3719,android,2025-05-11 01:16:49.256713
5095,3357,web,2025-05-05 19:45:52.390919
5096,3504,android,2025-06-08 19:51:49.609915
5097,1909,ios,2025-02-21 17:48:01.501511
5098,2420,android,2025-02-13 15:40:48.308748
5099,4231,android,2025-08-26 15:12:19.680200
5100,4362,android,2025-01-28 15:01:52.696199
5101,278,android,2025-08-31 20:33:03.145235
5102,4191,android,2025-06-24 22:54:16.368685
5103,4467,android,2025-06-02 22:12:26.257772
5104,4713,ios,2025-03-24 13:37:02.444427
5105,1344,android,2025-07-30 21:01:39.705695
5106,2507,android,2025-08-10 03:28:45.562355
5107,213,web,2025-06-25 10:01:38.956670
5108,549,ios,2025-06-22 12:04:12.697551
5109,2813,android,2025-04-30 20:04:40.147433
5110,1031,android,2025-01-19 21:55:58.565218
5111,1122,android,2025-08-31 18:20:14.585525
5112,1485,ios,2025-01-04 18:43:08.339958
5113,2297,ios,2025-05-01 09:09:27.479582
5114,765,ios,2025-03-31 05:07:38.321744
5115,4012,web,2025-07-08 14:24:14.097173
5116,3341,ios,2025-06-28 19:04:15.894235
5117,3958,web,2025-06-02 14:47:09.218282
5118,4631,ios,2025-01-19 03:52:30.650065
5119,3002,ios,2025-02-27 13:18:21.525211
5120,1809,ios,2025-01-23 21:07:55.065996
5121,4890,ios,2025-08-26 21:23:24.509499
5122,2829,android,2025-02-01 01:13:47.453662
5123,2319,android,2025-08-24 00:40:04.685589
5124,2081,android,2025-01-28 09:20:14.602877
5125,197,android,2025-07-29 12:31:38.520934
5126,4780,web,2025-05-20 15:14:35.445495
5127,4098,ios,2025-07-22 02:37:26.547503
5128,3498,android,2025-06-04 01:41:09.759880
5129,1107,android,2025-07-06 19:51:30.090805
5130,4642,android,2025-06-27 14:05:35.714067
5131,882,ios,2025-03-05 05:24:37.617185
5132,1208,web,2025-08-16 05:12:05.910774
5133,351,android,2025-06-06 09:44:38.687418
5134,1441,android,2025-02-19 02:33:16.486312
5135,1640,web,2025-03-16 08:50:13.634289
5136,3975,ios,2025-05-10 12:45:12.506061
5137,1631,ios,2025-08-03 06:48:48.656052
5138,4779,android,2025-07-13 14:39:51.104941
5139,1514,android,2025-03-15 09:32:38.310478
5140,2623,ios,2025-06-17 07:15:07.823457
5141,2966,android,2025-01-01 09:39:45.478803
5142,4146,ios,2025-03-22 19:57:45.320282
5143,3758,ios,2025-07-24 00:31:09.650427
5144,4338,android,2025-02-06 17:48:19.390272
5145,4689,android,2025-03-27 21:00:04.242986
5146,588,ios,2025-01-01 06:05:04.650566
5147,471,web,2025-01-06 14:54:36.213246
5148,2246,android,2025-02-05 11:34:57.919899
5149,752,ios,2025-01-25 18:03:55.218604
5150,2468,android,2025-04-30 00:06:05.517522
5151,2950,web,2025-08-07 16:49:31.666951
5152,1382,ios,2025-01-21 13:37:49.554269
5153,491,android,2025-07-31 08:53:19.042870
5154,4823,ios,2025-06-12 08:41:47.447169
5155,1854,ios,2025-02-11 00:59:41.688593
5156,4196,ios,2025-03-12 09:44:35.643101
5157,3123,android,2025-02-17 04:28:41.052957
5158,3311,ios,2025-07-11 19:11:18.959275
5159,3903,ios,2025-06-26 04:47:06.999998
5160,1326,android,2025-03-15 23:18:55.108019
5161,1088,android,2025-01-14 04:52:40.116704
5162,4984,ios,2025-02-11 00:05:46.003774
5163,3340,ios,2025-06-03 01:26:20.181316
5164,1462,android,2025-01-22 23:03:15.145177
5165,3230,ios,2025-05-11 08:40:00.483287
5166,1969,android,2025-05-29 22:36:07.196428
5167,4299,ios,2025-06-17 02:58:44.560505
5168,2542,android,2025-01-31 11:04:28.937751
5169,1569,android,2025-04-22 17:00:16.909827
5170,3452,web,2025-04-23 14:31:44.756597
5171,3751,ios,2025-07-22 23:22:05.179863
5172,1864,android,2025-04-24 21:33:27.362103
5173,3760,web,2025-04-09 20:25:58.348959
5174,1171,web,2025-01-31 00:01:16.819907
5175,1196,ios,2025-06-18 18:06:57.944651
5176,4133,android,2025-05-31 14:36:44.118768
5177,3106,android,2025-06-24 05:15:05.498716
5178,176,ios,2025-06-09 11:26:38.194687
5179,3376,web,2025-08-01 16:39:19.019681
5180,1530,android,2025-08-02 04:40:56.970423
5181,1373,android,2025-03-16 18:24:31.531808
5182,2121,android,2025-02-14 07:49:37.662942
5183,2259,android,2025-08-14 03:13:00.435242
5184,4460,ios,2025-06-23 06:26:55.425695
5185,2179,android,2025-08-24 22:44:24.712990
5186,1484,ios,2025-05-01 18:14:44.388238
5187,3868,ios,2025-08-22 19:48:11.720339
5188,2714,android,2025-01-30 19:41:45.621760
5189,4,ios,2025-05-24 11:00:22.052379
5190,3161,android,2025-05-01 16:57:37.085325
5191,2506,android,2025-01-01 15:25:30.655569
5192,2874,android,2025-02-16 20:59:07.094427
5193,922,android,2025-02-07 07:02:58.509364
5194,2392,android,2025-01-15 18:38:23.173108
5195,3235,web,2025-08-19 09:36:19.471576
5196,3385,android,2025-08-23 14:01:17.117707
5197,3402,android,2025-08-05 16:41:09.528757
5198,4988,ios,2025-08-29 07:09:11.672769
5199,2506,web,2025-07-21 20:26:01.376478
5200,2150,android,2025-08-15 12:28:48.002999
5201,2711,android,2025-02-18 00:35:05.090783
5202,1645,android,2025-03-04 10:08:48.003629
5203,1576,android,2025-07-29 11:34:10.165864
5204,3451,android,2025-04-27 12:13:56.882316
5205,1567,ios,2025-06-24 05:22:59.505301
5206,3745,android,2025-05-17 13:03:13.767622
5207,3726,android,2025-03-16 06:29:06.476198
5208,4768,ios,2025-03-11 05:09:24.596364
5209,659,android,2025-07-01 19:23:00.371388
5210,1817,android,2025-05-10 07:10:43.317073
5211,3858,ios,2025-03-29 07:56:14.241812
5212,2146,android,2025-05-30 22:34:31.878450
5213,3276,android,2025-04-13 01:04:33.575992
5214,3677,android,2025-04-26 10:38:11.348948
5215,4423,ios,2025-06-14 17:34:09.761743
5216,1131,ios,2025-04-22 06:51:11.008414
5217,1301,android,2025-08-19 20:03:13.155071
5218,2355,android,2025-04-28 21:38:36.374916
5219,2531,android,2025-08-22 17:21:02.481433
5220,4526,android,2025-07-25 23:43:02.345084
5221,195,ios,2025-08-05 11:53:18.146827
5222,1227,web,2025-07-05 11:25:18.203596
5223,4563,android,2025-05-27 21:35:36.737169
5224,3074,android,2025-05-10 10:31:04.073592
5225,3377,ios,2025-05-15 01:15:09.595053
5226,1249,android,2025-02-18 22:53:02.584047
5227,3115,android,2025-02-22 02:21:03.235293
5228,1850,web,2025-01-09 07:13:54.416364
5229,3664,android,2025-07-01 04:06:27.662598
5230,453,android,2025-01-31 08:12:14.280401
5231,1422,android,2025-05-22 11:05:37.442034
5232,3224,ios,2025-02-03 12:22:03.036715
5233,3020,ios,2025-01-17 04:06:01.936214
5234,4202,android,2025-05-10 15:55:20.486533
5235,4005,ios,2025-08-01 03:53:42.888288
5236,73,android,2025-03-28 12:16:34.267883
5237,452,web,2025-08-12 08:56:05.393023
5238,1772,android,2025-01-03 12:06:40.427318
5239,4795,android,2025-04-24 04:11:23.628594
5240,2386,ios,2025-02-05 15:55:48.793473
5241,4460,android,2025-03-18 17:37:54.515686
5242,297,ios,2025-01-06 18:24:12.379899
5243,4816,android,2025-01-09 14:08:47.563303
5244,306,android,2025-06-23 05:07:45.921532
5245,4042,android,2025-06-09 01:16:39.835797
5246,4385,android,2025-02-20 15:00:44.467368
5247,1472,android,2025-08-07 23:30:03.011527
5248,1505,android,2025-06-17 04:16:53.367379
5249,2908,android,2025-03-23 16:33:41.473985
5250,3611,ios,2025-04-10 01:26:00.017697
5251,601,ios,2025-03-13 02:11:07.467737
5252,1185,android,2025-07-21 20:02:55.574366
5253,3771,android,2025-05-01 00:46:27.612572
5254,4038,android,2025-02-02 21:06:49.872738
5255,769,android,2025-02-19 00:23:40.431995
5256,4449,android,2025-03-14 01:38:56.961589
5257,4335,android,2025-04-08 23:11:21.531943
5258,4340,web,2025-05-25 00:16:33.265415
5259,1203,ios,2025-08-23 07:00:36.591393
5260,3346,android,2025-03-05 15:34:04.261730
5261,803,android,2025-03-21 19:14:58.542744
5262,983,android,2025-01-06 19:41:17.040820
5263,355,android,2025-04-01 12:43:22.806638
5264,2466,android,2025-06-14 01:03:06.419091
5265,3557,android,2025-08-23 00:34:22.742446
5266,994,android,2025-06-29 20:47:07.196184
5267,932,android,2025-01-29 16:09:20.382658
5268,1385,ios,2025-08-05 06:42:18.462329
5269,989,android,2025-07-23 19:10:36.046673
5270,4165,web,2025-02-15 22:22:44.015371
5271,849,android,2025-08-16 01:05:15.560372
5272,1393,android,2025-06-23 12:37:32.258567
5273,1529,android,2025-07-10 05:23:26.597514
5274,1014,android,2025-04-22 13:42:09.077132
5275,4707,android,2025-02-18 18:23:14.231313
5276,1049,android,2025-07-14 04:22:53.800284
5277,2434,android,2025-04-27 00:26:45.915093
5278,2831,android,2025-08-24 02:03:13.602160
5279,1305,android,2025-02-07 06:14:48.894954
5280,2357,ios,2025-03-28 08:42:47.855583
5281,852,ios,2025-06-28 17:42:37.398994
5282,2415,ios,2025-05-20 01:32:46.994852
5283,95,web,2025-04-16 06:51:36.828210
5284,2196,android,2025-06-20 11:47:33.550059
5285,1825,ios,2025-06-28 04:54:12.214541
5286,1753,android,2025-05-21 06:48:28.241097
5287,551,android,2025-03-19 13:00:39.670487
5288,4994,ios,2025-05-31 08:36:18.487824
5289,136,android,2025-05-13 11:51:15.346955
5290,731,android,2025-07-13 19:55:47.276426
5291,515,android,2025-06-08 18:57:58.153520
5292,4889,android,2025-05-01 17:10:22.192737
5293,1593,android,2025-01-05 13:05:09.027061
5294,2155,ios,2025-02-10 13:35:45.382706
5295,3755,android,2025-03-23 19:01:04.484704
5296,253,android,2025-05-27 03:14:24.520198
5297,335,android,2025-07-12 13:02:10.468871
5298,913,web,2025-08-22 06:27:08.696704
5299,3394,web,2025-05-26 18:03:54.211343
5300,4893,ios,2025-06-27 02:37:05.451830
5301,3103,android,2025-06-01 00:14:42.386446
5302,4361,android,2025-04-15 13:22:46.844053
5303,4410,android,2025-05-29 03:38:03.972140
5304,1382,ios,2025-04-08 08:43:29.231595
5305,920,android,2025-04-21 05:37:29.675372
5306,801,ios,2025-08-10 08:58:28.834742
5307,3972,android,2025-05-18 00:25:46.376215
5308,3348,ios,2025-01-25 09:35:47.849634
5309,4325,android,2025-05-08 06:36:05.089825
5310,2536,android,2025-08-20 15:24:48.863834
5311,4883,android,2025-01-25 07:27:00.027675
5312,4471,ios,2025-08-24 23:57:51.771479
5313,4043,ios,2025-08-28 23:55:06.684679
5314,4016,android,2025-05-17 06:04:45.068349
5315,619,web,2025-03-22 18:46:57.612784
5316,3724,android,2025-01-03 02:21:26.704161
5317,4736,android,2025-01-04 18:25:30.775184
5318,1461,android,2025-04-05 07:22:20.572760
5319,4075,android,2025-07-10 06:52:28.928033
5320,1751,ios,2025-08-17 23:55:20.580265
5321,1062,android,2025-02-07 14:40:01.471668
5322,3653,android,2025-04-29 12:34:23.500595
5323,826,android,2025-05-02 22:03:50.045301
5324,2407,ios,2025-04-03 09:55:45.427108
5325,4683,web,2025-05-12 05:01:25.602835
5326,785,ios,2025-08-13 18:43:46.761253
5327,779,android,2025-04-17 13:30:07.220941
5328,4715,android,2025-02-03 11:31:52.947224
5329,3886,android,2025-06-11 16:54:06.758666
5330,2309,web,2025-01-08 14:58:34.417484
5331,2027,android,2025-08-17 10:45:08.001055
5332,4820,web,2025-08-17 09:25:29.317148
5333,3620,ios,2025-01-23 09:22:32.390744
5334,4542,ios,2025-05-14 20:46:19.505788
5335,460,ios,2025-07-13 18:22:50.262895
5336,2653,android,2025-04-23 21:25:18.097964
5337,3626,android,2025-04-27 08:11:46.221724
5338,179,android,2025-08-24 18:12:23.113601
5339,2560,android,2025-02-26 00:19:23.513729
5340,279,ios,2025-05-08 21:26:27.677943
5341,4502,android,2025-01-28 22:29:39.543644
5342,3405,ios,2025-03-15 11:49:51.443134
5343,942,ios,2025-07-26 18:28:28.636022
5344,2608,android,2025-06-24 02:19:42.853472
5345,547,android,2025-05-29 17:12:21.906632
5346,4020,android,2025-01-28 16:11:53.198798
5347,982,android,2025-07-26 17:16:26.187240
5348,3037,ios,2025-03-14 10:34:24.316943
5349,393,ios,2025-05-11 00:01:11.805316
5350,790,ios,2025-02-26 17:37:27.988480
5351,4901,android,2025-05-07 12:56:08.404425
5352,1930,ios,2025-05-17 14:23:51.961853
5353,615,ios,2025-03-24 17:36:43.028362
5354,3500,web,2025-05-03 22:32:06.162246
5355,1005,ios,2025-04-09 16:05:50.841404
5356,2948,ios,2025-06-19 11:47:35.635942
5357,4049,android,2025-05-13 03:58:27.317992
5358,3418,ios,2025-08-02 08:56:23.341212
5359,1234,android,2025-01-13 01:30:42.826532
5360,1185,android,2025-01-07 11:21:23.966446
5361,1112,android,2025-02-15 19:37:11.369714
5362,3160,android,2025-01-29 19:32:18.926917
5363,3362,android,2025-05-08 19:01:26.929013
5364,2605,android,2025-02-18 15:10:54.439858
5365,1994,ios,2025-01-04 21:35:44.084470
5366,311,ios,2025-03-10 16:15:06.578124
5367,4178,web,2025-05-04 17:40:19.617972
5368,3301,ios,2025-06-23 13:32:09.684394
5369,3192,android,2025-04-17 12:43:06.649510
5370,519,ios,2025-08-22 22:32:59.867139
5371,1442,ios,2025-02-18 11:12:28.534899
5372,1519,android,2025-05-05 22:00:34.173665
5373,2990,web,2025-03-03 12:34:03.032455
5374,3937,web,2025-07-16 00:29:14.076413
5375,4333,android,2025-02-15 15:00:26.441902
5376,2611,ios,2025-08-22 16:03:27.152829
5377,1823,android,2025-06-24 03:14:56.696889
5378,2041,web,2025-05-16 07:38:13.751625
5379,3683,ios,2025-05-10 08:39:14.213283
5380,1591,android,2025-03-30 01:55:35.096727
5381,2080,ios,2025-01-06 02:37:26.338397
5382,3932,android,2025-08-11 09:00:06.490243
5383,2716,android,2025-07-13 04:04:28.360473
5384,2339,ios,2025-02-02 18:29:32.411571
5385,3669,ios,2025-01-30 15:58:05.747938
5386,1444,android,2025-03-16 20:50:35.225596
5387,303,ios,2025-07-05 10:37:44.416942
5388,3942,android,2025-05-03 06:27:30.441777
5389,2275,android,2025-06-08 23:21:07.343191
5390,1628,ios,2025-01-02 12:07:30.147393
5391,477,android,2025-08-13 11:02:41.729872
5392,4632,android,2025-02-10 06:16:46.780141
5393,3626,web,2025-03-19 11:49:56.055777
5394,1371,ios,2025-08-19 03:46:55.546333
5395,3040,ios,2025-06-28 02:14:06.351075
5396,2322,ios,2025-05-05 04:32:27.694400
5397,1635,ios,2025-07-29 16:31:34.303503
5398,1559,ios,2025-01-15 21:16:54.381959
5399,382,android,2025-01-19 12:56:23.286223
5400,4874,android,2025-02-07 16:53:54.523104
5401,4630,android,2025-03-06 06:58:41.755606
5402,4353,android,2025-06-22 07:03:39.684547
5403,1576,android,2025-05-10 09:03:34.606818
5404,4985,ios,2025-04-14 12:41:31.235612
5405,1377,ios,2025-07-10 04:03:21.884858
5406,4123,web,2025-03-19 01:40:50.194725
5407,506,android,2025-01-21 18:23:16.441020
5408,1553,android,2025-04-07 09:56:29.571020
5409,2887,android,2025-07-06 05:42:37.970565
5410,4839,android,2025-04-26 04:52:04.407170
5411,1329,android,2025-08-26 10:43:36.272362
5412,2162,web,2025-07-28 00:56:03.964199
5413,4215,android,2025-07-12 04:50:34.448914
5414,2362,ios,2025-07-07 21:11:21.327627
5415,3414,android,2025-05-22 05:06:56.064036
5416,2092,android,2025-08-07 23:30:18.225751
5417,20,ios,2025-05-24 08:08:02.977414
5418,1416,web,2025-04-01 12:37:58.467269
5419,2829,android,2025-02-17 14:29:48.514655
5420,98,web,2025-07-17 13:58:10.317452
5421,1160,android,2025-04-01 04:28:21.838714
5422,4766,ios,2025-07-12 04:32:51.586665
5423,77,android,2025-08-27 20:52:20.810816
5424,1237,android,2025-04-07 21:15:24.776997
5425,3097,ios,2025-03-24 19:12:11.134581
5426,2816,ios,2025-02-11 07:58:52.056537
5427,1025,ios,2025-04-26 12:15:01.936208
5428,298,android,2025-06-08 22:14:08.415823
5429,4499,ios,2025-03-18 00:10:20.103409
5430,2755,android,2025-04-29 00:24:06.593434
5431,2867,android,2025-05-11 12:12:30.819100
5432,289,android,2025-03-08 21:11:03.030845
5433,1046,android,2025-01-06 17:07:07.398537
5434,365,android,2025-02-22 09:31:07.273415
5435,4896,ios,2025-07-15 03:58:07.244306
5436,3849,android,2025-03-09 13:39:34.506524
5437,2733,ios,2025-01-04 08:36:34.242121
5438,3405,android,2025-04-14 06:18:02.036837
5439,828,ios,2025-06-15 20:10:20.205103
5440,4942,android,2025-07-02 20:03:06.667101
5441,2587,android,2025-04-11 13:51:18.428359
5442,2584,ios,2025-05-19 23:04:41.300942
5443,4797,web,2025-07-01 03:48:14.842479
5444,480,web,2025-08-05 02:03:23.190152
5445,2122,android,2025-06-05 11:53:32.437412
5446,442,web,2025-06-17 21:06:41.982871
5447,2127,ios,2025-01-24 23:28:24.043791
5448,1336,web,2025-04-13 04:03:57.879992
5449,2306,android,2025-08-05 00:24:28.844495
5450,3510,android,2025-02-09 01:19:09.718575
5451,1401,android,2025-03-17 07:41:00.038607
5452,257,ios,2025-06-14 17:53:00.627483
5453,809,android,2025-08-08 04:53:43.288604
5454,3579,android,2025-01-15 08:19:24.305639
5455,2895,ios,2025-07-31 12:42:33.143238
5456,4894,web,2025-02-23 12:55:19.442514
5457,4472,ios,2025-07-29 04:30:39.921010
5458,806,ios,2025-08-05 02:01:18.533377
5459,3679,android,2025-07-08 10:36:48.616510
5460,452,web,2025-08-13 11:41:53.222208
5461,481,android,2025-08-22 13:28:26.308614
5462,3966,android,2025-08-13 19:41:07.264415
5463,2005,android,2025-05-05 16:34:07.456574
5464,4989,android,2025-04-23 16:09:46.377844
5465,27,ios,2025-01-26 13:33:46.469543
5466,2514,ios,2025-02-22 12:14:33.111568
5467,1540,android,2025-06-08 12:35:41.747869
5468,4928,android,2025-01-31 22:39:27.034818
5469,3347,android,2025-08-17 23:57:47.693629
5470,3860,android,2025-02-25 04:07:56.081472
5471,1452,web,2025-01-22 08:48:48.715039
5472,4473,ios,2025-02-27 03:57:02.364928
5473,4203,android,2025-01-12 21:15:08.604229
5474,3921,android,2025-02-10 08:38:04.899008
5475,2387,ios,2025-05-23 19:22:24.451535
5476,4610,ios,2025-03-12 06:24:04.225972
5477,3346,web,2025-07-14 16:22:03.365209
5478,329,android,2025-04-09 08:24:25.715712
5479,4420,android,2025-06-23 11:50:29.784243
5480,105,android,2025-06-22 02:46:11.831642
5481,3415,ios,2025-02-02 23:51:31.325621
5482,1250,android,2025-01-14 17:58:57.470521
5483,4487,ios,2025-07-24 14:30:32.218414
5484,3649,android,2025-06-20 07:21:46.963373
5485,4041,ios,2025-02-12 12:29:19.184750
5486,3500,android,2025-06-15 05:42:45.871315
5487,2836,ios,2025-03-22 01:27:26.126909
5488,4319,android,2025-01-14 18:59:23.335711
5489,1487,ios,2025-02-25 14:08:39.218454
5490,2642,android,2025-07-03 15:51:14.040412
5491,1491,ios,2025-04-05 22:43:16.723284
5492,569,ios,2025-05-13 09:38:07.072593
5493,4377,android,2025-02-03 04:18:50.362212
5494,2486,android,2025-01-23 12:23:44.754084
5495,270,android,2025-02-28 03:19:08.604924
5496,4126,android,2025-04-25 19:50:22.443754
5497,4708,ios,2025-07-25 19:39:09.047944
5498,3309,android,2025-07-05 12:05:59.664206
5499,1636,android,2025-02-08 21:29:44.328620
5500,4298,android,2025-01-18 08:49:20.703265
5501,3695,android,2025-02-24 19:09:40.216972
5502,1425,android,2025-07-27 02:46:47.002072
5503,1651,ios,2025-05-06 08:25:21.294947
5504,4939,android,2025-07-16 01:51:21.075103
5505,4767,web,2025-03-31 19:24:12.225096
5506,3383,ios,2025-05-24 11:27:50.860263
5507,183,android,2025-05-25 12:28:54.983503
5508,1149,ios,2025-06-02 07:04:41.702549
5509,1767,ios,2025-04-25 05:55:20.041245
5510,2680,ios,2025-02-28 03:14:43.276010
5511,4338,android,2025-04-15 02:55:25.103698
5512,4242,ios,2025-08-25 20:47:28.744745
5513,1371,android,2025-03-08 02:57:31.139764
5514,544,android,2025-06-26 03:11:55.813887
5515,1379,android,2025-08-18 13:39:37.520162
5516,1177,android,2025-05-18 14:24:11.122834
5517,4494,ios,2025-04-29 21:48:26.861791
5518,72,android,2025-01-30 08:43:33.668593
5519,4153,android,2025-07-03 01:03:15.298002
5520,3285,ios,2025-08-10 11:48:56.138247
5521,529,android,2025-08-27 07:21:13.835920
5522,3426,android,2025-02-19 00:03:59.566838
5523,2901,android,2025-08-12 13:45:47.407325
5524,19,web,2025-03-31 23:24:09.755701
5525,1117,ios,2025-05-31 10:53:50.848001
5526,1741,ios,2025-02-24 08:19:49.837636
5527,1076,ios,2025-03-02 08:36:32.925517
5528,2895,ios,2025-05-31 09:45:50.324300
5529,3078,ios,2025-04-28 19:32:43.289696
5530,849,ios,2025-08-23 08:22:15.853477
5531,620,ios,2025-03-06 06:21:12.910086
5532,3277,ios,2025-08-02 08:42:35.321952
5533,2349,android,2025-04-22 21:29:17.816600
5534,1326,android,2025-02-02 16:43:09.518723
5535,1280,android,2025-02-28 02:35:13.222393
5536,197,android,2025-07-03 15:14:24.611638
5537,4270,web,2025-07-20 20:55:40.882058
5538,4209,ios,2025-01-10 14:44:00.222699
5539,2773,ios,2025-04-10 15:17:34.225511
5540,1748,ios,2025-05-01 02:00:53.631027
5541,1076,web,2025-05-30 10:52:28.308696
5542,1538,ios,2025-06-08 02:23:57.009223
5543,4633,android,2025-07-21 19:49:06.771161
5544,445,android,2025-03-08 10:24:28.570605
5545,4115,android,2025-01-28 04:45:53.522517
5546,1523,android,2025-02-15 07:35:27.109944
5547,1327,android,2025-08-16 15:41:13.992575
5548,4049,android,2025-05-13 20:15:00.623827
5549,4806,android,2025-02-23 05:45:41.084897
5550,4958,android,2025-07-10 23:09:48.073663
5551,1339,web,2025-05-23 15:25:37.775242
5552,2956,android,2025-03-31 06:15:20.605209
5553,1464,ios,2025-01-05 10:44:25.281960
5554,968,android,2025-07-10 05:12:38.292905
5555,1930,web,2025-06-24 08:07:09.163615
5556,313,ios,2025-03-05 16:36:21.573286
5557,825,web,2025-03-06 13:05:44.480294
5558,2978,android,2025-03-07 23:19:05.477079
5559,3436,ios,2025-06-12 21:53:17.359897
5560,1353,android,2025-03-13 11:38:30.911217
5561,2787,android,2025-03-17 10:02:08.114447
5562,3823,ios,2025-04-02 12:26:31.100540
5563,4473,android,2025-08-27 04:32:02.885360
5564,2843,android,2025-04-22 19:17:38.073416
5565,1205,ios,2025-04-02 16:51:11.060049
5566,3564,android,2025-04-25 05:10:26.420240
5567,852,ios,2025-06-24 18:23:41.424961
5568,696,android,2025-08-03 17:41:03.725761
5569,1794,android,2025-08-29 18:21:22.292498
5570,1645,android,2025-04-29 02:43:35.693775
5571,731,android,2025-04-22 19:33:15.026948
5572,262,ios,2025-03-22 06:22:37.759859
5573,4731,ios,2025-07-09 07:40:05.262640
5574,3387,android,2025-06-09 07:22:42.714357
5575,3588,android,2025-03-30 07:08:30.635364
5576,332,ios,2025-05-07 00:08:06.313451
5577,3981,android,2025-02-20 00:20:48.299277
5578,1823,android,2025-06-18 15:22:15.451737
5579,3741,android,2025-03-03 06:23:04.296358
5580,2452,ios,2025-03-26 22:33:09.628342
5581,1215,android,2025-01-17 13:16:03.225339
5582,1312,android,2025-02-23 10:17:03.818845
5583,704,web,2025-02-17 08:33:18.131079
5584,4149,web,2025-06-28 16:18:30.881585
5585,2148,ios,2025-06-18 18:08:10.111852
5586,3901,ios,2025-05-11 18:27:16.895671
5587,4146,web,2025-04-05 01:18:48.869610
5588,835,ios,2025-08-05 03:03:26.328365
5589,1653,ios,2025-08-03 19:58:26.702117
5590,621,android,2025-05-27 11:44:05.028347
5591,48,android,2025-06-09 21:09:10.794876
5592,4933,ios,2025-07-13 12:54:01.856108
5593,3301,ios,2025-06-25 15:13:24.811245
5594,2259,android,2025-02-24 15:37:31.598825
5595,1001,ios,2025-05-03 07:35:58.604251
5596,2955,ios,2025-02-06 21:47:54.925398
5597,2715,android,2025-07-16 16:18:32.895204
5598,1115,ios,2025-06-08 19:39:36.971885
5599,75,android,2025-08-26 22:03:35.929178
5600,2345,ios,2025-02-03 04:07:28.168671
5601,2545,web,2025-05-04 23:10:52.669255
5602,3992,ios,2025-06-25 22:25:41.853865
5603,1969,ios,2025-07-30 18:20:25.740057
5604,486,ios,2025-07-27 09:00:56.046905
5605,4403,android,2025-02-19 02:03:39.071576
5606,2069,ios,2025-08-27 16:53:44.571352
5607,3610,android,2025-08-27 11:11:28.095101
5608,216,ios,2025-08-24 11:33:00.122953
5609,181,android,2025-05-30 02:35:23.662121
5610,117,android,2025-07-22 03:50:47.138710
5611,3948,android,2025-01-19 11:25:40.800400
5612,1204,android,2025-03-04 01:50:42.540870
5613,3957,android,2025-01-23 08:31:12.329482
5614,4725,android,2025-05-03 20:25:48.366447
5615,3318,android,2025-08-23 10:18:22.644969
5616,4929,android,2025-06-07 17:57:49.735275
5617,4647,web,2025-04-23 02:01:20.447320
5618,3614,android,2025-07-12 15:49:04.843054
5619,4017,ios,2025-05-14 17:33:38.660406
5620,3018,android,2025-04-22 05:00:04.297157
5621,1095,ios,2025-06-02 22:14:31.026117
5622,515,ios,2025-05-05 08:49:17.780883
5623,1908,web,2025-06-05 21:29:30.043233
5624,2376,ios,2025-07-15 00:58:44.778145
5625,1750,ios,2025-04-23 08:49:29.133602
5626,511,android,2025-04-11 20:24:14.120915
5627,2525,android,2025-05-16 18:08:14.687909
5628,2494,android,2025-08-08 20:31:23.498884
5629,4769,ios,2025-04-13 18:49:57.643975
5630,4772,ios,2025-07-26 00:04:34.921085
5631,3078,android,2025-05-30 23:17:37.900432
5632,4253,ios,2025-01-04 00:18:00.572140
5633,1565,android,2025-04-26 17:12:48.230153
5634,4847,ios,2025-02-21 03:50:33.417012
5635,4708,ios,2025-02-06 12:56:11.803058
5636,627,android,2025-02-26 23:14:30.310907
5637,3502,ios,2025-06-23 02:49:46.677343
5638,2289,android,2025-06-02 10:53:45.785807
5639,1331,ios,2025-05-11 10:55:38.799957
5640,2060,ios,2025-05-01 08:24:22.059825
5641,4533,android,2025-04-05 13:41:10.067937
5642,4622,android,2025-08-04 10:27:50.277102
5643,1722,android,2025-08-15 14:04:23.219050
5644,2310,ios,2025-07-05 18:12:04.446866
5645,2582,ios,2025-03-12 00:55:31.998645
5646,3668,android,2025-08-11 01:39:19.183471
5647,2397,android,2025-07-19 01:11:51.062726
5648,1980,android,2025-01-31 03:19:19.970703
5649,4619,android,2025-03-25 00:39:48.513971
5650,1864,android,2025-03-21 14:35:52.154417
5651,1329,ios,2025-06-27 09:37:58.180025
5652,1635,android,2025-05-08 07:22:35.059298
5653,1667,ios,2025-03-06 20:28:15.225291
5654,2776,android,2025-02-26 01:59:39.141195
5655,3301,ios,2025-04-22 04:10:09.880903
5656,672,android,2025-06-11 19:51:41.031244
5657,4434,android,2025-05-04 14:53:22.731778
5658,1268,android,2025-03-05 10:20:50.734861
5659,575,ios,2025-05-31 15:45:10.561953
5660,3342,web,2025-08-31 17:39:23.682963
5661,1050,android,2025-02-12 22:19:55.766349
5662,3751,android,2025-05-09 09:37:34.771408
5663,4741,ios,2025-04-02 06:49:35.579978
5664,3463,android,2025-02-23 01:48:05.136166
5665,3887,ios,2025-08-01 17:52:14.449277
5666,2474,android,2025-08-21 17:43:03.254096
5667,1731,ios,2025-03-27 02:20:30.493679
5668,3067,ios,2025-03-26 09:23:55.212445
5669,1789,android,2025-01-23 07:09:23.330271
5670,4382,ios,2025-05-31 02:44:12.316825
5671,2348,android,2025-01-07 10:48:45.077207
5672,2495,ios,2025-05-01 13:53:56.981290
5673,3369,ios,2025-02-07 03:12:51.676512
5674,947,ios,2025-06-13 08:57:36.849945
5675,2806,android,2025-08-14 17:24:13.208279
5676,3770,android,2025-01-22 13:46:50.299978
5677,3881,android,2025-07-08 23:46:56.942695
5678,1125,ios,2025-07-21 19:52:23.431379
5679,271,ios,2025-02-12 19:38:06.660696
5680,972,android,2025-08-13 04:50:59.651225
5681,4096,ios,2025-05-31 21:11:34.221536
5682,1328,ios,2025-05-10 23:45:08.074242
5683,291,ios,2025-06-13 03:40:39.820407
5684,2987,android,2025-03-12 00:15:08.904887
5685,4405,android,2025-01-07 04:11:46.229195
5686,1123,android,2025-04-18 10:02:33.850610
5687,217,ios,2025-06-30 15:11:46.415068
5688,701,ios,2025-08-12 05:34:08.723184
5689,640,ios,2025-04-15 12:21:55.664936
5690,1023,android,2025-03-06 01:35:36.014717
5691,901,ios,2025-02-01 21:42:55.339965
5692,3186,ios,2025-08-16 07:48:10.657438
5693,1116,android,2025-02-26 02:52:18.057087
5694,2742,android,2025-08-10 09:22:02.737498
5695,2009,android,2025-02-14 15:39:58.245018
5696,3272,ios,2025-01-05 09:45:00.485318
5697,3278,android,2025-02-24 11:39:10.576359
5698,2965,android,2025-04-30 17:56:54.884709
5699,4464,android,2025-03-26 17:38:51.112279
5700,982,ios,2025-08-09 13:49:38.408736
5701,2623,ios,2025-05-13 10:55:58.865515
5702,1972,ios,2025-01-29 14:49:53.912887
5703,2663,ios,2025-06-01 22:56:10.125605
5704,700,ios,2025-04-05 12:20:16.932614
5705,1597,ios,2025-06-14 23:35:09.334994
5706,4706,android,2025-07-11 00:58:56.979725
5707,4004,ios,2025-08-28 11:44:09.697363
5708,2131,ios,2025-05-21 02:59:59.333310
5709,553,ios,2025-03-31 02:53:23.674520
5710,3243,android,2025-04-16 08:45:26.099329
5711,1506,android,2025-04-08 20:05:24.038919
5712,1648,android,2025-04-20 11:32:01.394030
5713,485,android,2025-01-08 07:18:07.758885
5714,1446,android,2025-03-02 02:25:05.837613
5715,1071,android,2025-08-29 00:37:15.641963
5716,170,android,2025-08-14 12:10:50.599937
5717,2933,ios,2025-01-12 17:37:16.528788
5718,4848,ios,2025-08-27 00:54:56.442807
5719,630,ios,2025-07-12 10:40:36.035382
5720,263,android,2025-01-01 16:01:16.462683
5721,504,android,2025-08-10 23:19:10.034426
5722,2730,android,2025-08-22 08:52:24.085280
5723,4130,ios,2025-06-02 18:55:00.340938
5724,1549,android,2025-07-11 13:32:05.058124
5725,592,ios,2025-03-22 19:19:28.611590
5726,480,android,2025-05-20 01:46:39.350472
5727,3041,android,2025-06-27 18:23:57.492145
5728,1784,android,2025-05-17 09:16:24.695100
5729,1761,android,2025-03-16 00:27:24.441785
5730,1194,android,2025-06-07 18:08:09.536093
5731,4482,ios,2025-07-23 17:39:33.026505
5732,1875,android,2025-07-23 03:35:59.672474
5733,3538,android,2025-02-02 02:49:15.884896
5734,3712,android,2025-04-19 05:41:38.699997
5735,298,web,2025-01-10 09:55:37.735110
5736,1243,ios,2025-06-03 18:17:42.253281
5737,4478,ios,2025-02-28 20:17:24.133036
5738,4415,android,2025-08-15 01:49:45.895642
5739,2070,ios,2025-05-31 05:40:07.169107
5740,782,android,2025-04-08 08:24:06.945039
5741,1492,ios,2025-06-27 17:53:35.951502
5742,4747,ios,2025-02-20 09:30:30.118017
5743,3364,android,2025-01-23 05:13:49.050362
5744,378,android,2025-01-22 05:36:32.714917
5745,3590,android,2025-05-22 14:55:10.892038
5746,735,android,2025-08-04 23:52:52.890138
5747,1517,android,2025-02-24 03:07:30.961517
5748,2409,android,2025-07-04 16:36:07.868732
5749,1759,android,2025-01-10 03:25:13.446434
5750,3492,ios,2025-03-27 20:40:45.504799
5751,782,android,2025-06-08 20:28:28.861474
5752,4386,ios,2025-07-20 18:41:35.811452
5753,2968,android,2025-08-18 04:41:40.068460
5754,1529,android,2025-06-03 17:09:01.326389
5755,4785,android,2025-04-23 10:18:58.047490
5756,2393,ios,2025-01-15 17:37:53.177695
5757,2084,android,2025-03-08 23:34:37.474961
5758,106,ios,2025-08-13 07:35:16.985592
5759,4982,ios,2025-05-22 15:27:09.501278
5760,4233,ios,2025-03-25 06:29:38.203670
5761,883,android,2025-03-02 11:06:00.019113
5762,4739,android,2025-01-28 14:50:52.027708
5763,3981,ios,2025-07-02 15:21:36.844867
5764,2105,ios,2025-04-11 04:58:39.461849
5765,4641,ios,2025-08-16 13:57:21.235934
5766,2796,ios,2025-04-21 10:00:44.854895
5767,3441,android,2025-07-18 20:46:19.628020
5768,917,ios,2025-02-01 15:32:44.947528
5769,547,ios,2025-02-06 16:05:35.816200
5770,2639,web,2025-03-08 09:22:18.792394
5771,1633,ios,2025-02-16 11:16:49.921705
5772,4909,android,2025-08-26 08:21:03.977576
5773,429,ios,2025-07-16 09:04:57.683376
5774,3815,ios,2025-03-26 15:56:24.732504
5775,3009,android,2025-05-07 07:36:31.149459
5776,4395,android,2025-05-10 13:54:10.861172
5777,4991,android,2025-05-28 13:14:35.551467
5778,4353,android,2025-01-26 04:17:34.344101
5779,1874,ios,2025-03-26 19:15:08.360587
5780,3479,android,2025-01-21 21:08:33.325693
5781,815,ios,2025-08-12 07:59:18.079026
5782,2430,android,2025-04-09 00:56:34.767219
5783,1344,ios,2025-06-26 15:57:48.247328
5784,1251,ios,2025-08-12 18:15:34.632823
5785,2855,ios,2025-03-17 04:38:18.548419
5786,635,android,2025-01-22 08:20:11.427486
5787,2845,web,2025-03-23 16:48:47.305057
5788,2005,android,2025-06-13 01:11:57.648151
5789,1150,ios,2025-05-02 10:49:07.768716
5790,2811,android,2025-01-19 05:07:45.147355
5791,3754,android,2025-01-18 01:23:04.029937
5792,3051,ios,2025-06-19 23:50:35.812613
5793,441,android,2025-06-28 23:31:56.701877
5794,2811,android,2025-01-27 14:38:57.762472
5795,3116,android,2025-07-13 02:47:41.093113
5796,3418,android,2025-03-25 23:18:02.851251
5797,2129,web,2025-01-17 13:47:44.497022
5798,475,ios,2025-03-23 03:04:39.288576
5799,636,android,2025-06-27 12:07:51.004203
5800,1660,ios,2025-06-09 08:29:55.285179
5801,3172,ios,2025-04-27 23:56:17.365156
5802,3696,ios,2025-03-09 22:56:03.946630
5803,3366,ios,2025-04-12 13:22:28.766549
5804,1562,android,2025-04-03 17:33:12.559714
5805,2201,android,2025-04-05 18:36:45.098144
5806,234,ios,2025-04-29 23:53:21.432530
5807,3990,ios,2025-04-21 15:12:55.228887
5808,1768,ios,2025-01-25 21:35:55.169355
5809,2547,android,2025-03-12 12:16:08.075887
5810,2249,ios,2025-02-01 08:57:55.488966
5811,1429,android,2025-05-27 07:25:30.444494
5812,841,ios,2025-04-13 17:51:25.847016
5813,4769,android,2025-06-13 06:40:14.623277
5814,598,ios,2025-01-22 06:54:06.743237
5815,4721,web,2025-03-25 19:30:34.964750
5816,566,android,2025-02-13 19:48:40.788667
5817,479,ios,2025-01-23 09:03:19.983742
5818,4516,ios,2025-07-07 22:44:29.816675
5819,4731,android,2025-02-01 19:37:20.552160
5820,4477,android,2025-02-12 12:06:13.687932
5821,3878,ios,2025-03-31 03:02:51.139992
5822,2464,android,2025-03-13 03:23:33.330884
5823,534,android,2025-08-12 12:22:57.326230
5824,2958,ios,2025-08-29 05:47:09.631085
5825,2597,ios,2025-04-13 15:26:27.205600
5826,3679,ios,2025-02-18 21:01:06.068469
5827,175,ios,2025-05-02 00:59:14.476055
5828,387,android,2025-05-01 10:44:21.469155
5829,2945,ios,2025-04-24 05:56:14.442948
5830,4277,android,2025-01-05 22:36:03.192019
5831,4666,android,2025-02-01 04:41:39.834437
5832,2844,ios,2025-02-04 06:21:43.521902
5833,1842,web,2025-03-27 11:28:14.679693
5834,2361,android,2025-05-22 03:09:17.465083
5835,2544,web,2025-08-02 07:35:00.423782
5836,3096,ios,2025-02-24 06:36:47.830047
5837,1138,android,2025-07-07 09:38:19.453737
5838,1944,android,2025-02-24 23:14:39.248883
5839,2705,android,2025-01-08 22:13:14.167069
5840,4254,ios,2025-06-07 21:58:25.650099
5841,4013,android,2025-02-22 03:44:21.308269
5842,3770,android,2025-08-12 11:25:40.831112
5843,1077,android,2025-08-15 19:42:07.276594
5844,2033,web,2025-01-26 12:32:43.395674
5845,2768,android,2025-02-17 07:35:57.632974
5846,4839,android,2025-02-21 03:07:55.799926
5847,1774,android,2025-08-10 11:30:33.724750
5848,4592,android,2025-01-19 23:02:05.401779
5849,3740,android,2025-07-02 12:48:43.178606
5850,3169,ios,2025-03-11 21:53:36.184550
5851,3511,ios,2025-05-22 12:45:30.103591
5852,3966,android,2025-02-13 01:54:32.262110
5853,3494,ios,2025-07-15 23:40:51.468447
5854,3363,android,2025-06-12 23:56:31.053720
5855,1890,ios,2025-01-06 03:19:39.991222
5856,2140,android,2025-02-27 14:57:25.403386
5857,2997,ios,2025-04-24 07:45:17.041748
5858,4218,web,2025-05-10 01:48:54.844574
5859,3256,ios,2025-07-21 00:38:50.169931
5860,4940,android,2025-04-05 00:46:38.604637
5861,3405,android,2025-08-14 05:21:23.679293
5862,2038,ios,2025-02-17 02:44:22.777367
5863,2877,android,2025-07-28 10:10:55.616224
5864,3117,android,2025-08-08 17:52:29.492792
5865,4335,android,2025-06-02 06:50:18.206816
5866,1280,android,2025-08-24 02:35:55.864483
5867,1244,android,2025-04-10 18:32:42.402917
5868,1010,android,2025-06-19 22:13:09.872918
5869,280,ios,2025-01-03 10:53:22.802496
5870,3376,android,2025-03-08 17:56:11.073303
5871,4813,android,2025-05-18 15:03:50.561678
5872,3069,android,2025-08-01 20:26:44.499743
5873,304,web,2025-08-20 13:27:45.080137
5874,1824,ios,2025-05-21 19:15:19.541448
5875,4515,ios,2025-07-27 23:26:13.019864
5876,260,ios,2025-07-14 05:07:24.275106
5877,3062,ios,2025-07-08 00:04:00.135849
5878,2204,android,2025-01-28 02:01:37.578601
5879,4594,ios,2025-04-27 07:25:21.424459
5880,2566,android,2025-04-29 03:51:54.887551
5881,2825,ios,2025-07-11 08:27:23.106870
5882,3612,android,2025-05-23 10:10:44.444107
5883,4106,web,2025-07-19 05:22:51.406436
5884,2578,android,2025-08-21 10:01:11.209253
5885,3607,android,2025-05-15 18:47:58.546743
5886,4027,ios,2025-07-12 09:15:31.496729
5887,2626,android,2025-05-17 05:11:09.026920
5888,3581,android,2025-06-02 01:05:52.917710
5889,1817,ios,2025-04-26 16:04:08.041052
5890,1776,ios,2025-08-22 04:21:36.581396
5891,15,ios,2025-07-18 16:06:39.102232
5892,3347,android,2025-07-02 17:19:19.703894
5893,1255,android,2025-03-22 02:07:47.829855
5894,4070,android,2025-04-28 22:56:24.813912
5895,4759,ios,2025-07-29 16:29:06.506178
5896,4380,ios,2025-08-16 12:59:13.339687
5897,1378,android,2025-08-31 09:42:41.979502
5898,3260,android,2025-06-28 11:11:28.778922
5899,3760,android,2025-06-27 14:15:01.574696
5900,2531,android,2025-01-23 19:28:51.760663
5901,2543,android,2025-07-02 14:59:10.091421
5902,2190,android,2025-03-26 06:11:43.247254
5903,1543,android,2025-07-30 02:29:04.058805
5904,2867,android,2025-01-03 17:36:52.357338
5905,4956,android,2025-08-16 01:20:13.429008
5906,1095,android,2025-04-28 13:59:35.021224
5907,235,ios,2025-02-01 02:14:16.670603
5908,282,android,2025-05-27 01:01:25.467937
5909,2911,android,2025-06-18 03:57:11.157237
5910,1350,android,2025-07-09 11:47:01.619694
5911,2308,android,2025-06-20 13:10:29.109870
5912,4754,android,2025-05-15 11:17:04.975449
5913,383,android,2025-01-20 21:53:51.199283
5914,874,android,2025-07-29 16:25:23.971918
5915,1071,ios,2025-08-27 23:12:54.039922
5916,2286,ios,2025-07-09 01:20:12.273900
5917,3472,android,2025-01-09 10:36:58.921373
5918,917,android,2025-07-03 15:13:48.034111
5919,542,web,2025-03-07 12:32:47.497631
5920,429,android,2025-08-22 18:58:05.800465
5921,4006,web,2025-01-16 10:22:33.924012
5922,148,ios,2025-01-23 10:03:03.409138
5923,3126,android,2025-02-14 01:45:06.507242
5924,2892,android,2025-07-03 00:25:05.171042
5925,505,android,2025-06-08 06:59:37.462552
5926,2763,ios,2025-06-26 17:14:40.079280
5927,1435,android,2025-03-27 23:51:10.482612
5928,2575,ios,2025-08-02 17:41:08.930111
5929,686,android,2025-04-19 10:33:55.571370
5930,3340,ios,2025-02-02 14:09:19.533747
5931,3989,ios,2025-07-06 11:54:30.908623
5932,16,android,2025-05-09 16:16:04.137302
5933,2665,android,2025-05-25 04:46:22.847590
5934,3238,android,2025-04-04 14:01:28.477518
5935,15,ios,2025-06-22 16:54:58.888718
5936,3621,ios,2025-01-09 15:25:56.312417
5937,2715,android,2025-04-30 08:32:13.436745
5938,1532,ios,2025-04-14 19:11:19.755172
5939,2415,android,2025-07-01 09:27:35.570016
5940,3411,android,2025-03-06 14:32:57.227053
5941,3216,ios,2025-02-26 19:00:18.254733
5942,3884,android,2025-03-19 17:15:42.487519
5943,175,ios,2025-04-27 18:31:48.793568
5944,3937,android,2025-02-21 00:00:17.966304
5945,178,ios,2025-06-16 06:17:43.091062
5946,3251,android,2025-03-22 13:57:24.732896
5947,1747,android,2025-04-13 10:20:48.006956
5948,319,android,2025-05-16 11:53:05.520365
5949,3443,ios,2025-04-02 13:56:13.019036
5950,2763,android,2025-06-20 09:33:22.556230
5951,3333,android,2025-06-09 10:55:49.423511
5952,1880,android,2025-07-03 21:51:39.787906
5953,1392,android,2025-05-08 02:09:45.711459
5954,3124,ios,2025-03-31 06:48:15.320664
5955,1081,ios,2025-02-18 20:58:36.519097
5956,4061,ios,2025-04-17 03:55:11.310544
5957,3416,android,2025-08-01 03:25:17.774956
5958,4999,android,2025-01-30 09:49:27.149787
5959,136,android,2025-02-22 08:13:22.948892
5960,2929,android,2025-06-11 15:42:48.801870
5961,2784,ios,2025-05-20 17:07:05.858398
5962,4288,android,2025-08-11 15:11:38.358867
5963,2121,web,2025-01-08 01:19:19.340860
5964,4683,android,2025-08-02 11:30:25.136168
5965,1196,ios,2025-06-26 07:03:25.952171
5966,4272,ios,2025-07-08 10:48:47.949612
5967,2602,ios,2025-04-03 00:23:11.062553
5968,4720,ios,2025-03-16 16:19:14.532754
5969,1086,android,2025-01-04 11:51:05.500069
5970,1302,ios,2025-07-11 08:08:48.909302
5971,2822,android,2025-02-09 06:10:42.067682
5972,2760,android,2025-02-24 22:47:07.253689
5973,745,android,2025-03-09 04:54:22.901435
5974,3257,android,2025-07-31 07:56:26.367646
5975,2029,web,2025-03-11 23:02:06.418351
5976,757,android,2025-04-14 10:35:04.621479
5977,2553,android,2025-07-01 14:30:47.734588
5978,3490,android,2025-08-05 19:43:28.115436
5979,159,ios,2025-07-12 06:10:35.392070
5980,4602,ios,2025-05-11 02:32:01.217419
5981,3054,web,2025-01-01 12:42:32.704721
5982,1303,ios,2025-02-08 08:32:10.230418
5983,3752,android,2025-03-03 15:00:40.860066
5984,4219,android,2025-04-11 13:04:50.559247
5985,4781,android,2025-03-30 00:17:23.396974
5986,3953,ios,2025-05-06 00:01:04.056943
5987,1016,web,2025-04-11 02:56:40.348201
5988,819,android,2025-06-26 10:25:15.668565
5989,1044,android,2025-01-13 16:36:34.173394
5990,4378,ios,2025-08-30 17:15:16.998087
5991,1525,ios,2025-07-24 20:43:09.220791
5992,1652,ios,2025-03-23 09:31:32.172005
5993,4454,android,2025-04-07 10:08:59.623591
5994,1022,android,2025-08-23 04:20:15.104220
5995,2035,android,2025-08-16 09:36:38.297034
5996,1482,android,2025-04-06 12:59:17.643256
5997,1509,ios,2025-01-15 11:40:46.248267
5998,2979,android,2025-08-29 01:49:11.463560
5999,3706,android,2025-06-08 20:41:22.969997
6000,1327,web,2025-06-18 09:35:11.610390
6001,190,android,2025-03-08 17:26:26.624501
6002,3197,android,2025-07-18 22:41:04.083165
6003,2745,web,2025-05-16 11:14:03.490508
6004,3296,android,2025-04-25 06:27:11.847060
6005,2251,ios,2025-06-30 02:41:24.040177
6006,3884,android,2025-04-01 08:55:03.875827
6007,3125,ios,2025-04-15 08:17:20.032116
6008,3789,android,2025-06-08 12:22:12.219381
6009,3656,android,2025-06-05 10:04:04.807860
6010,2484,web,2025-08-24 23:57:23.614652
6011,1625,ios,2025-05-17 18:32:55.808340
6012,2911,android,2025-03-19 23:59:13.704857
6013,3183,android,2025-03-11 20:20:36.720253
6014,2858,android,2025-05-10 18:23:55.843247
6015,2622,android,2025-01-30 01:16:03.894948
6016,1715,android,2025-05-23 21:47:34.198323
6017,670,android,2025-04-05 19:58:00.532715
6018,2138,web,2025-03-27 12:50:49.062886
6019,4409,ios,2025-02-16 18:31:40.542927
6020,3584,web,2025-05-01 09:15:02.626997
6021,3773,android,2025-01-10 03:28:31.127527
6022,3685,android,2025-05-28 13:05:47.960004
6023,4609,ios,2025-03-11 09:19:20.134219
6024,1131,android,2025-08-08 22:22:06.222942
6025,3603,android,2025-05-08 21:44:33.254024
6026,348,ios,2025-07-09 16:23:05.158638
6027,1225,ios,2025-07-26 20:08:00.406183
6028,148,android,2025-08-02 14:13:47.698969
6029,2153,android,2025-07-31 13:31:11.760008
6030,704,android,2025-02-24 18:56:01.214081
6031,1935,ios,2025-03-15 16:56:10.649604
6032,674,android,2025-06-22 00:41:42.246941
6033,180,ios,2025-05-11 15:23:25.569006
6034,2388,android,2025-05-29 01:37:33.249359
6035,2053,android,2025-06-14 16:31:02.514051
6036,2086,ios,2025-01-28 18:19:16.501955
6037,1728,web,2025-02-10 21:33:47.353295
6038,2047,ios,2025-06-04 23:51:39.112163
6039,20,android,2025-06-01 23:09:55.934806
6040,2391,android,2025-07-18 15:15:40.206052
6041,4236,ios,2025-06-18 14:08:08.471518
6042,698,ios,2025-02-20 11:10:12.537825
6043,720,web,2025-01-18 00:39:43.360084
6044,3901,android,2025-04-06 00:27:23.305304
6045,2505,ios,2025-04-01 05:15:37.197947
6046,1286,android,2025-07-06 11:34:13.131569
6047,3924,android,2025-06-13 04:05:27.389963
6048,1625,android,2025-07-31 22:41:05.048301
6049,3023,android,2025-05-03 12:51:16.911422
6050,2781,android,2025-03-12 03:41:34.903623
6051,847,android,2025-05-03 12:47:17.463740
6052,3776,ios,2025-02-22 08:48:27.854045
6053,3092,ios,2025-01-15 17:00:52.211285
6054,1043,android,2025-05-02 10:09:05.597103
6055,3788,ios,2025-04-11 12:08:42.090898
6056,3103,android,2025-01-08 19:57:35.420173
6057,4274,android,2025-06-25 06:28:06.573763
6058,4101,web,2025-06-06 13:51:20.719568
6059,1594,android,2025-01-18 22:24:51.326526
6060,4684,android,2025-06-22 12:51:26.994613
6061,170,ios,2025-01-21 03:01:10.655449
6062,1671,android,2025-05-06 18:58:24.542216
6063,3040,android,2025-06-01 04:56:37.267034
6064,2674,ios,2025-05-02 06:05:01.409849
6065,1129,ios,2025-07-01 14:52:15.556569
6066,998,android,2025-04-04 16:37:28.340959
6067,3905,ios,2025-02-21 17:57:24.799457
6068,4381,android,2025-04-29 04:43:52.864354
6069,3400,android,2025-03-25 03:55:32.902621
6070,2652,android,2025-02-06 18:14:37.223612
6071,3866,android,2025-04-25 11:21:31.210699
6072,1201,web,2025-02-18 22:44:31.586222
6073,4838,ios,2025-04-25 06:46:02.806786
6074,625,android,2025-05-24 23:37:24.327312
6075,2923,android,2025-07-10 01:46:35.239070
6076,1706,android,2025-07-27 07:39:50.477186
6077,4522,ios,2025-06-12 08:43:42.282913
6078,1225,android,2025-08-06 03:08:17.092370
6079,3210,web,2025-05-16 13:01:35.605331
6080,782,android,2025-06-22 15:14:27.309953
6081,909,android,2025-07-07 04:45:16.989325
6082,2082,web,2025-07-20 10:30:05.504452
6083,3997,ios,2025-07-02 16:47:51.561902
6084,1391,android,2025-08-08 06:52:45.056726
6085,3469,android,2025-04-25 21:41:21.571470
6086,2857,ios,2025-08-20 16:42:27.592395
6087,4890,ios,2025-04-08 06:28:17.124175
6088,1504,ios,2025-01-18 01:21:02.498520
6089,1218,ios,2025-02-14 06:05:51.112090
6090,4514,web,2025-05-16 15:48:24.029543
6091,1666,android,2025-01-04 13:04:36.040602
6092,1074,android,2025-02-08 05:55:21.607971
6093,4108,android,2025-04-01 21:37:08.756868
6094,4065,ios,2025-06-01 16:54:02.757457
6095,315,android,2025-02-10 05:29:17.898527
6096,4281,android,2025-05-20 16:36:28.745851
6097,3166,ios,2025-06-11 03:27:55.223324
6098,1395,android,2025-07-05 13:39:42.497786
6099,2678,web,2025-06-10 11:54:43.605724
6100,1194,android,2025-03-02 18:28:57.779804
6101,845,ios,2025-08-31 08:36:16.980823
6102,662,ios,2025-08-04 20:15:58.647376
6103,826,android,2025-04-01 18:21:45.309987
6104,2915,android,2025-01-08 02:14:02.789692
6105,4051,android,2025-05-09 11:25:34.921128
6106,2433,ios,2025-07-30 05:47:10.388808
6107,78,ios,2025-07-19 17:34:23.246644
6108,2144,android,2025-08-07 02:33:09.539524
6109,3735,android,2025-08-24 14:13:07.720197
6110,4177,web,2025-06-23 06:22:48.427290
6111,3664,android,2025-02-09 11:06:08.873367
6112,1848,web,2025-01-09 20:21:41.101155
6113,3249,android,2025-02-06 19:00:26.169800
6114,342,android,2025-02-18 20:48:52.103482
6115,2048,android,2025-01-15 22:01:41.611962
6116,2685,android,2025-04-21 04:31:49.654103
6117,142,ios,2025-07-10 11:34:29.365560
6118,72,ios,2025-01-02 00:47:47.294868
6119,4009,ios,2025-07-15 06:44:55.258016
6120,1102,ios,2025-08-13 20:23:32.623426
6121,629,ios,2025-02-06 22:22:55.564740
6122,2961,ios,2025-01-06 04:29:26.868919
6123,1404,ios,2025-04-27 11:39:22.866697
6124,4897,ios,2025-07-31 01:16:05.477108
6125,4734,ios,2025-06-29 01:12:03.062978
6126,4120,android,2025-01-09 10:21:54.374070
6127,1510,android,2025-06-13 14:28:41.038223
6128,4378,android,2025-07-18 17:05:18.237881
6129,1276,android,2025-03-07 20:45:41.581738
6130,1199,android,2025-06-08 18:42:24.013726
6131,4867,android,2025-05-01 00:42:37.195980
6132,3371,android,2025-02-19 23:13:43.377980
6133,430,ios,2025-08-08 01:36:10.141648
6134,4433,ios,2025-02-24 04:35:05.221248
6135,804,android,2025-07-24 05:39:09.632305
6136,3407,web,2025-06-20 12:03:11.168086
6137,2192,web,2025-02-23 16:20:28.876835
6138,88,ios,2025-06-22 20:26:13.579357
6139,3939,android,2025-01-07 07:39:38.461516
6140,3434,android,2025-02-27 09:56:09.065815
6141,4422,android,2025-03-11 08:28:55.210148
6142,3060,ios,2025-08-05 01:45:20.550248
6143,3779,ios,2025-08-11 10:32:23.420190
6144,4531,ios,2025-03-07 20:25:32.600010
6145,4881,ios,2025-04-26 08:12:31.585070
6146,2804,web,2025-08-27 12:49:40.602324
6147,85,ios,2025-06-11 19:58:51.428129
6148,1730,web,2025-01-17 22:33:45.701625
6149,3098,ios,2025-04-06 02:49:53.154935
6150,549,android,2025-04-13 09:49:40.756984
6151,582,ios,2025-03-16 10:54:19.258442
6152,1975,android,2025-05-07 08:08:01.697072
6153,4552,android,2025-06-28 20:28:22.234329
6154,1609,web,2025-06-18 00:49:54.981862
6155,4677,android,2025-03-27 10:13:44.126117
6156,4015,android,2025-06-29 00:04:58.540145
6157,1516,web,2025-05-10 18:43:09.618096
6158,1156,android,2025-07-06 23:48:03.883337
6159,4139,android,2025-01-28 16:12:02.598423
6160,3781,android,2025-04-09 08:33:37.364647
6161,3152,android,2025-04-06 21:35:50.215873
6162,4891,android,2025-03-27 11:42:50.430999
6163,503,android,2025-06-19 14:56:00.860887
6164,1929,ios,2025-05-16 09:10:24.680171
6165,3014,android,2025-04-04 18:31:20.822862
6166,359,ios,2025-05-11 07:42:54.238144
6167,4881,android,2025-06-21 04:01:10.301700
6168,2860,android,2025-06-14 01:20:35.781694
6169,1541,ios,2025-07-04 20:15:05.275548
6170,1196,android,2025-07-26 21:48:09.773189
6171,6,android,2025-06-29 16:08:00.183762
6172,2964,android,2025-02-13 18:34:17.170339
6173,4884,android,2025-07-25 17:14:52.908613
6174,182,android,2025-03-22 16:21:34.120313
6175,2070,android,2025-06-11 19:58:09.416022
6176,3311,android,2025-08-29 19:20:07.850691
6177,2155,android,2025-03-13 14:21:08.958818
6178,3255,android,2025-03-07 15:52:12.564920
6179,3564,ios,2025-02-14 06:22:38.104059
6180,4829,android,2025-08-28 03:08:33.471445
6181,3022,ios,2025-04-14 17:53:17.268644
6182,3550,ios,2025-07-10 11:30:12.120869
6183,1510,android,2025-01-12 23:09:53.230457
6184,755,android,2025-02-13 20:13:57.989499
6185,500,android,2025-01-16 08:29:29.769332
6186,547,android,2025-07-18 04:47:00.547107
6187,4137,android,2025-01-26 21:25:11.976693
6188,204,android,2025-08-13 07:52:42.024933
6189,2417,web,2025-06-11 07:02:00.701291
6190,3067,ios,2025-08-10 00:25:30.356669
6191,3363,android,2025-04-10 08:27:49.098462
6192,331,web,2025-05-08 17:38:11.616024
6193,4303,android,2025-01-07 16:48:05.582182
6194,2187,android,2025-04-24 05:09:47.772623
6195,89,android,2025-05-24 13:03:40.257000
6196,664,web,2025-01-25 10:38:28.854964
6197,4297,android,2025-08-27 10:33:50.756489
6198,4716,ios,2025-01-02 01:36:30.224400
6199,3759,ios,2025-03-06 23:46:19.064890
6200,1667,android,2025-05-30 14:18:18.214972
6201,4735,android,2025-05-01 22:13:35.698452
6202,1379,android,2025-02-28 03:00:24.228217
6203,1168,ios,2025-08-28 18:44:50.790830
6204,3825,android,2025-02-15 21:31:58.862074
6205,1613,android,2025-05-19 02:37:41.750313
6206,2600,android,2025-01-29 03:50:09.395330
6207,3308,ios,2025-01-14 15:24:25.240637
6208,831,ios,2025-04-29 13:16:05.213249
6209,4629,android,2025-07-15 13:00:38.822558
6210,832,android,2025-05-10 02:37:45.287287
6211,4964,android,2025-03-13 08:27:09.719931
6212,1387,android,2025-01-05 01:34:03.251910
6213,2084,android,2025-08-17 13:10:59.504861
6214,1267,ios,2025-02-21 11:42:39.418824
6215,2697,android,2025-05-20 14:54:11.021638
6216,5,android,2025-01-04 18:32:56.890222
6217,853,android,2025-01-24 14:53:49.271847
6218,2597,android,2025-02-11 08:25:42.992748
6219,3470,ios,2025-01-28 07:00:52.092551
6220,4814,ios,2025-05-09 23:21:19.477232
6221,4187,android,2025-04-07 11:36:55.858205
6222,4609,android,2025-07-14 17:05:39.187138
6223,3994,ios,2025-01-29 05:42:09.845764
6224,3883,ios,2025-04-15 17:59:19.119960
6225,1730,ios,2025-04-15 01:33:33.868306
6226,4526,ios,2025-02-26 02:05:39.902848
6227,4817,ios,2025-01-24 07:38:50.562295
6228,2568,ios,2025-01-03 14:11:07.895027
6229,602,ios,2025-01-05 13:48:15.236475
6230,214,ios,2025-04-07 20:46:52.281609
6231,2470,ios,2025-01-14 04:32:42.522423
6232,3175,ios,2025-04-06 21:03:34.853123
6233,2773,android,2025-04-17 06:58:20.704844
6234,4482,android,2025-04-19 05:29:27.171309
6235,2683,web,2025-02-16 13:44:04.952018
6236,3306,android,2025-05-02 04:30:27.303896
6237,3790,android,2025-04-06 07:59:39.807838
6238,4475,android,2025-08-29 10:55:16.849750
6239,3049,android,2025-01-12 00:35:31.607126
6240,2788,android,2025-01-14 02:13:10.044041
6241,386,android,2025-07-20 08:39:29.808436
6242,3212,android,2025-03-06 15:25:22.252278
6243,900,android,2025-02-14 15:50:33.790862
6244,1844,android,2025-08-01 11:59:52.961236
6245,2662,android,2025-05-10 10:52:33.966357
6246,414,android,2025-05-30 15:17:07.134352
6247,3473,android,2025-01-02 22:25:36.095235
6248,1403,ios,2025-03-05 08:41:59.485857
6249,2571,android,2025-03-04 23:40:18.402459
6250,1752,web,2025-07-04 21:31:23.864273
6251,1778,ios,2025-04-04 16:32:26.630195
6252,1969,android,2025-05-21 07:36:09.226859
6253,256,android,2025-08-15 10:51:42.116653
6254,977,android,2025-08-28 06:38:13.677662
6255,3930,android,2025-01-31 22:35:05.004805
6256,610,web,2025-05-16 01:49:01.068617
6257,2486,ios,2025-06-19 21:23:44.928378
6258,701,ios,2025-07-10 00:55:54.677640
6259,2694,ios,2025-08-12 14:04:15.553843
6260,3219,web,2025-06-26 23:39:45.616026
6261,2345,ios,2025-06-17 15:42:07.456874
6262,3858,android,2025-01-14 03:29:51.462853
6263,1327,android,2025-05-13 09:23:07.207333
6264,2790,android,2025-05-26 11:59:59.887916
6265,1382,android,2025-06-19 05:58:26.342198
6266,2545,android,2025-05-22 18:10:29.061814
6267,318,android,2025-04-10 11:54:46.758555
6268,1346,ios,2025-04-29 10:51:07.060233
6269,3538,android,2025-08-24 01:24:28.246499
6270,3891,ios,2025-03-21 23:20:01.010467
6271,1360,android,2025-07-10 14:57:10.889063
6272,1291,android,2025-05-28 14:35:26.769542
6273,1493,ios,2025-04-18 20:25:19.280726
6274,1397,android,2025-04-11 16:18:19.967854
6275,4968,ios,2025-05-11 13:06:20.484648
6276,3256,ios,2025-07-14 08:23:23.524109
6277,1930,android,2025-01-30 16:22:46.919165
6278,2310,android,2025-08-10 06:57:13.825967
6279,2554,android,2025-07-08 02:49:27.930841
6280,2765,android,2025-03-26 19:31:58.273712
6281,1933,web,2025-01-03 11:22:44.293342
6282,4873,ios,2025-01-26 13:40:35.143081
6283,1451,android,2025-02-05 02:06:49.099806
6284,2137,ios,2025-01-26 04:04:43.397111
6285,30,web,2025-01-25 23:24:25.230243
6286,2459,android,2025-08-22 07:34:00.059253
6287,4275,android,2025-06-10 00:08:19.758711
6288,4987,ios,2025-07-19 09:57:54.194316
6289,2366,ios,2025-05-17 18:19:47.501829
6290,698,android,2025-05-31 12:50:05.141752
6291,3600,android,2025-08-03 01:58:55.932344
6292,3203,android,2025-03-05 15:48:15.690773
6293,4794,ios,2025-06-18 18:28:03.759324
6294,2526,ios,2025-08-07 12:46:11.876144
6295,15,android,2025-08-16 12:27:23.338033
6296,4504,ios,2025-04-18 21:41:21.597101
6297,3376,android,2025-07-28 04:20:44.128407
6298,4001,ios,2025-05-03 10:30:32.289352
6299,594,ios,2025-03-04 15:59:27.707576
6300,2286,android,2025-03-02 23:35:35.892814
6301,2290,android,2025-04-20 18:42:08.331635
6302,1339,android,2025-03-04 16:00:21.148964
6303,4234,ios,2025-01-08 06:50:07.611484
6304,941,ios,2025-01-26 15:33:00.224462
6305,358,android,2025-07-26 08:39:06.592033
6306,1172,web,2025-08-03 10:47:27.721285
6307,4949,ios,2025-08-01 03:35:30.345442
6308,568,android,2025-05-15 13:15:01.368811
6309,2905,android,2025-08-16 06:11:15.441182
6310,916,android,2025-05-02 06:42:29.204975
6311,1975,android,2025-04-23 09:33:38.848924
6312,2760,web,2025-04-26 06:35:48.251674
6313,98,ios,2025-03-03 17:58:50.860862
6314,1207,android,2025-05-30 01:57:05.931487
6315,2935,android,2025-04-20 02:16:58.875419
6316,73,android,2025-08-25 20:12:12.647464
6317,2475,android,2025-02-11 18:59:43.809579
6318,3019,android,2025-01-19 15:20:21.248498
6319,1077,ios,2025-03-27 07:50:50.736839
6320,811,ios,2025-02-22 09:05:13.527207
6321,2453,web,2025-08-30 00:47:15.139939
6322,3594,android,2025-05-16 17:37:42.277253
6323,64,android,2025-03-29 09:52:23.590109
6324,1689,ios,2025-06-06 04:27:58.721215
6325,4998,android,2025-04-21 02:32:46.653196
6326,1679,android,2025-02-20 17:52:05.562925
6327,1661,web,2025-04-06 20:50:11.760511
6328,3689,ios,2025-03-11 14:01:07.006704
6329,2402,ios,2025-06-04 22:26:23.689792
6330,1957,android,2025-07-18 10:13:41.108293
6331,3924,ios,2025-03-05 19:20:58.690045
6332,154,android,2025-05-31 23:34:37.747925
6333,3564,android,2025-06-22 03:51:16.399531
6334,1904,android,2025-03-31 21:54:11.089245
6335,4443,ios,2025-04-29 11:18:28.424847
6336,3625,android,2025-03-29 04:37:07.835919
6337,4707,ios,2025-04-01 14:46:54.390363
6338,644,ios,2025-04-19 10:20:05.540952
6339,946,ios,2025-03-13 18:54:23.410079
6340,4516,android,2025-04-29 15:56:25.311974
6341,1952,ios,2025-07-02 19:05:38.890639
6342,4078,android,2025-04-06 19:32:39.694266
6343,3435,android,2025-08-18 17:47:35.728478
6344,2499,android,2025-02-22 23:20:59.723551
6345,226,ios,2025-04-20 05:30:42.101289
6346,370,ios,2025-05-27 05:01:37.121954
6347,3585,web,2025-05-13 00:19:05.181561
6348,487,android,2025-08-19 02:33:28.750899
6349,25,android,2025-03-20 19:28:51.983866
6350,1098,android,2025-04-02 18:21:04.055469
6351,4571,web,2025-05-25 18:00:53.688660
6352,3133,ios,2025-05-25 22:00:42.205674
6353,3591,web,2025-07-11 08:21:20.705422
6354,3261,android,2025-07-13 01:36:57.000762
6355,2828,android,2025-01-03 15:23:57.946688
6356,1282,ios,2025-07-05 16:48:38.859364
6357,2145,android,2025-06-24 10:36:36.386654
6358,2725,android,2025-05-23 08:12:42.083987
6359,4941,android,2025-03-19 00:40:00.238711
6360,4497,android,2025-08-09 09:57:03.530322
6361,3683,android,2025-06-29 09:17:48.698068
6362,4067,web,2025-03-04 12:30:00.493806
6363,4037,ios,2025-03-16 04:02:39.141756
6364,3339,ios,2025-06-22 15:22:39.710613
6365,4127,android,2025-08-11 23:45:35.953288
6366,367,ios,2025-04-30 04:50:10.147841
6367,110,android,2025-08-02 15:29:33.338703
6368,2222,android,2025-04-03 20:29:30.139922
6369,274,android,2025-04-07 00:35:41.914800
6370,1698,android,2025-06-16 16:24:32.719087
6371,992,ios,2025-01-13 06:44:08.800495
6372,4789,ios,2025-02-03 18:11:31.622297
6373,3277,android,2025-06-27 00:10:28.777506
6374,210,ios,2025-02-28 19:50:33.322695
6375,3120,android,2025-02-12 13:03:39.853137
6376,3663,android,2025-01-22 15:21:19.759079
6377,1626,ios,2025-02-24 15:21:04.613430
6378,4414,ios,2025-03-02 20:44:46.825361
6379,4865,ios,2025-03-24 21:39:09.857869
6380,4904,android,2025-08-17 00:20:16.641645
6381,466,android,2025-06-06 15:24:54.472423
6382,2246,android,2025-06-18 11:24:17.659137
6383,3884,android,2025-02-02 06:11:18.984503
6384,2214,android,2025-02-16 19:37:55.660327
6385,2405,android,2025-08-07 09:02:59.488947
6386,1642,android,2025-06-04 03:17:26.981293
6387,2095,android,2025-07-16 17:53:04.577053
6388,3473,ios,2025-03-28 20:43:19.464725
6389,128,android,2025-05-21 06:16:13.743784
6390,3997,android,2025-05-03 00:52:29.252609
6391,3639,web,2025-02-19 21:57:46.235778
6392,694,ios,2025-07-20 10:03:20.838360
6393,3858,android,2025-03-23 02:27:59.010395
6394,2608,android,2025-04-24 10:53:15.496810
6395,1595,android,2025-02-02 07:36:56.670623
6396,2278,web,2025-06-05 02:53:46.497427
6397,2585,android,2025-07-12 05:54:06.866724
6398,1053,android,2025-04-10 17:23:04.590785
6399,3033,ios,2025-08-26 16:27:57.177545
6400,3147,ios,2025-03-04 14:13:46.721985
6401,1839,android,2025-08-01 03:48:21.304337
6402,2303,android,2025-06-25 06:07:43.600051
6403,3078,android,2025-08-14 07:47:23.298564
6404,2518,android,2025-06-29 23:27:37.370898
6405,2171,android,2025-05-01 05:58:42.541274
6406,4781,ios,2025-04-11 11:21:35.075928
6407,4391,ios,2025-07-21 13:03:28.104458
6408,1899,ios,2025-07-24 04:59:59.182664
6409,3593,ios,2025-05-24 02:29:15.534729
6410,4051,android,2025-06-20 14:47:20.661517
6411,553,android,2025-04-23 11:23:06.542771
6412,2959,ios,2025-02-23 01:32:29.258044
6413,3999,android,2025-01-13 03:29:10.151152
6414,287,android,2025-06-08 20:24:35.241785
6415,1688,android,2025-06-12 14:51:01.463041
6416,3990,ios,2025-06-11 15:49:01.530789
6417,4678,ios,2025-05-17 15:57:37.220018
6418,4963,android,2025-03-25 04:52:54.565009
6419,3017,android,2025-02-28 19:33:27.679691
6420,213,ios,2025-01-16 23:11:25.940064
6421,138,android,2025-02-05 23:11:12.947725
6422,4056,android,2025-06-02 16:14:06.039329
6423,3672,ios,2025-07-06 15:23:31.513877
6424,970,ios,2025-08-09 13:15:23.000739
6425,654,android,2025-01-21 09:24:09.189773
6426,729,android,2025-07-17 19:24:03.673170
6427,4387,web,2025-05-26 04:09:07.736488
6428,3824,android,2025-03-15 05:16:37.799431
6429,4742,ios,2025-06-26 08:49:23.842418
6430,569,ios,2025-08-29 09:54:45.795404
6431,3477,ios,2025-04-03 04:45:49.264057
6432,4619,android,2025-06-02 11:13:04.406681
6433,2665,android,2025-03-05 09:10:32.591454
6434,3871,android,2025-02-19 19:43:25.536950
6435,3011,android,2025-02-06 05:44:00.984997
6436,36,android,2025-01-08 19:31:11.442999
6437,2145,android,2025-06-25 21:15:45.408079
6438,1307,android,2025-02-05 11:13:57.639033
6439,418,ios,2025-06-14 08:01:25.511520
6440,2979,android,2025-07-31 07:33:32.249299
6441,4645,android,2025-07-25 17:22:08.520304
6442,270,android,2025-03-14 15:33:50.631727
6443,1646,ios,2025-01-31 05:32:12.972796
6444,3349,android,2025-04-18 15:57:07.438171
6445,1565,ios,2025-02-14 01:16:43.190156
6446,583,android,2025-04-01 18:17:53.007156
6447,957,ios,2025-05-19 05:21:58.405757
6448,124,ios,2025-06-06 13:49:53.314491
6449,4963,android,2025-02-23 01:15:50.978422
6450,2458,ios,2025-02-25 05:35:27.298580
6451,4713,web,2025-07-30 10:19:19.412679
6452,3429,android,2025-08-18 14:35:07.376874
6453,1748,android,2025-06-06 02:44:43.905255
6454,4713,web,2025-05-16 07:23:34.494777
6455,1301,ios,2025-06-09 21:52:59.601354
6456,904,ios,2025-02-01 06:06:52.575238
6457,4027,android,2025-08-06 23:31:54.081111
6458,2767,android,2025-02-20 16:31:47.793349
6459,2114,ios,2025-06-12 17:34:38.334872
6460,2941,ios,2025-02-23 22:31:58.525592
6461,4839,android,2025-06-21 12:10:34.400596
6462,1401,android,2025-07-03 02:01:33.619573
6463,4507,ios,2025-06-30 01:46:48.333562
6464,4555,ios,2025-04-15 04:10:11.262285
6465,3798,web,2025-05-28 12:12:49.195117
6466,787,android,2025-05-26 07:28:11.118616
6467,450,android,2025-06-25 00:51:52.428458
6468,602,android,2025-05-02 06:10:22.969425
6469,3511,android,2025-05-04 06:32:12.911858
6470,2000,android,2025-06-16 07:28:12.606103
6471,4937,android,2025-02-11 08:19:12.346957
6472,32,android,2025-06-08 13:15:44.545853
6473,1867,android,2025-02-06 00:28:58.796616
6474,1321,ios,2025-06-26 03:14:16.130656
6475,4408,android,2025-04-05 12:08:28.632791
6476,606,android,2025-07-24 00:26:47.002783
6477,2041,ios,2025-01-22 11:37:05.032507
6478,4334,android,2025-04-22 21:46:22.115779
6479,4857,android,2025-02-10 15:12:43.641926
6480,4582,ios,2025-07-31 03:12:36.547966
6481,3268,ios,2025-01-31 10:26:47.031195
6482,815,android,2025-04-28 21:39:31.940760
6483,483,ios,2025-01-26 13:49:30.597558
6484,2056,web,2025-07-13 20:15:32.511988
6485,2396,ios,2025-03-10 12:51:17.301313
6486,2571,android,2025-05-25 08:33:11.646789
6487,249,ios,2025-02-11 08:16:40.960890
6488,3377,android,2025-03-27 10:33:55.780525
6489,1976,android,2025-01-28 15:04:54.883178
6490,544,android,2025-05-14 20:26:48.122822
6491,4577,ios,2025-01-01 20:08:18.673672
6492,1785,android,2025-08-30 07:35:34.574657
6493,1162,ios,2025-04-12 03:44:17.978666
6494,2462,web,2025-06-02 22:56:09.792012
6495,4753,android,2025-03-11 16:30:24.546193
6496,4124,android,2025-03-03 12:56:35.807740
6497,500,web,2025-07-25 14:39:32.190072
6498,3434,android,2025-07-04 05:43:21.366050
6499,3325,ios,2025-06-06 07:40:44.781169
6500,4430,android,2025-07-02 19:26:32.002889
6501,4829,android,2025-02-12 14:25:34.709407
6502,3730,android,2025-08-15 23:37:33.548118
6503,3271,android,2025-04-21 12:04:32.514348
6504,1769,web,2025-07-31 02:19:35.208433
6505,4496,android,2025-06-28 20:41:02.273399
6506,4716,android,2025-03-11 11:29:33.928190
6507,4956,ios,2025-05-19 08:15:22.160975
6508,4774,web,2025-08-23 21:28:41.863889
6509,3210,android,2025-01-10 00:17:52.877824
6510,4782,ios,2025-04-14 15:14:29.217253
6511,3912,android,2025-05-31 18:59:12.945149
6512,1201,ios,2025-03-24 14:16:25.768154
6513,160,ios,2025-03-19 06:05:12.053251
6514,4904,ios,2025-07-01 22:22:10.526435
6515,2137,ios,2025-08-11 16:01:06.415748
6516,4368,web,2025-05-11 15:26:54.358068
6517,1442,android,2025-08-19 09:57:33.063596
6518,1804,ios,2025-01-25 14:39:26.509869
6519,4121,ios,2025-02-25 06:36:25.938972
6520,2627,android,2025-01-22 07:32:09.820116
6521,3388,web,2025-04-16 20:02:09.420951
6522,1601,ios,2025-06-02 07:00:00.874992
6523,3073,ios,2025-02-18 17:09:08.066414
6524,2435,android,2025-04-19 23:52:39.334465
6525,4658,ios,2025-06-16 07:23:21.401300
6526,2461,android,2025-06-05 09:29:23.241260
6527,445,web,2025-06-02 21:58:20.360181
6528,3684,android,2025-05-28 06:22:48.622081
6529,4770,ios,2025-08-28 17:54:41.015321
6530,4415,android,2025-06-23 11:35:24.735966
6531,504,ios,2025-08-09 13:32:56.178735
6532,4993,android,2025-08-20 06:29:26.170372
6533,1736,ios,2025-07-28 21:38:48.841951
6534,4170,ios,2025-01-24 03:01:13.110051
6535,3152,android,2025-05-09 14:33:14.536185
6536,4866,ios,2025-04-03 16:58:50.849019
6537,1708,ios,2025-01-24 14:06:11.680944
6538,3040,android,2025-05-18 02:28:00.006238
6539,3413,android,2025-02-21 17:11:33.528552
6540,773,android,2025-05-22 08:41:29.197509
6541,3878,android,2025-07-18 15:00:43.204528
6542,717,android,2025-04-06 16:51:48.971242
6543,4143,android,2025-08-19 19:24:00.841212
6544,632,android,2025-07-06 06:02:39.984910
6545,897,web,2025-07-15 10:34:23.242717
6546,2475,android,2025-01-28 06:53:00.160892
6547,911,ios,2025-08-17 21:00:13.760690
6548,384,ios,2025-01-09 09:22:26.721755
6549,262,ios,2025-07-25 01:35:48.584659
6550,1432,android,2025-01-08 04:55:21.598134
6551,2455,android,2025-02-09 11:27:06.335000
6552,221,ios,2025-03-18 15:05:33.325769
6553,688,ios,2025-06-29 06:37:10.666884
6554,3059,ios,2025-08-07 13:25:11.518482
6555,1593,android,2025-06-11 23:01:14.837545
6556,3789,ios,2025-06-26 20:20:46.282805
6557,4203,android,2025-03-12 09:57:18.430810
6558,152,ios,2025-08-26 00:23:44.878067
6559,4744,ios,2025-04-10 01:54:21.453676
6560,3419,android,2025-08-10 20:06:47.889847
6561,4111,android,2025-07-09 08:36:39.350874
6562,2391,android,2025-03-31 05:53:54.781648
6563,4,android,2025-03-25 09:09:53.384017
6564,4427,android,2025-06-15 02:43:59.594420
6565,2841,android,2025-08-17 12:49:43.038538
6566,186,android,2025-06-13 09:06:46.462024
6567,834,ios,2025-07-28 08:30:51.933297
6568,1031,ios,2025-08-23 19:21:40.986430
6569,1879,android,2025-03-22 04:34:31.195075
6570,2212,android,2025-05-11 20:28:57.266596
6571,2140,ios,2025-05-29 00:19:07.171907
6572,4341,android,2025-02-22 18:34:27.321228
6573,4715,android,2025-07-13 19:18:15.876182
6574,3394,android,2025-03-05 14:34:23.754457
6575,3169,web,2025-06-21 18:29:34.503857
6576,4321,android,2025-05-08 06:56:33.983402
6577,1339,web,2025-07-23 07:27:56.042971
6578,2791,android,2025-05-05 07:23:20.829089
6579,3214,android,2025-05-23 13:26:37.348186
6580,1428,android,2025-02-14 00:00:49.865300
6581,4760,ios,2025-07-16 09:20:42.679295
6582,1178,android,2025-04-08 17:11:21.499596
6583,296,ios,2025-05-21 21:04:11.278067
6584,1617,web,2025-07-25 14:12:53.006663
6585,4080,android,2025-04-27 11:47:51.105282
6586,1873,android,2025-03-08 16:40:40.099701
6587,1085,ios,2025-03-06 11:51:21.968885
6588,4362,android,2025-05-18 14:48:47.781855
6589,766,ios,2025-03-12 18:18:07.388606
6590,794,ios,2025-03-24 06:25:23.373430
6591,4495,android,2025-02-27 01:23:01.342523
6592,1607,android,2025-04-19 10:44:41.366646
6593,10,ios,2025-04-24 06:11:28.824651
6594,2168,android,2025-05-08 19:10:06.327599
6595,3706,android,2025-05-25 01:31:40.900042
6596,3786,android,2025-05-23 20:39:42.986881
6597,437,android,2025-03-31 05:48:46.895991
6598,1407,android,2025-08-07 20:45:36.969925
6599,3090,ios,2025-05-05 07:58:51.094781
6600,3302,android,2025-07-22 04:54:04.569590
6601,3105,android,2025-05-16 10:37:57.088510
6602,1690,web,2025-04-01 01:24:58.191783
6603,4314,android,2025-06-29 11:47:43.233720
6604,391,android,2025-02-13 00:01:52.323443
6605,4114,ios,2025-08-24 15:10:32.257321
6606,4700,android,2025-05-20 01:40:06.724330
6607,3426,web,2025-01-26 07:29:39.058906
6608,2148,ios,2025-04-13 09:21:41.043343
6609,1903,android,2025-06-23 03:31:23.060055
6610,2179,android,2025-01-17 13:12:57.140573
6611,833,android,2025-03-05 12:22:15.076824
6612,1111,ios,2025-08-13 14:57:00.490255
6613,3179,android,2025-03-28 13:22:32.829403
6614,2751,ios,2025-02-08 16:14:11.215207
6615,2485,ios,2025-01-24 21:46:04.375983
6616,2375,ios,2025-05-31 10:22:24.234832
6617,390,android,2025-05-16 15:01:56.712213
6618,4339,ios,2025-06-07 09:37:45.065558
6619,4778,ios,2025-08-21 19:16:13.349270
6620,1227,android,2025-01-15 14:36:34.968877
6621,1573,ios,2025-02-18 00:49:02.560917
6622,3152,android,2025-02-26 19:39:48.450107
6623,11,web,2025-04-14 18:46:56.231420
6624,511,android,2025-01-30 09:49:32.211708
6625,4509,android,2025-04-10 14:21:40.992865
6626,863,ios,2025-07-18 08:02:49.468954
6627,2886,android,2025-02-09 18:27:08.818191
6628,4412,android,2025-08-11 17:29:50.207673
6629,3666,android,2025-08-10 10:25:47.699959
6630,1360,ios,2025-05-05 15:44:29.503807
6631,764,android,2025-07-29 00:26:19.963182
6632,3590,ios,2025-06-22 21:28:21.908791
6633,2024,ios,2025-03-28 16:29:55.209239
6634,4838,android,2025-05-17 12:08:05.058997
6635,3226,android,2025-01-29 08:06:27.906536
6636,56,android,2025-05-01 11:17:10.167286
6637,1255,web,2025-07-21 16:26:16.218164
6638,3723,ios,2025-05-23 05:07:10.799554
6639,3508,web,2025-04-03 20:00:09.140059
6640,3710,ios,2025-06-11 05:52:47.373391
6641,1169,ios,2025-08-26 09:01:15.412020
6642,1247,web,2025-01-17 09:33:08.203710
6643,1046,android,2025-03-22 06:41:05.021961
6644,3479,web,2025-02-07 21:26:15.981843
6645,59,android,2025-08-21 12:55:04.518843
6646,4072,android,2025-05-13 15:41:58.891472
6647,1410,android,2025-02-01 12:13:49.403851
6648,2441,android,2025-05-29 18:10:32.811899
6649,1234,android,2025-05-02 14:27:01.972508
6650,2127,android,2025-01-15 09:57:25.116819
6651,3822,android,2025-07-30 01:50:58.271207
6652,993,ios,2025-06-22 08:01:57.367898
6653,2849,android,2025-01-02 06:33:09.555676
6654,287,android,2025-08-22 04:48:30.863866
6655,890,ios,2025-02-08 16:51:06.375074
6656,3423,ios,2025-01-01 01:31:40.891068
6657,2841,ios,2025-04-14 19:50:51.743098
6658,3058,android,2025-02-04 05:02:36.017343
6659,1128,android,2025-05-19 13:06:09.798639
6660,1032,web,2025-03-17 16:15:27.056903
6661,2128,android,2025-02-14 23:57:30.962824
6662,646,ios,2025-08-28 10:31:54.786827
6663,4442,android,2025-03-22 20:28:32.240290
6664,1340,android,2025-04-11 18:43:27.839547
6665,3597,ios,2025-03-13 12:00:30.561568
6666,785,android,2025-07-23 09:18:29.066108
6667,3256,android,2025-02-17 19:38:41.068866
6668,1020,ios,2025-02-01 00:29:55.330838
6669,1408,android,2025-08-03 04:39:41.947847
6670,2061,android,2025-02-14 13:21:14.969098
6671,623,android,2025-07-28 11:29:40.074286
6672,624,android,2025-05-21 11:55:57.731029
6673,3765,ios,2025-07-20 01:54:13.668220
6674,1729,android,2025-01-18 01:09:42.712815
6675,2840,android,2025-08-23 03:50:13.719290
6676,3233,android,2025-03-14 20:12:58.010113
6677,3114,ios,2025-01-15 05:54:44.477574
6678,3138,android,2025-07-05 20:48:50.209517
6679,4876,web,2025-02-13 08:44:31.958050
6680,3154,android,2025-03-27 07:41:04.032557
6681,1742,android,2025-05-25 12:02:07.133000
6682,1424,ios,2025-01-17 16:10:14.887175
6683,4004,android,2025-02-19 01:40:35.371128
6684,2109,ios,2025-04-29 20:16:09.346748
6685,2795,web,2025-04-13 12:32:17.243700
6686,4075,ios,2025-05-16 11:46:04.818953
6687,1177,android,2025-06-27 01:23:12.522477
6688,1113,ios,2025-03-27 18:39:03.359237
6689,265,android,2025-04-09 06:29:38.435990
6690,362,ios,2025-03-08 04:31:41.166172
6691,3081,android,2025-03-24 13:06:46.568312
6692,2518,android,2025-01-13 09:36:07.693216
6693,1489,android,2025-05-21 23:17:02.189591
6694,1058,android,2025-02-11 23:38:43.895645
6695,3478,ios,2025-06-24 01:23:03.317153
6696,427,android,2025-01-11 06:04:20.262359
6697,3504,android,2025-01-15 13:11:47.315540
6698,4525,ios,2025-03-11 04:18:31.574331
6699,2278,android,2025-04-17 12:46:24.806650
6700,2474,web,2025-06-18 13:07:26.074447
6701,2682,android,2025-06-18 04:48:49.032900
6702,477,android,2025-08-25 12:44:48.557084
6703,3133,android,2025-03-27 10:47:26.325461
6704,1827,android,2025-01-15 10:08:05.416455
6705,2344,android,2025-07-29 06:53:38.143469
6706,115,ios,2025-06-27 13:04:43.967310
6707,4387,android,2025-01-17 13:17:13.471235
6708,1667,web,2025-01-21 06:01:47.192779
6709,380,android,2025-04-26 19:44:27.614541
6710,3911,ios,2025-03-25 00:28:24.063902
6711,4900,android,2025-05-25 22:02:30.399412
6712,2600,android,2025-02-23 06:08:47.230724
6713,168,android,2025-08-22 02:51:56.789112
6714,4959,android,2025-05-05 10:46:17.797037
6715,1041,ios,2025-07-02 10:11:32.082706
6716,1203,android,2025-01-31 13:34:30.236344
6717,3542,android,2025-05-30 21:54:24.634084
6718,1660,web,2025-07-30 05:43:42.736446
6719,425,android,2025-01-06 14:04:52.924190
6720,3414,android,2025-05-12 05:11:58.168847
6721,1311,android,2025-03-01 23:06:49.645466
6722,4309,android,2025-04-27 05:57:48.484313
6723,770,android,2025-07-18 06:53:00.943963
6724,4532,ios,2025-06-17 16:29:32.345395
6725,3618,ios,2025-07-03 08:14:20.129975
6726,1198,ios,2025-02-21 10:32:03.813421
6727,2895,android,2025-07-22 07:15:22.417012
6728,4692,android,2025-05-30 04:48:07.276285
6729,323,ios,2025-01-17 20:10:11.814411
6730,4100,android,2025-07-29 15:19:15.321698
6731,2301,android,2025-01-14 13:09:52.424179
6732,4746,android,2025-01-07 23:47:24.895867
6733,1043,ios,2025-07-22 14:24:48.741996
6734,3598,android,2025-01-04 03:57:15.323956
6735,4839,web,2025-01-22 11:44:51.496776
6736,1720,android,2025-01-05 02:52:11.661199
6737,540,web,2025-08-02 21:47:08.254973
6738,1961,android,2025-01-11 20:39:50.719553
6739,2991,ios,2025-04-01 13:28:07.241057
6740,3151,android,2025-02-22 17:29:58.205299
6741,2410,ios,2025-03-25 00:34:01.296735
6742,4664,android,2025-03-12 14:44:10.059236
6743,2891,ios,2025-08-04 18:04:04.457322
6744,3204,ios,2025-07-06 19:05:26.882054
6745,4783,ios,2025-08-04 01:25:06.312803
6746,4697,android,2025-06-24 23:17:18.721152
6747,1707,android,2025-03-22 06:35:24.223593
6748,1431,web,2025-02-15 03:50:55.454108
6749,3744,web,2025-05-09 17:40:26.146768
6750,2626,android,2025-03-28 16:05:23.429409
6751,2238,android,2025-06-06 08:23:04.573070
6752,3492,android,2025-01-10 11:03:17.557882
6753,3304,android,2025-06-23 06:06:40.291950
6754,4569,android,2025-03-14 19:01:44.832904
6755,1829,ios,2025-04-23 07:47:11.844320
6756,3771,android,2025-08-26 19:16:35.724125
6757,1136,ios,2025-02-22 09:14:09.574687
6758,4686,web,2025-01-29 14:10:02.490531
6759,419,android,2025-02-20 23:38:03.971018
6760,3752,android,2025-03-27 09:58:06.821796
6761,509,android,2025-05-11 07:19:27.149508
6762,4401,android,2025-08-27 04:40:45.863982
6763,4798,ios,2025-07-31 09:09:35.600769
6764,4090,ios,2025-06-23 17:37:33.563020
6765,3943,android,2025-06-25 02:07:41.900431
6766,2391,ios,2025-03-10 23:01:29.164644
6767,1225,android,2025-08-14 11:54:57.700185
6768,4929,android,2025-05-12 02:40:05.526800
6769,2646,web,2025-02-09 11:49:12.894032
6770,4083,android,2025-08-19 22:09:51.384682
6771,3572,android,2025-05-04 02:03:32.900697
6772,3506,android,2025-02-07 18:56:48.614215
6773,1763,android,2025-06-28 15:52:26.377782
6774,2135,android,2025-02-26 19:27:50.044185
6775,2200,ios,2025-02-15 14:28:24.920010
6776,3013,android,2025-03-07 00:35:36.553966
6777,3592,ios,2025-05-21 12:30:29.683611
6778,994,android,2025-03-13 02:22:54.222248
6779,1138,android,2025-01-10 22:01:27.044288
6780,242,web,2025-04-05 03:52:58.160488
6781,2632,ios,2025-02-26 22:56:54.589839
6782,3345,ios,2025-05-05 06:45:39.233807
6783,1051,android,2025-04-22 16:09:47.781475
6784,3560,android,2025-01-19 23:22:49.774413
6785,16,ios,2025-03-01 14:40:17.488111
6786,4333,ios,2025-03-10 09:36:58.722040
6787,3452,ios,2025-04-28 18:59:02.540108
6788,3417,android,2025-07-19 19:10:48.837105
6789,3537,android,2025-02-23 02:53:27.377586
6790,1794,android,2025-02-08 10:32:40.812165
6791,4979,android,2025-01-01 05:57:28.224298
6792,3733,android,2025-05-28 09:07:35.757328
6793,906,android,2025-03-21 03:07:53.904814
6794,4613,android,2025-06-12 20:20:45.657112
6795,3698,ios,2025-06-17 16:54:37.599423
6796,1555,ios,2025-01-11 20:42:39.434779
6797,4740,ios,2025-04-12 16:10:37.264110
6798,1242,android,2025-08-24 05:16:30.327628
6799,3223,android,2025-03-08 20:38:19.048470
6800,3351,web,2025-05-09 16:20:17.287253
6801,4816,android,2025-05-11 16:31:43.478240
6802,2851,ios,2025-03-05 07:32:05.759142
6803,4973,android,2025-07-09 08:37:23.316554
6804,1422,ios,2025-01-01 21:28:42.454682
6805,4009,android,2025-02-25 02:38:32.049120
6806,1227,ios,2025-05-24 23:37:08.614619
6807,4997,ios,2025-08-11 21:39:23.991189
6808,3819,android,2025-01-03 07:35:08.466068
6809,3130,ios,2025-05-27 00:15:40.929830
6810,332,ios,2025-01-01 19:38:04.813296
6811,2486,ios,2025-06-01 08:16:17.108743
6812,721,android,2025-04-11 00:25:27.970882
6813,4589,android,2025-04-16 13:44:14.888480
6814,1896,ios,2025-08-24 02:30:58.057933
6815,4155,ios,2025-06-15 18:51:38.434299
6816,4531,web,2025-02-17 17:29:24.496097
6817,551,android,2025-08-31 08:28:14.292884
6818,3797,ios,2025-03-04 08:56:40.316059
6819,1514,ios,2025-06-16 16:12:30.923109
6820,544,ios,2025-06-15 07:28:49.488391
6821,1304,ios,2025-07-26 11:35:46.685070
6822,2750,android,2025-04-07 22:11:29.819040
6823,4277,ios,2025-06-19 02:51:54.145970
6824,3459,ios,2025-06-02 02:29:18.034318
6825,1167,android,2025-04-17 01:12:04.155973
6826,1480,android,2025-08-11 13:51:49.274869
6827,1521,ios,2025-03-03 05:15:12.198391
6828,3681,android,2025-02-24 11:57:48.589821
6829,2594,android,2025-06-03 04:25:27.495681
6830,120,ios,2025-02-16 05:38:06.123982
6831,381,web,2025-07-21 16:31:46.967865
6832,379,ios,2025-03-24 12:59:09.937257
6833,4807,android,2025-04-13 07:51:07.701335
6834,2524,android,2025-06-15 19:15:57.893311
6835,2456,android,2025-08-04 01:54:47.064888
6836,3806,android,2025-06-17 15:53:25.253390
6837,953,ios,2025-01-23 21:24:17.539324
6838,158,android,2025-03-24 03:34:18.045023
6839,1355,android,2025-07-02 06:22:00.928408
6840,1043,ios,2025-08-09 14:00:06.286489
6841,3991,android,2025-06-04 00:28:47.108402
6842,4092,android,2025-05-25 20:46:34.072834
6843,3171,android,2025-04-03 03:36:30.460135
6844,4550,android,2025-04-27 03:59:50.206050
6845,2324,android,2025-04-16 00:45:03.789252
6846,1203,web,2025-01-14 09:47:21.160525
6847,1659,ios,2025-01-06 07:26:45.731113
6848,709,ios,2025-05-31 00:41:56.980562
6849,4504,ios,2025-05-04 21:22:47.232698
6850,3021,android,2025-03-01 12:12:11.403283
6851,3863,ios,2025-08-05 22:31:25.019782
6852,1408,android,2025-02-20 04:51:41.245164
6853,3591,android,2025-06-20 05:18:32.940885
6854,1653,android,2025-07-11 13:43:56.988722
6855,2231,android,2025-07-24 04:12:13.391214
6856,3260,android,2025-07-24 00:08:18.965629
6857,4906,android,2025-07-12 23:40:04.793031
6858,2791,android,2025-04-22 05:53:26.196305
6859,3551,android,2025-06-01 14:39:07.983756
6860,2974,android,2025-07-28 10:10:21.943402
6861,2119,ios,2025-04-13 03:07:39.658185
6862,4663,android,2025-06-13 00:25:34.377137
6863,4803,ios,2025-02-08 18:24:57.175696
6864,1553,android,2025-05-18 05:17:14.318112
6865,4479,android,2025-02-04 06:34:46.948380
6866,2257,ios,2025-06-10 10:49:01.457828
6867,3700,ios,2025-04-02 13:40:41.229451
6868,2586,android,2025-02-25 08:46:47.975091
6869,3835,android,2025-03-29 15:51:16.630285
6870,4358,ios,2025-06-20 10:39:52.772076
6871,2119,android,2025-08-09 15:39:03.345505
6872,3504,android,2025-01-03 17:47:25.774057
6873,2537,android,2025-02-10 18:53:21.214408
6874,3996,ios,2025-06-21 11:50:12.625618
6875,958,android,2025-05-19 04:51:42.169110
6876,3646,web,2025-03-19 13:28:31.918061
6877,2977,ios,2025-06-08 09:04:59.850858
6878,2258,ios,2025-07-30 17:26:16.315065
6879,1850,android,2025-03-04 16:31:53.825527
6880,3509,ios,2025-04-29 00:26:24.497006
6881,1738,android,2025-01-06 01:06:54.484000
6882,165,android,2025-08-18 21:02:54.789726
6883,4742,android,2025-07-14 19:11:10.497323
6884,2240,ios,2025-05-03 17:41:16.839021
6885,824,ios,2025-08-30 01:19:56.219277
6886,1129,web,2025-02-23 12:18:54.169741
6887,4150,android,2025-06-30 18:50:10.470070
6888,1659,ios,2025-07-06 23:45:44.242513
6889,1408,ios,2025-07-21 21:33:03.947796
6890,2437,ios,2025-06-16 11:28:53.912996
6891,144,ios,2025-02-16 07:31:27.817425
6892,2802,android,2025-01-23 04:39:38.105958
6893,203,ios,2025-02-13 19:50:35.650520
6894,4179,ios,2025-07-28 13:42:49.039722
6895,2146,ios,2025-04-08 16:26:07.592326
6896,1092,android,2025-05-13 17:14:26.269663
6897,2273,android,2025-01-07 03:58:31.106082
6898,878,android,2025-04-30 10:00:40.250977
6899,1602,android,2025-04-10 10:51:30.142510
6900,654,android,2025-05-10 21:33:19.235089
6901,3344,ios,2025-04-02 04:35:40.825010
6902,4881,android,2025-01-19 07:58:44.104629
6903,2427,android,2025-01-11 16:22:35.698230
6904,493,android,2025-08-19 19:12:57.369884
6905,371,android,2025-05-27 17:28:13.462631
6906,4161,android,2025-06-06 08:17:13.408802
6907,1741,ios,2025-08-11 10:43:20.772253
6908,1481,web,2025-05-14 20:37:27.460953
6909,510,android,2025-05-30 13:54:14.922926
6910,3319,android,2025-05-08 02:21:39.728504
6911,315,ios,2025-02-12 18:16:58.998331
6912,4521,android,2025-03-17 16:43:53.805674
6913,1042,ios,2025-08-03 21:28:13.311799
6914,346,ios,2025-04-18 20:37:00.377257
6915,3503,ios,2025-02-19 14:36:00.322954
6916,1771,android,2025-07-21 05:07:53.697414
6917,3481,web,2025-01-22 05:09:43.584587
6918,199,web,2025-06-05 09:44:26.261517
6919,4307,android,2025-06-20 03:07:33.501385
6920,1549,android,2025-03-15 19:34:36.210624
6921,3783,android,2025-02-10 13:16:19.602743
6922,4679,android,2025-04-19 22:26:36.289100
6923,2678,web,2025-07-03 11:20:54.244804
6924,1671,android,2025-08-04 11:11:06.596999
6925,1564,android,2025-07-18 03:02:41.250680
6926,3432,android,2025-01-27 14:46:27.418827
6927,30,ios,2025-02-24 03:13:58.954939
6928,735,ios,2025-05-30 22:15:38.905108
6929,3236,ios,2025-06-22 12:11:44.765199
6930,129,ios,2025-01-03 02:57:41.031832
6931,1449,android,2025-02-04 15:29:23.952660
6932,3239,ios,2025-01-23 20:18:23.786230
6933,1251,android,2025-03-24 21:20:56.807976
6934,4654,android,2025-06-15 10:26:20.557960
6935,4875,ios,2025-08-18 04:42:30.128066
6936,168,web,2025-01-22 18:05:59.772730
6937,872,ios,2025-05-03 23:31:28.984332
6938,4538,ios,2025-04-01 12:13:30.674152
6939,163,android,2025-04-07 19:00:40.766738
6940,2434,android,2025-01-17 12:50:46.063197
6941,4747,android,2025-03-12 01:29:14.743889
6942,2943,ios,2025-03-03 08:19:24.128410
6943,1531,ios,2025-06-24 13:07:03.707657
6944,32,ios,2025-06-05 23:19:04.056878
6945,1968,android,2025-06-04 14:57:45.100234
6946,2710,android,2025-05-07 04:18:50.872127
6947,405,android,2025-03-25 03:02:26.938419
6948,2642,ios,2025-03-01 05:47:42.821505
6949,2021,web,2025-01-03 17:48:25.617501
6950,1630,android,2025-02-05 22:42:58.889275
6951,4862,ios,2025-02-23 10:20:56.923661
6952,4469,ios,2025-08-26 01:29:11.488531
6953,3471,android,2025-08-24 19:40:26.615669
6954,2955,android,2025-07-06 13:01:44.581316
6955,2370,android,2025-05-29 07:25:16.934980
6956,352,web,2025-06-12 12:29:26.209925
6957,1538,android,2025-05-26 22:24:07.485655
6958,53,android,2025-06-07 04:18:48.219948
6959,1831,android,2025-02-23 06:35:22.742659
6960,2369,ios,2025-08-26 08:07:32.080221
6961,3057,android,2025-07-03 20:42:57.043556
6962,1775,web,2025-02-26 22:06:33.918939
6963,1273,android,2025-05-05 19:35:41.221831
6964,3551,web,2025-07-11 18:42:55.273506
6965,760,ios,2025-08-10 09:53:08.688750
6966,628,android,2025-04-04 06:34:52.037616
6967,3482,ios,2025-04-28 13:06:54.012615
6968,2930,ios,2025-03-17 07:14:09.103951
6969,4348,android,2025-04-02 12:12:38.850780
6970,3695,ios,2025-02-25 08:00:03.325140
6971,4508,ios,2025-01-08 06:26:42.232121
6972,3322,ios,2025-04-12 04:02:28.358888
6973,4208,ios,2025-04-25 08:24:51.684894
6974,846,ios,2025-07-09 12:21:31.658409
6975,2653,android,2025-05-07 23:55:44.235185
6976,4723,android,2025-03-21 07:32:55.004624
6977,3945,android,2025-04-23 13:37:55.809213
6978,2016,ios,2025-07-13 11:02:47.488098
6979,4632,android,2025-04-27 20:54:21.393637
6980,1563,android,2025-05-15 21:49:38.350283
6981,117,ios,2025-02-12 00:55:47.439937
6982,3983,android,2025-01-02 20:31:44.314073
6983,2061,android,2025-08-14 21:52:27.104359
6984,172,ios,2025-03-07 02:46:16.107473
6985,1021,ios,2025-03-26 11:03:26.849710
6986,360,ios,2025-01-28 21:47:06.645103
6987,4984,android,2025-05-05 15:48:15.012044
6988,4239,ios,2025-06-29 02:45:37.701371
6989,4648,web,2025-06-16 17:08:35.665488
6990,911,android,2025-07-27 21:52:17.520510
6991,4011,android,2025-03-11 15:16:36.421976
6992,2819,android,2025-03-18 11:06:58.501275
6993,1480,ios,2025-08-23 15:13:29.649380
6994,3345,android,2025-04-21 22:53:24.077932
6995,4761,android,2025-07-22 18:53:02.404295
6996,2303,android,2025-05-29 14:16:47.630362
6997,147,web,2025-02-13 22:48:12.662679
6998,4213,android,2025-08-21 15:46:45.397898
6999,941,android,2025-03-20 20:09:01.276899
7000,913,web,2025-06-05 22:55:41.315728
7001,3085,android,2025-03-03 20:20:06.938283
7002,3995,ios,2025-05-20 21:17:47.109991
7003,3966,android,2025-05-12 11:46:48.467234
7004,4340,android,2025-03-05 10:22:29.747907
7005,4419,android,2025-08-29 06:30:42.471356
7006,642,android,2025-02-04 04:27:58.634468
7007,1503,android,2025-04-18 15:38:56.927308
7008,3601,ios,2025-01-08 14:59:36.640584
7009,1955,android,2025-06-15 21:38:17.064546
7010,3580,android,2025-04-23 06:59:17.305427
7011,2275,ios,2025-05-17 02:27:35.298784
7012,2258,web,2025-06-19 17:41:38.368352
7013,135,android,2025-07-05 15:41:56.321294
7014,3042,android,2025-08-23 16:42:25.542456
7015,4320,android,2025-07-29 22:49:31.236983
7016,4094,ios,2025-03-20 16:25:44.347955
7017,1690,ios,2025-06-26 17:24:28.526943
7018,3384,android,2025-01-19 11:01:28.257075
7019,997,android,2025-02-03 02:21:30.211184
7020,3168,android,2025-04-22 16:27:38.819445
7021,2046,ios,2025-04-22 16:31:49.228733
7022,4634,android,2025-05-03 21:32:16.106860
7023,3553,android,2025-04-26 11:20:56.233853
7024,367,android,2025-06-05 20:31:13.645325
7025,4355,ios,2025-08-20 21:44:33.535123
7026,3621,web,2025-02-11 23:07:22.832965
7027,1077,android,2025-03-28 20:43:15.859252
7028,1413,web,2025-01-19 01:06:58.534172
7029,864,android,2025-02-18 14:18:07.163608
7030,1551,ios,2025-08-28 21:57:48.029138
7031,4719,ios,2025-01-10 14:41:41.167878
7032,4512,ios,2025-02-21 22:10:08.632275
7033,2755,android,2025-04-14 15:22:23.472639
7034,1812,android,2025-03-13 02:50:51.479855
7035,1829,ios,2025-05-13 11:44:30.072169
7036,4785,ios,2025-08-29 16:17:04.050506
7037,997,android,2025-06-21 01:20:19.952963
7038,3788,ios,2025-04-09 14:58:39.110716
7039,4977,android,2025-06-15 22:53:13.421609
7040,4277,android,2025-07-31 23:00:02.160067
7041,3596,ios,2025-02-25 15:32:39.699484
7042,4500,android,2025-06-24 05:07:57.301865
7043,1090,android,2025-05-30 04:33:30.007587
7044,4919,android,2025-06-28 07:38:23.813018
7045,457,web,2025-01-21 10:49:19.233532
7046,70,android,2025-06-28 02:30:55.644866
7047,997,android,2025-07-11 11:45:58.809478
7048,3045,android,2025-06-16 23:56:17.116390
7049,1239,android,2025-02-17 22:18:24.311318
7050,3168,android,2025-02-09 04:57:38.462292
7051,556,android,2025-06-29 10:12:45.563653
7052,3486,android,2025-06-07 09:26:07.456467
7053,1149,ios,2025-08-28 00:33:43.645763
7054,2618,android,2025-04-21 12:04:28.903233
7055,584,android,2025-02-25 17:22:25.052119
7056,4852,ios,2025-07-07 01:01:08.931175
7057,1889,android,2025-07-01 21:23:58.182055
7058,3024,android,2025-05-08 00:24:16.465814
7059,2431,web,2025-07-01 06:57:31.224717
7060,2977,ios,2025-03-17 11:22:29.978849
7061,2277,ios,2025-02-22 10:04:51.430309
7062,366,android,2025-01-31 15:23:16.885756
7063,4147,web,2025-03-12 14:04:01.918158
7064,3213,android,2025-06-09 01:25:55.348939
7065,1270,android,2025-03-04 19:09:52.899762
7066,421,ios,2025-08-03 16:12:56.756977
7067,4436,android,2025-03-02 16:37:06.638449
7068,1663,ios,2025-06-16 07:41:57.727013
7069,4541,android,2025-05-09 04:45:26.093367
7070,3830,android,2025-02-21 09:44:33.848245
7071,4799,ios,2025-05-16 03:44:27.820777
7072,3300,android,2025-08-21 00:00:12.680375
7073,905,ios,2025-08-18 10:26:36.131767
7074,178,android,2025-03-12 20:34:35.438841
7075,1229,android,2025-05-11 08:48:04.354132
7076,2197,ios,2025-02-06 15:47:30.073250
7077,3120,android,2025-04-24 23:24:57.341954
7078,4480,ios,2025-03-20 02:57:29.979639
7079,705,android,2025-08-14 20:44:44.471019
7080,3175,android,2025-06-03 17:47:57.367155
7081,429,android,2025-02-14 22:29:48.413576
7082,2408,ios,2025-08-30 03:19:16.753044
7083,369,android,2025-06-18 16:25:52.724924
7084,1870,android,2025-02-02 17:25:37.745336
7085,3031,web,2025-07-14 06:59:07.701306
7086,3695,android,2025-05-16 11:40:49.895724
7087,4024,ios,2025-04-08 06:19:25.268467
7088,2623,android,2025-02-17 16:55:19.269232
7089,1295,android,2025-03-09 12:52:27.622283
7090,4566,android,2025-02-10 15:26:48.866391
7091,4668,android,2025-07-15 05:09:58.805007
7092,4838,ios,2025-03-08 07:59:24.480795
7093,3960,android,2025-04-25 04:49:03.494121
7094,3890,android,2025-08-24 04:52:34.494959
7095,388,ios,2025-08-30 16:15:27.545163
7096,2863,ios,2025-07-12 06:40:32.431322
7097,2037,android,2025-07-14 03:14:48.470996
7098,1295,android,2025-08-18 14:20:49.756768
7099,341,android,2025-07-13 15:04:16.398088
7100,1067,web,2025-04-20 13:56:53.110083
7101,4576,ios,2025-01-15 15:43:59.540427
7102,4544,ios,2025-02-20 15:12:47.792870
7103,3715,android,2025-04-19 00:36:40.790638
7104,508,android,2025-03-06 11:52:19.496088
7105,3433,android,2025-03-21 23:47:35.451340
7106,634,android,2025-01-15 07:41:03.255629
7107,3414,android,2025-05-15 04:00:54.357931
7108,169,android,2025-03-27 10:24:51.880823
7109,1426,android,2025-03-04 21:33:24.015803
7110,613,android,2025-05-29 07:41:45.553463
7111,4668,android,2025-03-09 06:09:52.597942
7112,2844,android,2025-04-26 17:34:01.599456
7113,4614,ios,2025-03-01 21:01:02.867416
7114,102,ios,2025-06-15 08:45:30.920451
7115,3698,android,2025-07-27 13:25:11.585203
7116,2400,ios,2025-01-20 20:32:10.244523
7117,2345,android,2025-07-19 05:22:01.135082
7118,4367,android,2025-07-26 23:06:13.301163
7119,236,ios,2025-08-23 11:27:31.969409
7120,4721,android,2025-07-21 03:57:02.655808
7121,142,ios,2025-05-15 05:32:35.890002
7122,1814,android,2025-01-18 01:43:18.525177
7123,691,android,2025-01-19 02:11:06.348186
7124,2616,android,2025-02-17 19:09:31.992702
7125,2979,android,2025-04-19 15:29:07.980088
7126,3211,android,2025-08-21 04:07:26.291031
7127,3991,android,2025-02-12 14:39:44.970585
7128,3755,android,2025-05-11 22:15:57.594454
7129,4743,android,2025-08-31 12:44:57.842859
7130,2249,android,2025-01-04 08:21:10.063942
7131,877,android,2025-01-12 10:00:01.477261
7132,779,android,2025-03-07 14:07:44.783902
7133,1378,android,2025-02-24 17:03:52.258614
7134,3015,ios,2025-05-02 03:50:36.595563
7135,271,web,2025-04-13 04:04:33.881321
7136,4775,android,2025-05-22 19:48:29.615923
7137,4946,android,2025-02-05 17:45:19.806445
7138,825,ios,2025-06-16 15:50:04.214945
7139,3905,ios,2025-02-22 04:05:37.352045
7140,2982,web,2025-04-20 20:00:59.986594
7141,2404,ios,2025-01-09 02:29:52.616634
7142,3674,ios,2025-07-13 21:07:22.318755
7143,2878,android,2025-06-02 09:17:17.115446
7144,1619,android,2025-02-20 17:33:44.759778
7145,2811,ios,2025-05-27 05:24:54.114583
7146,679,android,2025-04-17 04:37:37.888145
7147,1272,ios,2025-07-20 18:47:36.724238
7148,4865,web,2025-08-28 01:03:27.718410
7149,927,android,2025-01-31 06:12:11.730988
7150,2992,android,2025-04-30 02:18:06.325495
7151,1485,ios,2025-03-04 16:47:24.281556
7152,2324,ios,2025-07-02 04:08:47.087052
7153,1236,ios,2025-01-09 08:59:24.452642
7154,2844,ios,2025-05-13 07:57:42.496423
7155,2788,web,2025-07-28 06:34:45.939388
7156,3089,android,2025-04-05 14:19:04.479552
7157,1542,android,2025-07-23 14:36:53.756021
7158,2895,android,2025-02-05 16:39:53.671787
7159,3645,android,2025-08-12 03:40:31.051504
7160,3600,ios,2025-07-12 07:45:02.188455
7161,2840,android,2025-04-06 00:53:10.875732
7162,1496,ios,2025-02-01 17:49:16.170062
7163,2662,android,2025-05-07 11:06:18.388112
7164,2685,ios,2025-06-12 21:55:33.866850
7165,4757,android,2025-02-01 07:53:58.508291
7166,1886,android,2025-08-15 18:16:21.749530
7167,1613,android,2025-07-05 08:04:35.498492
7168,3750,android,2025-08-20 05:54:50.363785
7169,3177,android,2025-03-14 17:11:14.377493
7170,2136,ios,2025-04-16 07:45:54.960115
7171,1,android,2025-02-28 08:19:01.814867
7172,3525,web,2025-03-08 12:42:19.119024
7173,3685,web,2025-02-05 07:18:43.235260
7174,4652,android,2025-01-31 10:22:34.510205
7175,2513,android,2025-06-13 00:00:53.458924
7176,2576,android,2025-02-08 03:17:36.559343
7177,1042,android,2025-02-02 10:11:37.049438
7178,2299,android,2025-05-10 21:42:14.213640
7179,8,ios,2025-06-21 01:43:00.432106
7180,2504,web,2025-07-09 01:31:13.150450
7181,3535,android,2025-05-21 23:57:14.660504
7182,3930,ios,2025-02-18 23:30:22.222510
7183,3314,ios,2025-05-20 07:04:40.781481
7184,4028,android,2025-06-02 01:39:00.250315
7185,3328,ios,2025-03-04 17:13:27.122276
7186,3900,web,2025-02-05 02:38:17.871844
7187,2188,web,2025-08-13 22:23:41.630210
7188,3011,ios,2025-01-24 07:33:49.902032
7189,3197,android,2025-03-09 08:31:19.092293
7190,2863,android,2025-02-26 05:48:23.286394
7191,2857,web,2025-08-05 18:03:09.107874
7192,3910,android,2025-05-02 23:25:36.718765
7193,1195,android,2025-08-21 10:46:17.206304
7194,1585,android,2025-07-21 06:10:28.441986
7195,2594,android,2025-07-03 10:24:30.563659
7196,3227,android,2025-02-12 22:58:40.752188
7197,2573,ios,2025-03-25 16:16:16.152932
7198,998,android,2025-07-19 07:49:00.759636
7199,4119,android,2025-08-27 23:57:05.475639
7200,2730,android,2025-08-02 08:02:02.607531
7201,2168,ios,2025-08-19 11:08:23.101601
7202,4391,ios,2025-06-05 23:16:04.438716
7203,2181,web,2025-04-28 07:47:25.028229
7204,808,ios,2025-05-06 01:51:21.496296
7205,4923,android,2025-04-22 09:55:27.118965
7206,1914,ios,2025-02-07 15:12:14.351803
7207,4473,android,2025-03-16 07:12:16.118391
7208,2585,ios,2025-01-22 23:03:42.081445
7209,1212,ios,2025-01-22 12:28:58.314701
7210,1883,android,2025-03-17 18:37:07.583303
7211,4552,android,2025-06-11 20:50:45.446586
7212,4724,ios,2025-05-30 03:09:25.599057
7213,690,android,2025-05-16 22:47:18.891795
7214,4936,ios,2025-07-01 23:46:22.920609
7215,4267,android,2025-04-13 17:08:14.651866
7216,3239,ios,2025-04-18 10:20:17.448552
7217,917,ios,2025-05-06 21:05:00.041264
7218,2933,android,2025-01-17 04:21:21.711699
7219,2129,android,2025-05-22 08:25:42.473796
7220,623,ios,2025-07-02 07:23:45.576637
7221,4920,android,2025-03-06 01:33:44.477595
7222,3018,android,2025-07-27 17:16:28.343172
7223,486,ios,2025-03-06 16:34:25.816761
7224,1709,android,2025-05-05 17:03:40.082834
7225,4199,ios,2025-08-01 11:56:03.480889
7226,2212,android,2025-06-29 08:45:56.887533
7227,2474,android,2025-05-20 23:58:30.587673
7228,713,android,2025-06-01 07:46:10.659437
7229,555,web,2025-01-27 11:01:34.783953
7230,4890,android,2025-06-19 22:26:31.355937
7231,4763,android,2025-05-29 16:45:04.082497
7232,477,android,2025-01-21 13:00:13.461487
7233,2747,ios,2025-01-31 04:58:09.034225
7234,3406,ios,2025-08-24 22:54:14.470646
7235,4404,android,2025-02-13 06:44:46.487752
7236,2799,android,2025-08-06 16:08:53.864796
7237,4346,android,2025-03-09 00:39:47.510229
7238,605,ios,2025-04-07 06:10:49.249542
7239,74,ios,2025-05-15 23:36:48.754678
7240,2325,ios,2025-06-02 02:03:49.611208
7241,1325,ios,2025-05-01 23:02:51.604699
7242,3776,android,2025-03-26 16:05:18.674210
7243,1685,ios,2025-05-02 04:20:41.358567
7244,2036,ios,2025-06-20 06:24:31.209126
7245,2675,android,2025-04-07 08:17:21.499496
7246,4808,web,2025-05-13 11:52:27.431403
7247,360,android,2025-04-03 03:20:18.231959
7248,2763,ios,2025-03-22 04:07:58.548601
7249,1945,ios,2025-03-14 14:42:36.368988
7250,181,ios,2025-02-24 10:05:58.752593
7251,4074,android,2025-07-04 20:48:39.472307
7252,4570,ios,2025-08-28 02:05:03.353219
7253,866,android,2025-01-08 01:05:30.982696
7254,3799,android,2025-02-17 15:26:17.481550
7255,3507,ios,2025-08-23 07:30:17.522307
7256,3527,android,2025-03-25 01:13:58.678254
7257,2302,ios,2025-04-05 12:29:58.020442
7258,1601,android,2025-06-11 02:25:41.155818
7259,354,web,2025-03-27 16:51:36.073961
7260,175,ios,2025-04-30 17:25:44.597623
7261,887,android,2025-08-07 20:59:46.858097
7262,2640,ios,2025-05-18 05:49:09.059014
7263,706,android,2025-06-12 01:14:47.041896
7264,3433,ios,2025-02-22 18:01:57.160091
7265,3099,ios,2025-03-05 12:47:24.354805
7266,1723,ios,2025-08-05 15:33:49.641942
7267,437,ios,2025-08-11 23:20:25.383645
7268,2588,ios,2025-07-16 02:18:08.752301
7269,4116,ios,2025-01-30 15:53:05.337646
7270,1969,web,2025-07-18 21:40:53.286549
7271,4034,android,2025-01-05 16:08:09.971217
7272,1432,android,2025-05-25 23:06:20.075592
7273,401,ios,2025-06-14 02:07:48.032313
7274,3250,android,2025-04-14 14:46:48.536023
7275,4441,android,2025-04-27 10:46:22.465248
7276,4419,ios,2025-06-30 06:27:54.619609
7277,4796,android,2025-08-06 10:55:14.308913
7278,539,android,2025-02-16 00:13:04.878352
7279,218,android,2025-02-03 15:38:33.911515
7280,2848,android,2025-06-03 02:06:49.603864
7281,4752,android,2025-02-26 01:47:23.916004
7282,4990,android,2025-02-17 04:43:06.659141
7283,1398,ios,2025-02-19 10:45:41.276536
7284,1876,android,2025-02-17 19:57:45.151191
7285,3324,ios,2025-04-26 22:33:10.254677
7286,4569,web,2025-08-23 08:19:19.758632
7287,875,android,2025-07-21 05:18:14.988028
7288,4879,web,2025-05-13 00:43:59.439399
7289,4088,android,2025-01-20 17:21:20.719416
7290,341,ios,2025-06-13 12:32:10.528036
7291,4210,web,2025-04-20 15:03:46.103050
7292,3209,ios,2025-07-09 03:23:42.472747
7293,4892,android,2025-05-01 00:45:33.307404
7294,1047,android,2025-06-12 09:22:20.791180
7295,4963,android,2025-02-18 14:41:19.940723
7296,238,web,2025-07-22 11:18:44.662677
7297,380,android,2025-07-09 09:36:04.049674
7298,2239,android,2025-04-01 21:15:10.145068
7299,3290,android,2025-08-23 03:58:21.750366
7300,835,android,2025-02-08 23:25:20.395872
7301,1366,android,2025-01-05 20:43:02.364014
7302,1950,android,2025-07-05 10:37:03.414471
7303,628,ios,2025-05-26 22:30:28.541174
7304,880,android,2025-01-27 22:53:42.041717
7305,744,android,2025-02-08 18:14:33.913951
7306,4771,android,2025-02-01 19:17:07.065269
7307,4683,android,2025-02-10 13:05:15.328722
7308,3143,ios,2025-04-23 02:55:38.785723
7309,3419,android,2025-01-13 09:12:43.657398
7310,686,android,2025-05-07 05:03:43.528190
7311,253,android,2025-05-28 02:32:15.292199
7312,1885,android,2025-06-26 18:00:40.244314
7313,4922,ios,2025-08-18 21:15:56.249533
7314,2390,ios,2025-01-21 01:00:23.767373
7315,4040,android,2025-01-09 13:02:26.606442
7316,1850,android,2025-02-03 19:27:23.158450
7317,1546,android,2025-03-23 23:13:09.677240
7318,4061,ios,2025-05-08 15:54:34.262748
7319,2355,android,2025-01-02 00:59:43.215721
7320,3660,web,2025-06-18 05:53:59.737464
7321,3633,android,2025-08-21 12:32:17.856769
7322,3636,web,2025-03-02 16:42:38.465534
7323,3381,android,2025-01-03 03:18:15.597889
7324,4048,android,2025-07-03 00:55:36.538889
7325,2316,android,2025-07-07 02:56:00.473700
7326,1516,android,2025-01-11 13:44:48.318718
7327,2562,web,2025-05-31 00:13:24.986717
7328,1623,android,2025-03-01 00:14:28.619303
7329,217,android,2025-06-03 18:55:30.072974
7330,1810,web,2025-06-26 12:14:22.757392
7331,2504,android,2025-02-24 03:02:18.338499
7332,2602,android,2025-03-05 08:44:59.520201
7333,1702,android,2025-05-29 14:42:05.527040
7334,3628,android,2025-05-22 11:45:20.090619
7335,1426,web,2025-08-04 08:07:27.725656
7336,3238,android,2025-05-05 00:28:07.480797
7337,1349,ios,2025-07-14 08:14:36.029103
7338,4934,android,2025-06-27 21:03:55.077081
7339,3245,android,2025-06-11 18:21:44.629496
7340,2785,ios,2025-02-16 14:25:12.024529
7341,2147,ios,2025-03-09 03:44:02.618589
7342,3780,ios,2025-05-18 17:23:58.650991
7343,2130,android,2025-01-17 00:35:00.432260
7344,4017,android,2025-01-11 22:43:40.970183
7345,796,ios,2025-01-13 02:31:58.085170
7346,4101,ios,2025-08-12 21:03:59.259544
7347,4810,android,2025-06-17 09:32:23.067676
7348,1213,android,2025-07-23 07:59:35.157744
7349,1120,ios,2025-08-23 02:38:49.108961
7350,4775,android,2025-06-20 08:03:07.193223
7351,2031,ios,2025-05-06 05:21:13.616235
7352,3477,ios,2025-04-27 09:37:56.796940
7353,952,android,2025-07-01 06:49:50.285281
7354,2138,android,2025-07-30 21:34:36.326924
7355,3516,android,2025-07-21 14:19:16.469319
7356,4475,ios,2025-04-30 18:51:25.576471
7357,2181,web,2025-07-07 23:06:16.928106
7358,376,android,2025-04-26 19:27:07.790182
7359,2069,android,2025-04-04 09:44:12.627566
7360,3215,android,2025-03-14 08:01:13.991316
7361,4376,ios,2025-01-14 06:06:36.882043
7362,4170,android,2025-02-18 21:10:47.735235
7363,3798,ios,2025-06-27 09:24:04.117005
7364,827,android,2025-02-11 17:25:02.981759
7365,2600,android,2025-08-07 23:39:52.517018
7366,2881,android,2025-01-20 02:17:38.339992
7367,2343,ios,2025-01-13 10:10:18.998768
7368,4616,ios,2025-04-27 21:40:22.895527
7369,4800,android,2025-02-24 02:34:34.076417
7370,1052,android,2025-01-26 00:25:17.568622
7371,4783,web,2025-01-15 13:08:59.513492
7372,4233,ios,2025-05-09 03:11:36.129432
7373,3524,android,2025-03-05 01:11:42.899100
7374,1908,ios,2025-05-16 01:13:47.054041
7375,3801,web,2025-02-06 00:52:21.681919
7376,2931,android,2025-01-06 22:26:27.366836
7377,4496,android,2025-01-07 14:58:32.715481
7378,3557,android,2025-01-28 09:06:28.975936
7379,4822,android,2025-07-13 10:31:09.806879
7380,2097,ios,2025-04-19 23:44:01.311881
7381,412,android,2025-06-01 14:21:14.717653
7382,2460,android,2025-08-01 14:56:18.267556
7383,4987,android,2025-02-21 15:54:41.730487
7384,3276,ios,2025-07-31 17:42:18.190754
7385,3516,android,2025-07-01 04:32:45.763573
7386,3127,android,2025-06-27 03:38:01.039505
7387,2964,android,2025-07-31 14:08:12.005790
7388,307,ios,2025-01-31 14:07:07.219736
7389,2066,android,2025-05-12 08:12:09.386728
7390,433,android,2025-04-28 11:57:58.796302
7391,1682,ios,2025-06-11 08:26:43.107284
7392,3600,android,2025-02-27 19:57:03.831769
7393,4022,ios,2025-01-31 22:34:00.293646
7394,1119,android,2025-08-25 13:07:32.181299
7395,3273,ios,2025-04-24 03:51:16.743006
7396,1133,android,2025-02-26 09:08:32.323851
7397,1004,android,2025-02-01 06:19:21.147680
7398,4800,android,2025-05-25 05:51:54.516203
7399,3050,web,2025-02-05 21:44:58.354032
7400,988,ios,2025-02-14 11:30:16.737419
7401,706,android,2025-08-20 08:57:17.163906
7402,248,android,2025-01-08 02:05:38.921444
7403,2485,android,2025-02-15 09:35:37.907241
7404,507,android,2025-06-13 02:32:57.322586
7405,2918,android,2025-02-22 16:55:33.343542
7406,2169,ios,2025-02-14 05:04:26.780422
7407,3179,android,2025-05-16 05:30:34.149187
7408,1038,ios,2025-06-19 02:49:04.208513
7409,727,android,2025-04-15 15:27:00.623183
7410,504,ios,2025-07-09 20:28:14.791630
7411,478,android,2025-07-18 02:18:18.170679
7412,362,android,2025-06-01 09:49:38.854508
7413,1294,ios,2025-05-21 09:50:26.051836
7414,4003,android,2025-07-18 08:41:29.043601
7415,3036,ios,2025-01-04 15:39:16.619738
7416,1252,ios,2025-05-05 02:01:20.279817
7417,4659,web,2025-02-01 06:46:06.117419
7418,3806,ios,2025-02-23 20:07:08.544374
7419,3896,android,2025-08-19 14:33:48.812062
7420,4493,android,2025-01-01 21:38:17.203242
7421,3729,ios,2025-03-16 14:30:20.699048
7422,4784,android,2025-02-07 12:14:00.329567
7423,1652,android,2025-05-19 14:40:17.371494
7424,4281,android,2025-07-25 03:43:25.910493
7425,559,ios,2025-04-05 23:39:48.345816
7426,1501,android,2025-07-23 10:27:55.028018
7427,4460,android,2025-04-17 23:27:32.379022
7428,667,web,2025-08-09 21:32:39.552486
7429,2505,ios,2025-07-25 19:22:58.888045
7430,1703,android,2025-02-13 10:52:31.241711
7431,503,android,2025-08-04 01:41:36.281095
7432,1180,ios,2025-02-16 19:02:01.467563
7433,2675,android,2025-04-30 03:58:55.796141
7434,3154,ios,2025-02-17 15:05:41.267854
7435,3378,ios,2025-04-04 21:50:56.945321
7436,658,android,2025-08-28 12:02:39.139872
7437,1600,android,2025-07-05 22:17:51.327427
7438,521,android,2025-05-15 15:21:29.633363
7439,47,android,2025-08-16 07:42:38.837200
7440,1953,ios,2025-03-29 09:47:27.295769
7441,3109,android,2025-02-12 02:08:11.680930
7442,1855,web,2025-07-21 10:27:05.856206
7443,201,ios,2025-01-03 23:00:24.137939
7444,1100,android,2025-07-15 12:24:01.273542
7445,2164,android,2025-01-06 07:28:15.599044
7446,1779,android,2025-03-11 02:30:24.030900
7447,4124,android,2025-03-28 09:16:26.577925
7448,2990,ios,2025-03-19 09:39:42.724589
7449,4995,android,2025-03-01 03:41:44.351780
7450,878,android,2025-01-27 06:53:48.419456
7451,1852,android,2025-01-01 18:32:46.233968
7452,437,android,2025-07-08 06:07:10.203719
7453,101,ios,2025-04-22 00:43:57.526467
7454,4620,web,2025-02-09 08:27:28.410935
7455,2465,ios,2025-01-20 23:15:23.169423
7456,3300,web,2025-03-09 15:50:57.311234
7457,1382,ios,2025-03-28 02:42:35.596147
7458,258,android,2025-04-23 02:59:32.156523
7459,4464,ios,2025-01-25 13:20:38.686231
7460,3293,android,2025-08-27 02:54:46.489091
7461,3558,android,2025-03-07 07:19:42.545979
7462,2667,web,2025-04-18 05:38:15.562589
7463,2022,ios,2025-06-22 06:58:40.768354
7464,2112,web,2025-03-17 09:01:47.374681
7465,3811,android,2025-01-21 01:07:20.197731
7466,1137,ios,2025-04-02 11:59:02.172863
7467,1707,android,2025-05-15 08:21:13.267881
7468,1538,android,2025-07-24 13:06:31.898111
7469,2609,ios,2025-03-31 09:44:41.611424
7470,4839,android,2025-08-05 03:41:10.470511
7471,4614,ios,2025-05-13 16:42:41.281960
7472,2725,ios,2025-06-24 08:22:55.529205
7473,1001,ios,2025-01-08 07:55:38.803565
7474,4703,android,2025-08-06 15:52:54.286966
7475,1566,android,2025-02-21 20:49:24.133192
7476,1782,web,2025-03-21 04:27:57.745422
7477,4428,ios,2025-05-08 05:57:27.260273
7478,1317,android,2025-08-22 05:43:40.364999
7479,2310,android,2025-03-25 23:58:38.063364
7480,4584,android,2025-02-23 13:57:58.150820
7481,1590,web,2025-08-22 10:57:39.571686
7482,3122,android,2025-07-16 10:57:50.458380
7483,187,ios,2025-06-11 05:04:00.186733
7484,4978,android,2025-04-10 12:59:57.142453
7485,2095,android,2025-04-13 04:05:36.394447
7486,3352,ios,2025-08-20 00:18:36.072325
7487,2504,ios,2025-01-17 18:09:57.491287
7488,2170,android,2025-07-04 01:44:28.315253
7489,2032,android,2025-05-27 01:54:34.503523
7490,89,ios,2025-08-24 07:54:51.557784
7491,1388,android,2025-05-16 16:37:11.249051
7492,1904,android,2025-03-10 04:06:34.027461
7493,1846,ios,2025-07-09 12:29:10.711774
7494,1368,android,2025-08-28 12:11:09.134792
7495,3213,ios,2025-08-09 12:16:10.984469
7496,4146,android,2025-03-13 14:55:08.824182
7497,4457,ios,2025-03-26 03:54:53.636938
7498,4862,ios,2025-07-03 10:06:40.902098
7499,3249,ios,2025-05-26 08:38:48.951704
7500,2056,ios,2025-01-03 19:43:32.256383
7501,3231,ios,2025-02-04 11:20:13.670514
7502,662,android,2025-01-21 18:35:22.762908
7503,4085,android,2025-02-13 10:20:45.148901
7504,2675,android,2025-03-16 02:14:01.318427
7505,826,ios,2025-08-24 00:42:27.934960
7506,2130,android,2025-06-14 09:10:08.958079
7507,1506,android,2025-01-14 07:22:04.196943
7508,1748,android,2025-05-28 14:09:12.394060
7509,253,ios,2025-04-17 02:37:34.253229
7510,81,android,2025-07-03 05:33:33.106365
7511,1749,android,2025-08-03 19:04:06.309833
7512,1509,ios,2025-01-16 20:19:24.724569
7513,4995,web,2025-08-27 02:57:59.203162
7514,1313,ios,2025-01-15 01:42:12.424153
7515,1647,android,2025-06-27 23:12:04.936708
7516,4577,ios,2025-08-08 11:03:56.609959
7517,4299,android,2025-07-02 16:01:34.414903
7518,285,android,2025-02-06 15:24:13.645927
7519,429,android,2025-02-20 13:00:48.909393
7520,475,android,2025-01-11 00:09:22.796894
7521,2299,ios,2025-02-01 20:24:41.191011
7522,2863,android,2025-01-15 19:50:53.336631
7523,1758,ios,2025-01-14 00:49:16.506903
7524,65,ios,2025-05-17 14:14:11.043166
7525,1008,android,2025-01-19 15:18:55.584025
7526,3074,android,2025-04-14 06:57:34.169958
7527,1863,ios,2025-06-22 10:45:16.143231
7528,618,android,2025-01-04 16:15:57.253080
7529,3257,android,2025-06-05 05:56:02.968235
7530,3067,android,2025-07-03 23:53:46.710939
7531,2452,android,2025-05-11 09:51:35.963116
7532,4701,android,2025-04-26 13:39:03.815894
7533,4222,ios,2025-06-27 14:15:50.106006
7534,199,android,2025-05-09 17:24:02.342969
7535,4525,android,2025-05-04 18:08:19.240229
7536,249,ios,2025-07-14 20:11:35.192480
7537,2410,ios,2025-07-23 12:37:09.692878
7538,4509,ios,2025-03-31 12:36:54.708027
7539,4909,android,2025-04-11 23:04:26.655915
7540,113,web,2025-07-14 14:02:01.166447
7541,361,android,2025-05-13 09:40:14.498454
7542,1207,android,2025-06-16 21:29:45.190450
7543,1382,ios,2025-01-19 06:25:14.929416
7544,1398,android,2025-01-24 04:11:25.760780
7545,2084,ios,2025-05-10 05:27:57.671102
7546,1595,web,2025-07-19 01:44:06.136531
7547,2914,android,2025-03-18 22:04:24.549017
7548,4270,android,2025-08-22 10:24:26.496683
7549,2730,android,2025-07-04 18:13:02.292068
7550,1660,android,2025-07-09 22:56:32.641655
7551,2840,ios,2025-07-22 16:05:09.399700
7552,3103,web,2025-03-03 20:10:30.638828
7553,4482,ios,2025-03-22 06:27:32.030589
7554,4738,web,2025-01-29 18:41:39.211139
7555,1388,android,2025-04-03 10:14:06.556680
7556,4592,android,2025-01-09 16:58:23.437974
7557,4085,android,2025-07-02 14:40:30.184941
7558,641,ios,2025-07-15 00:30:47.238778
7559,2791,android,2025-02-21 21:50:46.605420
7560,762,android,2025-04-30 01:05:28.191445
7561,2453,android,2025-06-13 07:03:42.790929
7562,224,android,2025-06-30 10:29:46.971402
7563,1498,ios,2025-08-24 13:45:51.463605
7564,2941,ios,2025-02-18 18:12:36.071680
7565,1521,android,2025-03-01 22:53:37.808521
7566,51,android,2025-07-27 11:49:23.084201
7567,1943,android,2025-01-24 14:56:50.921522
7568,2706,android,2025-07-10 23:15:55.281434
7569,3818,android,2025-02-02 09:38:35.120864
7570,683,ios,2025-04-23 20:47:35.494271
7571,2384,ios,2025-05-24 21:57:43.439489
7572,994,ios,2025-07-06 14:15:43.299498
7573,770,ios,2025-01-28 19:56:13.366110
7574,610,android,2025-07-20 05:54:24.454664
7575,3800,ios,2025-07-26 16:27:05.743698
7576,4598,ios,2025-07-12 19:41:20.054718
7577,3317,android,2025-08-16 18:23:57.129986
7578,1892,android,2025-07-31 22:49:01.372255
7579,4747,android,2025-07-06 14:51:06.910830
7580,2486,android,2025-05-21 18:41:11.400593
7581,2648,android,2025-07-16 11:53:54.750784
7582,3173,android,2025-08-26 00:08:28.672919
7583,3273,web,2025-06-04 20:50:45.092208
7584,2461,ios,2025-02-28 22:52:23.085525
7585,2397,ios,2025-03-02 05:26:13.608113
7586,1590,ios,2025-07-13 10:11:51.358842
7587,3404,web,2025-08-29 10:28:19.723067
7588,3362,android,2025-02-21 02:32:19.027814
7589,2181,android,2025-08-24 17:32:02.222331
7590,3561,ios,2025-03-07 04:39:44.417868
7591,690,web,2025-04-11 07:28:00.060893
7592,2082,ios,2025-08-09 16:20:59.690051
7593,4934,android,2025-08-22 17:18:07.105232
7594,3669,ios,2025-05-18 18:28:41.222832
7595,3602,android,2025-08-19 20:55:39.424457
7596,4317,android,2025-07-24 16:59:17.038124
7597,3044,android,2025-07-30 12:49:07.486035
7598,3313,ios,2025-07-30 23:37:27.466854
7599,2408,android,2025-04-04 20:36:10.989815
7600,4132,android,2025-01-08 10:50:40.253963
7601,3558,ios,2025-02-10 00:15:07.271844
7602,2618,android,2025-01-19 02:17:58.271955
7603,634,ios,2025-02-28 21:39:58.593883
7604,4031,android,2025-01-14 10:28:26.548303
7605,1631,ios,2025-03-09 07:07:06.160872
7606,1796,android,2025-05-24 02:48:54.561673
7607,624,web,2025-02-04 06:39:40.201623
7608,1086,web,2025-03-18 17:24:43.506185
7609,631,android,2025-02-24 11:09:40.327290
7610,488,ios,2025-01-24 02:38:09.842496
7611,107,ios,2025-06-14 07:00:25.082125
7612,1474,android,2025-08-06 00:07:46.583781
7613,3780,ios,2025-06-23 23:40:14.763615
7614,4320,ios,2025-06-16 06:20:15.433789
7615,1137,android,2025-08-27 20:57:44.691186
7616,2120,web,2025-06-27 16:47:47.059904
7617,4161,android,2025-01-12 10:42:08.764693
7618,3535,web,2025-02-23 00:48:47.879189
7619,4523,web,2025-06-04 21:40:44.639140
7620,2103,android,2025-06-05 06:54:23.691082
7621,843,android,2025-07-22 07:42:50.288204
7622,717,ios,2025-02-08 14:19:28.669376
7623,3545,ios,2025-08-27 10:27:23.189555
7624,132,android,2025-05-06 11:00:32.311930
7625,2302,android,2025-08-12 15:50:43.413379
7626,1767,ios,2025-05-09 15:07:42.670485
7627,4595,android,2025-02-15 10:05:13.691147
7628,4991,ios,2025-03-27 07:08:30.500645
7629,2423,ios,2025-02-23 17:50:31.114783
7630,2901,web,2025-03-06 04:57:47.468695
7631,1895,android,2025-08-05 08:34:00.957562
7632,3885,web,2025-04-02 16:57:54.965887
7633,1473,ios,2025-02-14 09:20:13.229160
7634,3722,web,2025-03-30 14:00:39.235715
7635,4519,android,2025-05-30 23:50:47.750120
7636,859,ios,2025-02-18 19:34:04.268666
7637,1131,ios,2025-01-13 09:19:17.354149
7638,1892,ios,2025-07-31 22:12:14.524124
7639,4139,android,2025-02-28 03:07:58.522917
7640,3205,android,2025-08-16 12:52:05.586307
7641,971,android,2025-01-12 10:56:38.691836
7642,1841,android,2025-06-08 03:41:18.390617
7643,3217,ios,2025-06-11 15:41:39.930363
7644,4824,web,2025-02-07 21:57:23.047970
7645,2256,ios,2025-06-11 15:37:59.976067
7646,373,android,2025-04-05 04:42:08.465587
7647,524,android,2025-04-03 18:28:35.975016
7648,144,android,2025-08-02 05:27:37.709059
7649,630,android,2025-08-20 10:28:54.084435
7650,2063,ios,2025-02-11 08:06:16.034758
7651,1408,android,2025-06-16 05:39:55.223014
7652,1506,android,2025-02-07 14:16:10.661357
7653,3834,ios,2025-01-09 12:07:22.728079
7654,2386,android,2025-02-06 08:03:50.009556
7655,3645,android,2025-06-04 05:18:46.546193
7656,2710,android,2025-06-26 12:34:58.014545
7657,1026,android,2025-05-04 05:02:16.163475
7658,4742,ios,2025-08-20 06:06:50.648478
7659,2382,android,2025-07-05 16:39:22.275576
7660,4181,ios,2025-02-09 06:33:26.930049
7661,485,android,2025-02-20 12:41:31.646490
7662,4248,android,2025-05-25 20:20:59.910852
7663,3580,ios,2025-03-22 23:48:32.832327
7664,1250,android,2025-01-01 05:12:30.436236
7665,3967,android,2025-01-06 21:41:03.555228
7666,3713,android,2025-04-10 04:01:59.793856
7667,4468,android,2025-05-08 05:43:28.880679
7668,1049,android,2025-06-08 18:09:17.731044
7669,4429,web,2025-07-05 10:37:53.153289
7670,3811,android,2025-08-24 09:48:06.292945
7671,1690,android,2025-07-23 20:15:45.034740
7672,1753,android,2025-03-28 11:50:39.245929
7673,1273,android,2025-05-10 22:20:04.053159
7674,2384,ios,2025-02-22 11:14:43.865946
7675,4483,ios,2025-08-24 09:46:05.741386
7676,4189,web,2025-05-11 02:42:11.452844
7677,731,android,2025-03-02 16:04:36.856130
7678,657,android,2025-06-25 22:37:23.602366
7679,297,ios,2025-04-29 13:22:34.929783
7680,3071,android,2025-08-31 04:54:02.207615
7681,1572,android,2025-01-19 03:42:43.711862
7682,3805,android,2025-03-23 12:28:25.415761
7683,3802,android,2025-08-17 20:52:48.895895
7684,989,ios,2025-04-23 01:43:04.849302
7685,3471,ios,2025-03-17 18:23:08.311946
7686,3823,ios,2025-05-27 23:36:53.052988
7687,4936,android,2025-06-11 11:19:34.978783
7688,3614,ios,2025-01-23 13:15:11.749892
7689,1798,ios,2025-03-05 00:44:49.451326
7690,4999,ios,2025-03-17 01:56:38.396155
7691,1380,android,2025-03-01 17:34:01.288611
7692,4027,web,2025-04-04 00:56:32.115836
7693,1892,android,2025-03-23 08:01:11.893758
7694,4676,ios,2025-06-27 17:39:03.780500
7695,3912,ios,2025-05-26 12:59:09.714595
7696,2999,ios,2025-04-15 07:03:40.338514
7697,1072,web,2025-02-18 14:25:24.448808
7698,943,android,2025-04-13 05:10:09.066940
7699,4739,ios,2025-02-13 20:34:58.237418
7700,4009,android,2025-08-20 08:54:52.734160
7701,2563,ios,2025-02-12 05:26:52.129846
7702,4388,android,2025-07-28 15:48:23.062031
7703,3916,android,2025-05-30 14:04:01.161292
7704,1939,web,2025-07-17 00:41:22.675518
7705,4137,ios,2025-08-04 22:05:23.635268
7706,3981,android,2025-07-15 08:50:24.779952
7707,2395,android,2025-05-24 04:46:04.203244
7708,98,android,2025-03-06 21:06:29.538367
7709,3707,android,2025-06-10 09:09:15.111695
7710,1699,android,2025-01-02 04:14:51.320000
7711,1824,web,2025-04-02 17:23:00.406315
7712,3569,android,2025-07-28 11:38:39.220850
7713,4055,android,2025-05-22 01:41:13.455123
7714,440,ios,2025-03-05 07:57:26.631251
7715,4120,android,2025-08-05 19:11:54.976513
7716,1465,android,2025-01-04 17:02:56.967688
7717,2832,android,2025-08-03 13:13:08.596402
7718,4343,android,2025-07-04 13:08:13.630680
7719,1091,android,2025-02-05 13:39:58.570963
7720,1105,ios,2025-01-16 06:51:28.808057
7721,4852,android,2025-08-20 03:36:17.089701
7722,1866,ios,2025-01-17 06:56:15.084221
7723,4735,web,2025-08-25 14:58:39.944127
7724,1786,ios,2025-04-13 05:06:30.792436
7725,3100,web,2025-03-27 21:38:13.971114
7726,2552,web,2025-06-07 23:03:24.093064
7727,4920,ios,2025-05-01 12:56:40.605082
7728,2752,android,2025-04-05 18:45:31.522515
7729,2514,android,2025-06-05 13:25:23.711584
7730,2332,ios,2025-03-27 01:35:16.914614
7731,1878,ios,2025-01-09 08:21:02.784423
7732,2201,ios,2025-07-20 09:17:48.844212
7733,2303,ios,2025-05-06 01:22:36.084275
7734,3819,ios,2025-06-16 20:44:38.441220
7735,230,ios,2025-05-20 18:24:50.753977
7736,2505,ios,2025-05-30 05:58:11.138826
7737,2746,android,2025-02-23 04:51:23.481343
7738,3766,android,2025-08-16 02:56:26.812044
7739,3332,android,2025-04-19 19:07:08.054161
7740,2160,android,2025-08-12 14:00:15.946329
7741,548,android,2025-07-16 01:56:45.259522
7742,1861,android,2025-06-24 23:31:02.327079
7743,1278,web,2025-04-22 19:24:26.531300
7744,1021,android,2025-01-06 12:03:27.845417
7745,3606,ios,2025-03-18 14:19:02.123246
7746,2391,android,2025-06-11 13:26:58.127329
7747,3968,ios,2025-03-22 08:22:12.983020
7748,693,android,2025-01-25 02:06:38.943414
7749,4930,ios,2025-05-06 19:34:09.663668
7750,2367,ios,2025-02-07 12:55:28.972530
7751,1267,android,2025-03-16 09:52:40.890846
7752,1815,ios,2025-05-02 23:09:24.399424
7753,4208,ios,2025-01-29 06:08:38.265842
7754,3550,ios,2025-01-28 08:15:59.167521
7755,861,android,2025-02-21 01:14:16.820462
7756,4951,web,2025-05-24 19:24:38.552787
7757,655,android,2025-08-15 18:24:36.294661
7758,1377,android,2025-02-28 02:03:42.366823
7759,3647,android,2025-06-24 22:00:42.794209
7760,2649,android,2025-02-16 00:27:19.575878
7761,2230,android,2025-06-04 10:19:24.184798
7762,4632,ios,2025-02-03 11:10:45.923678
7763,3970,ios,2025-07-25 10:15:44.922127
7764,4811,web,2025-06-30 10:18:44.658908
7765,1413,android,2025-06-15 09:59:47.850887
7766,4254,ios,2025-01-04 13:30:26.923745
7767,1066,android,2025-07-23 05:56:32.116702
7768,4030,android,2025-02-06 15:45:36.733379
7769,2744,android,2025-05-10 15:18:28.573838
7770,2990,ios,2025-07-08 17:29:26.424707
7771,577,ios,2025-06-03 11:54:08.836199
7772,4396,android,2025-07-19 00:33:08.089385
7773,1394,android,2025-06-22 06:01:32.372495
7774,2991,android,2025-07-03 17:26:09.469004
7775,832,android,2025-03-14 14:25:11.042930
7776,4630,ios,2025-04-03 02:56:42.360285
7777,1601,android,2025-05-02 20:28:24.569693
7778,3814,ios,2025-05-23 10:29:22.081548
7779,3828,web,2025-06-18 01:49:31.255950
7780,2752,android,2025-05-16 00:06:42.620789
7781,604,web,2025-06-22 15:23:11.711312
7782,1400,ios,2025-02-06 15:10:32.648320
7783,3060,android,2025-04-06 21:34:44.594902
7784,2680,ios,2025-08-10 22:23:50.464972
7785,2924,android,2025-02-22 17:17:37.415785
7786,1247,ios,2025-02-04 21:49:48.663324
7787,2691,ios,2025-06-30 23:43:09.525672
7788,427,ios,2025-02-17 05:54:38.787684
7789,2422,ios,2025-04-22 04:46:43.482130
7790,458,ios,2025-06-22 23:24:08.903538
7791,3320,android,2025-04-28 19:38:44.513062
7792,2834,web,2025-08-08 01:36:43.220479
7793,4260,ios,2025-08-02 09:21:42.375233
7794,2311,ios,2025-05-03 05:12:27.708796
7795,811,ios,2025-08-22 11:40:24.578895
7796,1177,android,2025-03-12 21:37:30.736826
7797,4071,android,2025-02-26 20:03:28.076979
7798,4792,ios,2025-06-12 20:52:06.048508
7799,308,web,2025-05-20 04:27:54.308484
7800,3383,ios,2025-03-03 00:27:19.750216
7801,2411,android,2025-04-01 04:26:19.204848
7802,1290,android,2025-02-26 15:00:48.602984
7803,2558,android,2025-02-27 14:03:02.571193
7804,4679,android,2025-03-31 07:40:24.941391
7805,988,ios,2025-08-13 14:02:57.130682
7806,4186,ios,2025-07-22 21:07:27.710639
7807,449,android,2025-05-05 12:25:22.280559
7808,3604,android,2025-04-27 02:21:06.497763
7809,375,web,2025-01-08 15:34:57.857167
7810,304,ios,2025-04-23 08:06:40.447150
7811,187,android,2025-06-01 13:51:59.704985
7812,4024,android,2025-07-09 04:44:17.115353
7813,2868,android,2025-03-28 12:04:24.829762
7814,3452,android,2025-08-12 09:52:30.976850
7815,778,ios,2025-07-24 04:00:15.528461
7816,4608,android,2025-01-20 23:35:07.566915
7817,4044,android,2025-08-08 09:59:34.995976
7818,2444,android,2025-02-24 03:32:25.250782
7819,4495,android,2025-08-13 08:47:26.666750
7820,716,ios,2025-06-03 06:07:28.907711
7821,1463,ios,2025-04-11 02:19:07.940265
7822,243,android,2025-04-17 01:22:58.627989
7823,823,android,2025-05-17 18:11:00.160423
7824,4208,ios,2025-07-25 01:27:59.599049
7825,2049,web,2025-07-23 08:55:55.629626
7826,3227,android,2025-04-11 19:42:52.660313
7827,4408,android,2025-07-26 07:31:36.696401
7828,3821,web,2025-04-25 16:26:10.832948
7829,2000,android,2025-04-12 11:09:25.236883
7830,1742,web,2025-03-01 02:39:14.414904
7831,542,ios,2025-07-21 04:29:16.293220
7832,4149,android,2025-05-31 16:12:37.988590
7833,4924,android,2025-04-15 18:16:44.574155
7834,2501,web,2025-06-10 22:58:50.315113
7835,2499,android,2025-07-29 05:25:18.909187
7836,4242,android,2025-02-18 01:42:30.993603
7837,1712,android,2025-04-06 08:43:19.727075
7838,2033,ios,2025-04-03 09:54:42.801638
7839,4469,ios,2025-01-19 11:21:34.151910
7840,1897,ios,2025-03-23 04:17:09.818495
7841,4638,android,2025-07-05 02:46:36.482046
7842,808,ios,2025-03-03 13:28:46.909314
7843,2485,ios,2025-07-17 01:15:23.410859
7844,2449,android,2025-08-21 03:02:19.635406
7845,1534,ios,2025-02-24 10:11:44.559561
7846,4816,ios,2025-04-10 13:10:25.786875
7847,2414,android,2025-02-01 21:56:24.399895
7848,4396,web,2025-06-18 04:35:03.432768
7849,1097,android,2025-04-28 04:11:25.026303
7850,1745,android,2025-05-24 01:21:50.973518
7851,2392,android,2025-07-09 05:20:22.408902
7852,2820,android,2025-07-08 14:40:35.629348
7853,1148,android,2025-05-06 09:10:11.715184
7854,1566,android,2025-08-03 09:41:41.991172
7855,3112,ios,2025-08-15 11:01:23.566346
7856,1393,ios,2025-06-03 06:19:12.034366
7857,3800,android,2025-01-10 07:59:10.088632
7858,2386,ios,2025-07-08 13:25:55.234483
7859,4848,ios,2025-08-05 17:39:40.212464
7860,1189,android,2025-05-16 06:18:59.487246
7861,4213,web,2025-06-20 04:29:13.444854
7862,2451,android,2025-03-28 12:27:00.028537
7863,431,android,2025-05-03 00:16:22.443177
7864,3526,android,2025-07-13 22:33:23.146086
7865,1058,android,2025-08-01 20:36:19.807657
7866,693,android,2025-01-28 23:56:28.555491
7867,2659,android,2025-01-05 04:13:41.940796
7868,3930,ios,2025-04-01 18:47:16.286330
7869,1288,web,2025-04-05 23:49:53.533953
7870,3116,ios,2025-07-07 22:03:45.897676
7871,72,ios,2025-01-03 02:08:20.524542
7872,924,ios,2025-07-05 15:40:01.041974
7873,3774,ios,2025-05-11 07:51:20.952879
7874,65,android,2025-06-19 13:43:03.604291
7875,1789,android,2025-05-04 17:59:45.999700
7876,2540,android,2025-07-12 03:30:27.478066
7877,331,android,2025-04-17 04:59:19.233705
7878,4893,ios,2025-03-26 00:56:38.014579
7879,2545,android,2025-06-04 16:10:44.795705
7880,1693,android,2025-04-19 00:00:10.808683
7881,4887,android,2025-03-15 17:34:58.730607
7882,2793,ios,2025-08-10 23:48:09.424131
7883,3393,android,2025-06-25 18:07:54.006636
7884,452,android,2025-02-17 20:11:21.240311
7885,794,android,2025-06-29 20:17:52.862403
7886,227,android,2025-03-03 07:58:41.607259
7887,2572,ios,2025-04-15 19:11:09.469389
7888,4182,android,2025-02-22 20:00:19.197581
7889,4509,android,2025-01-28 12:45:10.922865
7890,2872,web,2025-04-07 23:20:21.266400
7891,272,android,2025-05-15 21:14:04.909436
7892,3131,ios,2025-03-15 09:58:25.460403
7893,3190,ios,2025-01-19 05:25:02.965253
7894,2986,android,2025-03-02 15:53:05.270569
7895,3607,android,2025-03-01 16:40:25.906722
7896,2787,android,2025-05-24 13:16:00.785854
7897,3521,android,2025-03-10 13:29:27.942144
7898,2432,android,2025-05-10 16:58:51.185913
7899,751,ios,2025-04-25 07:01:14.623662
7900,400,android,2025-03-06 17:23:55.115650
7901,4537,android,2025-06-30 02:46:42.842270
7902,2205,ios,2025-06-12 05:23:31.197185
7903,1612,android,2025-06-15 07:21:06.915489
7904,1467,ios,2025-04-16 08:38:43.727194
7905,259,android,2025-03-18 22:23:23.597509
7906,4726,ios,2025-05-24 13:12:05.248007
7907,417,ios,2025-08-22 01:24:53.436065
7908,1096,android,2025-04-16 10:51:20.824118
7909,2288,ios,2025-06-11 15:55:57.427851
7910,1791,android,2025-04-18 11:46:59.767277
7911,200,android,2025-08-15 14:55:58.379170
7912,1646,android,2025-03-06 07:49:39.784384
7913,3898,android,2025-04-22 09:23:18.527181
7914,1253,ios,2025-04-30 22:58:48.181067
7915,4330,android,2025-06-27 01:28:30.100224
7916,1801,android,2025-06-25 06:40:24.196930
7917,67,ios,2025-06-29 16:25:30.576459
7918,545,android,2025-06-28 02:30:27.037295
7919,4051,ios,2025-04-25 03:37:48.738765
7920,2028,android,2025-02-07 19:15:07.736501
7921,4907,web,2025-07-31 12:23:42.225565
7922,3945,android,2025-03-20 22:25:38.088999
7923,152,ios,2025-01-27 19:22:29.917322
7924,1563,ios,2025-02-01 07:03:23.228040
7925,3625,web,2025-05-01 05:25:59.455025
7926,316,web,2025-04-14 12:02:48.809769
7927,4996,ios,2025-06-11 05:41:14.601392
7928,832,android,2025-05-29 16:23:59.082554
7929,3986,android,2025-01-27 02:25:35.595519
7930,4203,ios,2025-03-14 02:38:19.492364
7931,2527,ios,2025-08-06 18:57:28.739024
7932,4018,ios,2025-07-06 07:17:35.419673
7933,4425,ios,2025-07-31 12:59:46.656709
7934,3672,android,2025-01-06 08:13:54.534927
7935,3540,android,2025-08-10 15:18:04.582234
7936,1944,android,2025-07-29 05:48:25.213713
7937,1463,ios,2025-04-20 21:40:48.670381
7938,4339,android,2025-06-13 16:21:55.565364
7939,1122,android,2025-03-08 02:16:00.307255
7940,2073,ios,2025-06-10 00:53:11.271623
7941,2563,android,2025-07-14 02:26:02.342115
7942,1954,android,2025-04-28 12:05:52.193485
7943,1865,android,2025-01-07 20:53:27.851404
7944,2996,android,2025-04-12 04:07:34.578648
7945,1648,android,2025-06-26 04:05:05.301423
7946,4944,ios,2025-06-21 00:18:20.634050
7947,890,ios,2025-04-29 04:07:18.873270
7948,1945,ios,2025-08-28 12:39:19.179989
7949,4227,web,2025-01-29 10:36:41.439672
7950,2378,android,2025-02-08 11:08:12.110601
7951,3526,android,2025-03-04 18:33:54.362641
7952,3235,android,2025-07-15 06:16:26.408837
7953,1657,ios,2025-07-05 08:45:22.623034
7954,3721,android,2025-07-07 18:44:49.379797
7955,1189,web,2025-08-02 17:57:37.642419
7956,3749,ios,2025-04-18 15:03:20.968587
7957,641,ios,2025-03-19 09:55:03.218540
7958,3471,android,2025-05-26 21:25:42.344178
7959,563,ios,2025-04-10 14:22:19.026462
7960,4345,android,2025-05-08 07:02:18.460415
7961,3128,android,2025-02-04 01:44:50.702704
7962,203,ios,2025-04-07 07:42:10.055253
7963,545,android,2025-04-25 20:24:06.250166
7964,938,ios,2025-01-22 05:57:09.409931
7965,4802,ios,2025-08-30 15:53:46.811060
7966,2948,ios,2025-01-10 04:22:03.070828
7967,1396,android,2025-08-12 10:36:54.234512
7968,1385,android,2025-01-20 11:42:56.517904
7969,130,android,2025-07-28 19:25:25.899803
7970,1016,ios,2025-05-14 05:20:45.755412
7971,4277,android,2025-02-17 17:01:29.821603
7972,2995,web,2025-02-26 05:06:25.790135
7973,1838,web,2025-03-27 10:34:47.890627
7974,107,android,2025-07-12 22:44:25.893714
7975,1715,ios,2025-02-05 18:09:24.215111
7976,1915,android,2025-02-28 20:41:37.198757
7977,594,android,2025-06-18 07:41:51.689026
7978,3037,android,2025-05-30 04:47:50.614045
7979,3303,ios,2025-04-13 06:14:56.046090
7980,4991,ios,2025-01-15 17:02:50.230603
7981,1794,android,2025-05-16 17:09:53.780267
7982,1380,android,2025-02-25 16:49:06.276217
7983,4115,android,2025-05-29 17:46:08.784588
7984,1753,android,2025-03-08 16:58:36.433502
7985,3154,android,2025-08-27 05:17:24.615022
7986,3688,ios,2025-05-24 12:20:38.525495
7987,4400,web,2025-05-19 19:51:14.214172
7988,1594,android,2025-07-23 08:01:59.584490
7989,3113,ios,2025-08-30 08:08:13.265085
7990,656,ios,2025-07-09 08:07:51.822776
7991,3897,ios,2025-05-25 07:35:54.717320
7992,226,ios,2025-07-29 20:04:35.708017
7993,3483,android,2025-02-14 00:48:40.541423
7994,1046,android,2025-07-05 16:59:08.496473
7995,2313,android,2025-06-15 05:10:12.837973
7996,382,ios,2025-05-17 20:52:49.086165
7997,3444,android,2025-07-30 14:55:18.945642
7998,2411,android,2025-06-22 10:43:13.550018
7999,3319,android,2025-06-24 03:59:22.350938
8000,1738,android,2025-08-10 01:36:43.928477
8001,34,android,2025-06-19 22:58:16.126938
8002,2905,android,2025-03-04 01:37:56.175931
8003,3494,ios,2025-02-14 14:54:08.127129
8004,3324,ios,2025-05-05 16:57:50.000352
8005,1311,android,2025-02-27 02:00:27.717272
8006,3583,ios,2025-06-20 00:16:34.236914
8007,2710,ios,2025-07-24 18:40:56.274747
8008,1051,android,2025-03-12 21:52:15.466584
8009,557,ios,2025-08-10 23:22:57.951820
8010,1627,android,2025-07-01 11:56:31.036132
8011,116,android,2025-08-29 02:50:16.069922
8012,3581,ios,2025-02-18 06:50:36.813960
8013,76,android,2025-04-23 03:44:32.979055
8014,243,android,2025-06-05 14:16:32.765844
8015,791,android,2025-07-05 09:20:06.585146
8016,1631,android,2025-08-10 14:23:29.147745
8017,100,android,2025-08-05 13:53:12.574357
8018,3150,ios,2025-02-27 09:03:46.861041
8019,662,android,2025-04-13 15:51:05.611744
8020,4017,android,2025-06-24 13:09:14.806686
8021,2796,ios,2025-02-02 03:39:23.997817
8022,417,android,2025-08-22 03:01:05.054026
8023,2002,ios,2025-07-01 12:13:42.719672
8024,702,android,2025-07-21 09:48:21.119529
8025,4904,android,2025-08-09 12:12:56.361418
8026,2963,android,2025-02-13 05:48:55.030435
8027,4044,android,2025-04-13 13:52:04.493907
8028,1872,ios,2025-06-08 08:32:17.394947
8029,734,ios,2025-07-19 20:35:35.783318
8030,1175,android,2025-06-29 08:02:30.159010
8031,2084,android,2025-01-30 12:46:09.750150
8032,3853,ios,2025-06-06 21:33:31.863421
8033,2155,android,2025-03-13 10:55:16.023019
8034,4644,android,2025-04-09 18:41:42.808981
8035,1811,ios,2025-08-30 14:20:54.927603
8036,1167,android,2025-02-08 03:56:58.171730
8037,2478,web,2025-01-26 08:44:50.192302
8038,556,android,2025-04-10 10:07:42.775490
8039,3350,ios,2025-07-29 23:35:41.266499
8040,505,android,2025-02-09 09:59:55.114694
8041,3205,android,2025-01-20 10:17:05.550500
8042,1913,android,2025-04-12 18:43:37.144733
8043,1786,web,2025-06-03 15:33:44.527374
8044,3055,android,2025-02-07 14:10:00.181321
8045,3526,android,2025-07-15 12:21:43.803043
8046,4645,web,2025-07-25 13:22:53.290925
8047,1448,android,2025-05-07 23:46:45.982668
8048,4060,android,2025-01-08 09:39:54.780027
8049,4178,android,2025-05-06 09:54:30.599982
8050,4979,ios,2025-02-22 01:06:39.113370
8051,4822,android,2025-04-19 09:38:15.910180
8052,3953,android,2025-07-04 14:47:15.057001
8053,1474,web,2025-01-14 05:22:14.860047
8054,3473,ios,2025-01-01 00:53:11.887765
8055,3924,android,2025-02-02 10:16:30.198180
8056,1458,ios,2025-01-12 00:35:38.025564
8057,4068,android,2025-03-05 06:46:11.616614
8058,3510,android,2025-04-09 05:41:28.695485
8059,2454,android,2025-07-09 11:15:35.492761
8060,4309,ios,2025-01-08 08:52:06.231711
8061,439,ios,2025-03-27 06:58:28.482787
8062,3420,android,2025-08-14 20:31:03.118889
8063,3931,android,2025-05-21 01:26:56.883782
8064,202,android,2025-07-20 21:41:03.677777
8065,2038,ios,2025-04-28 11:51:15.156745
8066,2586,ios,2025-01-24 15:06:17.820965
8067,1041,ios,2025-02-15 10:13:44.068185
8068,4397,web,2025-07-04 05:08:10.228012
8069,3134,ios,2025-07-29 23:28:30.311855
8070,1376,web,2025-04-24 14:42:13.860971
8071,2185,ios,2025-04-30 16:00:25.326293
8072,561,android,2025-04-20 09:06:47.523906
8073,438,ios,2025-01-05 11:05:37.221926
8074,3733,android,2025-01-24 05:00:48.248908
8075,4919,android,2025-08-30 00:41:28.531214
8076,1384,android,2025-01-11 05:01:24.658001
8077,1224,android,2025-03-26 19:11:15.151735
8078,3420,ios,2025-06-17 20:04:55.736392
8079,2555,android,2025-04-14 05:36:50.636771
8080,698,android,2025-08-27 18:53:43.220618
8081,3337,web,2025-01-08 22:55:55.336604
8082,1050,ios,2025-08-01 12:25:40.272105
8083,576,android,2025-02-02 17:49:42.911427
8084,2322,android,2025-02-19 18:31:20.762026
8085,3698,android,2025-05-09 09:04:03.559454
8086,2606,web,2025-07-31 18:19:25.176595
8087,3242,android,2025-04-11 14:55:14.847016
8088,1190,web,2025-03-13 08:07:22.305951
8089,2469,android,2025-04-08 14:33:04.098644
8090,3565,ios,2025-01-23 22:12:37.000007
8091,2642,android,2025-07-23 16:34:57.273294
8092,1199,android,2025-08-11 09:32:04.045248
8093,4774,android,2025-06-14 05:07:04.392498
8094,337,android,2025-04-19 01:18:47.761165
8095,4555,web,2025-05-30 05:43:38.828686
8096,3623,ios,2025-05-15 02:29:13.994262
8097,560,android,2025-01-13 12:40:10.737409
8098,1276,ios,2025-04-06 20:15:54.767499
8099,1844,android,2025-06-09 14:37:29.561315
8100,4789,web,2025-07-26 00:21:51.217734
8101,2584,android,2025-03-29 05:31:49.837459
8102,1291,android,2025-07-19 01:59:41.835020
8103,4600,android,2025-07-03 22:20:01.882462
8104,591,android,2025-08-14 19:44:12.193176
8105,4083,web,2025-08-29 10:21:39.100475
8106,4154,android,2025-01-11 03:22:57.064782
8107,1933,android,2025-04-17 07:19:44.805468
8108,216,ios,2025-07-07 23:24:10.947993
8109,4432,android,2025-07-20 00:42:26.638665
8110,4838,android,2025-01-21 03:12:20.981966
8111,1891,ios,2025-05-28 09:38:10.927078
8112,929,android,2025-08-07 07:46:31.318024
8113,1356,ios,2025-02-25 04:12:30.612295
8114,683,ios,2025-03-26 09:47:53.193293
8115,3050,android,2025-04-06 22:45:11.726128
8116,2593,android,2025-04-06 20:56:39.034494
8117,1780,android,2025-05-17 11:52:15.465149
8118,3254,android,2025-01-15 18:37:23.061451
8119,3113,ios,2025-07-09 08:14:05.150482
8120,57,ios,2025-01-30 20:37:08.858866
8121,2049,android,2025-07-17 15:15:31.369849
8122,4318,ios,2025-01-05 03:41:39.534745
8123,3979,android,2025-07-11 05:56:07.877703
8124,4275,web,2025-03-28 07:55:04.239644
8125,4772,android,2025-06-09 08:57:55.929602
8126,308,ios,2025-02-13 12:55:52.465691
8127,1352,android,2025-05-11 11:50:24.407136
8128,2297,android,2025-03-14 16:25:02.884181
8129,2551,android,2025-01-01 22:53:19.182308
8130,3932,web,2025-06-26 05:01:20.634486
8131,3623,ios,2025-02-01 21:01:04.004212
8132,3532,ios,2025-08-17 08:21:17.962789
8133,793,android,2025-05-13 03:00:04.705675
8134,3389,ios,2025-01-01 09:45:52.607217
8135,3980,android,2025-08-18 14:47:27.167662
8136,3761,ios,2025-02-02 06:23:40.321633
8137,2915,android,2025-07-22 15:32:41.872807
8138,442,ios,2025-03-22 00:20:54.074258
8139,749,ios,2025-05-19 00:56:15.942340
8140,3716,android,2025-07-23 01:56:58.845482
8141,4342,ios,2025-01-13 04:31:20.600362
8142,4127,android,2025-06-15 06:05:53.855411
8143,2134,android,2025-02-06 02:31:56.295632
8144,2937,android,2025-06-24 02:01:15.768553
8145,884,android,2025-02-09 01:13:32.793986
8146,2960,android,2025-01-06 07:58:31.651667
8147,977,ios,2025-02-07 18:30:54.701871
8148,3976,ios,2025-06-02 01:18:10.011019
8149,3928,android,2025-08-28 12:45:31.145815
8150,256,web,2025-08-24 17:45:05.233427
8151,4679,ios,2025-07-01 04:52:17.046610
8152,3981,android,2025-07-20 08:57:11.583667
8153,1892,android,2025-08-01 08:57:40.091140
8154,2256,web,2025-05-09 09:21:32.933435
8155,395,android,2025-02-25 13:12:35.013233
8156,4682,android,2025-06-10 15:30:37.205610
8157,505,web,2025-02-04 09:46:10.194752
8158,4613,ios,2025-07-22 06:19:38.534944
8159,3273,ios,2025-04-11 03:18:53.624968
8160,4594,ios,2025-03-06 18:10:48.132475
8161,1854,android,2025-07-24 23:02:49.503360
8162,4479,ios,2025-01-28 00:28:29.105756
8163,2131,ios,2025-08-25 21:11:15.404066
8164,1751,android,2025-08-19 22:48:06.190366
8165,1686,android,2025-05-28 22:27:07.417466
8166,4760,android,2025-06-23 01:07:34.903442
8167,2328,ios,2025-01-10 00:39:19.794148
8168,2393,ios,2025-04-17 05:04:05.691878
8169,3218,ios,2025-08-03 23:05:02.872910
8170,2780,android,2025-01-03 19:11:49.941402
8171,2706,ios,2025-03-12 14:53:43.501693
8172,1896,android,2025-03-27 23:35:55.447330
8173,822,web,2025-06-14 01:03:52.008647
8174,4973,ios,2025-06-21 06:37:15.368270
8175,2457,ios,2025-01-16 20:11:09.051741
8176,4862,android,2025-02-22 20:32:57.083649
8177,2304,android,2025-07-20 14:18:00.908077
8178,2998,android,2025-02-16 14:40:52.031381
8179,2729,ios,2025-03-11 15:03:55.170035
8180,4829,android,2025-02-09 10:12:31.934051
8181,554,ios,2025-07-03 07:10:23.370019
8182,2588,android,2025-01-07 14:05:05.513246
8183,768,android,2025-03-15 08:45:24.383364
8184,4341,android,2025-05-10 08:27:42.927639
8185,2652,android,2025-01-02 11:06:40.033231
8186,4616,android,2025-08-20 19:38:49.249359
8187,1378,android,2025-07-31 05:41:39.636125
8188,815,android,2025-06-07 07:08:53.751683
8189,3146,ios,2025-04-17 17:00:39.747964
8190,729,android,2025-02-07 17:44:59.604658
8191,1864,ios,2025-05-15 12:49:28.814226
8192,1570,ios,2025-02-28 03:03:39.221935
8193,1104,android,2025-06-05 00:55:02.128311
8194,654,android,2025-02-05 09:03:29.124476
8195,3282,android,2025-06-24 06:14:22.122355
8196,3791,android,2025-03-20 11:10:58.377164
8197,1970,android,2025-05-02 23:33:26.668770
8198,1406,ios,2025-02-09 07:46:01.001002
8199,789,android,2025-03-04 06:36:23.260876
8200,3386,ios,2025-04-20 09:38:05.951248
8201,4613,web,2025-05-30 01:12:03.169554
8202,3591,ios,2025-07-17 14:41:39.967689
8203,4619,ios,2025-03-21 21:02:58.361709
8204,4620,ios,2025-08-16 12:14:35.130782
8205,12,web,2025-03-26 22:02:51.255050
8206,2069,android,2025-06-27 22:15:23.006930
8207,22,ios,2025-05-29 07:37:33.721173
8208,4639,ios,2025-04-20 10:03:27.147791
8209,1079,android,2025-03-27 06:01:26.560783
8210,56,web,2025-06-05 18:40:19.705929
8211,1081,ios,2025-04-22 09:29:23.664041
8212,1592,web,2025-04-08 05:57:02.710653
8213,3131,android,2025-02-01 06:01:12.675562
8214,1596,web,2025-03-01 01:27:41.845554
8215,4670,web,2025-07-26 09:33:45.478029
8216,1601,ios,2025-03-04 14:44:22.836908
8217,1608,android,2025-07-19 07:45:59.781106
8218,585,web,2025-07-27 12:40:15.476896
8219,3658,web,2025-03-22 03:15:30.294478
8220,594,web,2025-07-31 23:00:02.407320
8221,3668,ios,2025-06-25 22:57:14.291291
8222,4692,ios,2025-05-16 08:24:58.631858
8223,4182,android,2025-08-27 04:54:28.236974
8224,2142,web,2025-08-19 03:47:16.822774
8225,2659,ios,2025-02-16 14:16:56.324351
8226,2660,android,2025-05-13 17:19:43.409288
8227,1637,ios,2025-08-04 06:59:36.753596
8228,1126,android,2025-08-31 16:32:24.087472
8229,4717,ios,2025-04-22 09:00:01.135799
8230,4214,ios,2025-02-01 21:04:40.224372
8231,2684,ios,2025-01-31 04:26:32.102873
8232,2176,web,2025-06-25 13:18:23.476766
8233,4742,ios,2025-05-09 03:40:50.732714
8234,4232,ios,2025-05-17 22:04:32.064137
8235,1161,web,2025-08-20 06:56:04.445576
8236,138,android,2025-05-01 21:35:56.565625
8237,2709,ios,2025-05-23 04:23:30.287992
8238,2713,android,2025-03-21 17:31:06.190326
8239,1181,ios,2025-07-03 00:22:13.204245
8240,1185,android,2025-02-15 15:18:38.164927
8241,1698,web,2025-08-11 11:30:57.011759
8242,3236,android,2025-06-06 12:23:15.949823
8243,2218,ios,2025-04-19 12:54:15.651204
8244,4784,ios,2025-02-14 19:09:52.515465
8245,2740,ios,2025-01-31 23:17:37.676178
8246,3765,android,2025-08-27 01:27:18.428974
8247,1211,android,2025-06-13 17:59:15.171624
8248,709,web,2025-02-19 06:04:14.768976
8249,2761,android,2025-03-09 22:16:17.657328
8250,3281,web,2025-08-04 00:13:06.512063
8251,3292,android,
8252,4319,android,
8253,228,ios,
8254,4324,android,
8255,4326,web,
8256,4842,web,
8257,746,android,
8258,752,web,
8259,1265,web,
8260,764,web,
8261,1279,android,
8262,258,android,
8263,2819,android,
8264,3338,web,
8265,3341,android,
8266,3348,ios,
8267,2330,ios,
8268,1824,web,
8269,2337,android,
8270,806,web,
8271,4903,android,
8272,2860,web,
8273,2360,ios,
8274,2361,android,
8275,2365,ios,
8276,1855,web,
8277,1345,ios,
8278,2373,android,
8279,4938,android,
8280,3406,web,
8281,849,ios,
8282,1877,ios,
8283,4444,android,
8284,4445,android,
8285,1387,android,
8286,367,web,
8287,3444,ios,
8288,891,ios,
8289,4989,ios,
8290,2437,web,
8291,4999,web,
8292,393,android,
8293,406,web,
8294,1944,web,
8295,3481,android,
8296,409,web,
8297,412,android,
8298,1439,web,
8299,1442,web,
8300,938,ios,
8301,2479,android,
8302,1971,web,
8303,4532,ios,
8304,2487,web,
8305,2489,web,
8306,2490,android,
8307,3519,ios,
8308,1984,android,
8309,2499,android,
8310,3026,web,
8311,3028,android,
8312,2518,ios,
8313,2520,android,
8314,2008,ios,
8315,3546,android,
8316,993,android,
8317,1507,android,
8318,996,web,
8319,2533,ios,
8320,2024,ios,
8321,1008,ios,
8322,1010,web,
8323,1528,android,
8324,2042,ios,
8325,510,android,
