user_id,txn_count,avg_amount,stddev_amount,signal_ato,signal_velocity,signal_amount_anomaly,rule_based_flag
1,17,424.4894117647059,289.45653511914946,0,0,0,0
2,13,482.5615384615385,273.34758362670084,0,0,0,0
3,18,396.08444444444444,206.79639686905733,0,0,0,0
4,19,341.25894736842105,182.6864455518407,0,0,0,0
5,20,465.7655,284.5720290625029,0,0,0,0
6,25,526.1932,332.5581288944234,0,0,0,0
7,19,362.64473684210526,295.9203779534093,0,0,0,0
8,18,402.4766666666667,241.21887209659934,0,0,0,0
9,17,330.4370588235294,200.1284279352138,0,0,0,0
10,21,365.8452380952381,263.0250320265399,0,0,0,0
11,16,395.48625,219.81556379368934,0,0,0,0
12,27,709.562962962963,1376.973887583754,1,0,0,1
13,14,360.49642857142857,188.34049104166726,0,0,0,0
14,22,387.11136363636365,221.02039351186693,0,0,0,0
15,25,368.01599999999996,269.11488505840776,0,0,0,0
16,25,434.3372,309.41683905721743,0,0,0,0
17,19,392.63684210526316,277.99151363519286,0,0,0,0
18,17,404.21294117647057,242.92322139175891,0,0,0,0
19,11,437.53818181818184,222.55184874206822,0,0,0,0
20,20,394.996,308.4711817074652,0,0,0,0
21,28,419.06857142857143,237.6172790691891,0,0,0,0
22,23,424.89565217391305,524.1119398009989,1,0,0,1
23,16,435.32937499999997,216.88645734775466,0,0,0,0
24,20,414.89,267.7044775120507,0,0,0,0
25,29,443.53724137931033,308.6837709382628,0,0,0,0
26,17,343.45529411764704,185.49481978235934,0,0,0,0
27,23,470.75347826086954,229.10661779690375,0,0,0,0
28,16,492.723125,307.28524709784614,0,0,0,0
29,20,471.7335,248.35862647137904,0,0,0,0
30,19,410.5605263157895,223.18788104888534,0,0,0,0
31,24,415.33458333333334,249.4815351213253,0,0,0,0
32,15,339.03066666666666,150.1798524643776,0,0,0,0
33,23,337.9391304347826,159.37513621240325,0,0,0,0
34,24,444.8320833333333,257.2940266501079,0,0,0,0
35,15,336.024,185.6442525118046,0,0,0,0
36,29,404.3355172413793,268.47361380122834,0,0,0,0
37,16,403.745,218.99651312863415,0,0,0,0
38,13,450.2876923076923,286.6005839318182,0,0,0,0
39,25,312.35920000000004,151.16277284887298,0,0,0,0
40,20,310.8805,192.91754838466616,0,0,0,0
41,14,367.6321428571428,247.30085321840494,0,0,0,0
42,21,431.51095238095235,299.19103255444963,0,0,0,0
43,13,428.79307692307697,288.7126464519726,0,0,0,0
44,14,427.2057142857143,230.42876673448447,0,0,0,0
45,11,409.4445454545455,158.65463786382804,0,0,0,0
46,15,338.122,219.1906828068504,0,0,0,0
47,16,419.959375,240.8226934507198,0,0,0,0
48,11,515.7836363636363,248.10811628924014,0,0,0,0
49,18,292.0755555555555,165.1331891138592,0,0,0,0
50,19,509.4410526315789,274.23900344301563,0,0,0,0
51,16,258.348125,191.67161107016966,0,0,0,0
52,18,399.28666666666663,213.35147644204395,0,0,0,0
53,21,458.7338095238095,214.63890404198557,0,0,0,0
54,15,424.8546666666667,240.42304287419893,0,0,0,0
55,26,397.9115384615385,360.7382584868074,0,0,0,0
56,13,925.8661538461539,2054.5589471242442,1,0,0,1
57,20,279.673,153.21041113775524,0,0,0,0
58,17,533.6052941176471,302.64660702304354,0,0,0,0
59,19,436.0836842105263,172.63708777635318,0,0,0,0
60,13,418.0623076923076,175.57451208724635,0,0,0,0
61,11,395.0263636363636,194.1967240278284,0,0,0,0
62,23,502.4408695652174,329.6664831628823,0,0,0,0
63,24,381.08166666666665,185.49767639305418,0,0,0,0
64,16,379.67625,198.45732311617405,0,0,0,0
65,18,401.3372222222222,266.0757194610745,0,0,0,0
66,19,385.86315789473684,213.54777264245584,0,0,0,0
67,14,400.2478571428572,296.6164808102633,0,0,0,0
68,22,466.67272727272723,316.98200957240783,0,0,0,0
69,26,426.5976923076923,309.63740175228406,0,0,0,0
70,21,470.7195238095238,313.6401755192935,0,0,0,0
71,18,407.62888888888887,187.59562876596766,0,0,0,0
72,13,419.08769230769235,300.38743431554275,0,0,0,0
73,15,346.312,196.2465391355136,0,0,0,0
74,18,283.3361111111111,154.93895077807218,0,0,0,0
75,25,364.31919999999997,275.3403529876433,0,0,0,0
76,16,438.7075,279.5409442841067,0,0,0,0
77,21,396.0790476190476,142.2501591899607,0,0,0,0
78,19,342.86842105263156,156.13739163290762,0,0,0,0
79,18,325.7966666666667,217.18410628363716,0,0,0,0
80,19,497.93842105263155,287.1359520334201,0,0,0,0
81,17,368.1929411764706,213.49124728620632,0,0,0,0
82,26,367.95846153846156,260.5135489860852,0,0,0,0
83,17,267.1705882352941,151.11785075662326,0,0,0,0
84,13,263.0569230769231,198.7821214443521,0,0,0,0
85,22,344.9318181818182,151.64574122954406,0,0,0,0
86,16,441.658125,255.8204523249351,0,0,0,0
87,22,405.14090909090913,243.67143705312935,0,0,0,0
88,16,393.996875,257.7788179990443,0,0,0,0
89,18,375.5783333333333,182.46390496174544,0,0,0,0
90,24,413.8279166666666,236.2432376806295,0,0,0,0
91,16,493.991875,389.88261336296387,0,0,0,0
92,21,443.0914285714286,166.72562985438114,0,0,0,0
93,19,478.4094736842106,400.0528004292707,0,0,0,0
94,24,364.3254166666666,243.02864267028224,0,0,0,0
95,20,463.96549999999996,223.1266983459175,0,0,0,0
96,15,340.99666666666667,217.76566122529258,0,0,0,0
97,15,389.9413333333333,240.79515584459386,0,0,0,0
98,17,377.8105882352941,204.34130426584275,0,0,0,0
99,15,558.1,260.98052095894053,0,0,0,0
100,15,300.2066666666667,154.43391266888955,0,0,0,0
101,20,378.45950000000005,300.2199146871339,0,0,0,0
102,16,396.898125,213.18553058951812,0,0,0,0
103,17,324.944705882353,217.01434780752447,0,0,0,0
104,20,371.4375,176.07690276907414,0,0,0,0
105,19,287.8257894736842,252.2147938879789,0,0,0,0
106,20,408.0235,271.04641883402553,0,0,0,0
107,20,373.5815,222.7264511968662,0,0,0,0
108,13,335.1376923076923,171.43006392623047,0,0,0,0
109,20,451.61350000000004,284.6319193497981,0,0,0,0
110,17,343.4164705882353,201.5836772086346,0,0,0,0
111,21,265.2861904761905,211.8058775540469,0,0,0,0
112,20,311.693,156.15150569559046,0,0,0,0
113,19,354.2321052631579,228.88623194616844,0,0,0,0
114,15,479.91200000000003,276.7232713066732,0,0,0,0
115,16,312.6225,229.73530718796795,0,0,0,0
116,17,477.75176470588235,288.2734405801974,0,0,0,0
117,20,569.9135,289.1150299841743,0,0,0,0
118,18,485.8688888888889,279.31492876697223,0,0,0,0
119,16,517.2075,283.7413387114222,0,0,0,0
120,16,373.403125,195.21142511770256,0,0,0,0
121,14,482.11428571428576,265.1827177549817,0,0,0,0
122,18,408.50722222222225,293.621470033283,0,0,0,0
123,14,457.04285714285714,240.14347251557078,0,0,0,0
124,18,408.37,232.14728069338508,0,0,0,0
125,21,375.6852380952381,209.055447318444,0,0,0,0
126,21,414.5438095238095,215.1168662771846,0,0,0,0
127,13,451.08076923076925,280.8248868398936,0,0,0,0
128,20,306.64050000000003,183.49764242286597,0,0,0,0
129,22,422.84772727272724,202.98603335142,0,0,0,0
130,21,410.31476190476195,305.70024682793036,0,0,0,0
131,15,399.19466666666665,208.52170633187228,0,0,0,0
132,17,395.59235294117644,141.62554432809205,0,0,0,0
133,16,393.4325,214.27622139717226,0,0,0,0
134,25,385.85760000000005,199.34354994892595,0,0,0,0
135,23,371.29,216.81143913347933,0,0,0,0
136,14,321.325,182.0774617632365,0,0,0,0
137,23,388.44000000000005,252.71974252295672,0,0,0,0
138,14,829.9121428571428,1347.7625856379188,1,0,0,1
139,14,256.9164285714286,122.67337565416446,0,0,0,0
140,16,365.991875,165.91815249614606,0,0,0,0
141,22,350.655,271.78347094616606,0,0,0,0
142,24,400.62833333333333,233.1009395745876,0,0,0,0
143,17,371.27588235294115,243.58238939673262,0,0,0,0
144,16,385.21625,256.5228424496296,0,0,0,0
145,26,421.26653846153846,324.37364690623144,0,0,0,0
146,21,422.9609523809524,428.1254793021134,0,0,0,0
147,12,378.535,287.27422614695763,0,0,0,0
148,18,437.90777777777777,301.65695038782707,0,0,0,0
149,20,374.1395,256.7425649648885,0,0,0,0
150,16,391.41125,236.91104865209962,0,0,0,0
151,20,309.9295,175.0604751642986,0,0,0,0
152,22,365.3009090909091,248.07634808863125,0,0,0,0
153,22,309.99954545454545,163.86752017399667,0,0,0,0
154,20,384.6565,258.08223934000193,0,0,0,0
155,16,432.968125,269.8769633837509,0,0,0,0
156,16,365.5975,219.0060612317613,0,0,0,0
157,26,359.8596153846154,233.53618244586977,0,0,0,0
158,19,382.91263157894736,230.32705220465385,0,0,0,0
159,17,431.204705882353,360.98765722940203,0,0,0,0
160,17,288.1870588235294,157.82993046368935,0,0,0,0
161,15,429.728,325.71436927058244,0,0,0,0
162,21,401.2314285714286,264.50086668839396,0,0,0,0
163,22,337.77909090909094,200.60705541179686,0,0,0,0
164,23,373.10869565217394,267.397962193535,0,0,0,0
165,20,432.5825,204.88150043073682,0,0,0,0
166,20,368.4625,249.00880255274114,0,0,0,0
167,16,332.899375,160.1917018164779,0,0,0,0
168,20,468.9085,335.79407334369375,0,0,0,0
169,20,412.8155,288.92055580167704,0,0,0,0
170,18,430.99833333333333,256.28199187288465,0,0,0,0
171,13,568.2515384615385,405.29204985362855,0,0,0,0
172,16,481.555625,255.971240839883,0,0,0,0
173,9,361.3077777777778,215.45694397297294,0,0,0,0
174,15,428.36466666666666,202.0086987521962,0,0,0,0
175,13,345.84923076923076,172.22861360866295,0,0,0,0
176,14,390.9035714285714,220.52545825197814,0,0,0,0
177,19,406.8257894736842,172.91705566590645,0,0,0,0
178,16,356.541875,221.55189127546254,0,0,0,0
179,15,342.6046666666667,296.0400334159029,0,0,0,0
180,25,286.8204,138.49041071438845,0,0,0,0
181,22,447.93545454545455,270.3028998722337,0,0,0,0
182,14,542.325,442.60315747937705,0,0,0,0
183,15,290.5613333333333,200.00349953160548,0,0,0,0
184,17,402.8547058823529,245.86631439529341,0,0,0,0
185,18,584.4594444444444,390.0195733901943,0,0,0,0
186,22,313.14772727272725,201.7180144732159,0,0,0,0
187,23,321.1208695652174,210.7082339430943,0,0,0,0
188,20,470.0705,302.4326768633807,0,0,0,0
189,23,381.5230434782609,213.1309340662557,0,0,0,0
190,14,417.17857142857144,285.3820159730047,0,0,0,0
191,18,331.2994444444445,261.9093396042103,0,0,0,0
192,16,380.365625,264.54349831286606,0,0,0,0
193,16,346.29,125.26058074071028,0,0,0,0
194,18,372.41777777777776,194.17290466533393,0,0,0,0
195,12,416.30916666666667,199.76118047384873,0,0,0,0
196,26,370.6365384615384,221.5124998199409,0,0,0,0
197,16,325.55875,218.34848759709215,0,0,0,0
198,19,390.07947368421054,275.1969654146048,0,0,0,0
199,19,359.6105263157895,161.58303113988964,0,0,0,0
200,27,319.07925925925923,218.54663797419002,0,0,0,0
201,15,426.54466666666667,214.27198167645614,0,0,0,0
202,18,435.5777777777778,202.4610794025348,0,0,0,0
203,13,395.83,267.1845031203949,0,0,0,0
204,15,620.7873333333333,328.5493135074584,0,0,0,0
205,17,404.9841176470588,269.62594462042557,0,0,0,0
206,18,343.3827777777778,146.60382562105383,0,0,0,0
207,20,387.34250000000003,156.96403836149847,0,0,0,0
208,16,382.56,242.32865438800258,0,0,0,0
209,18,487.76944444444445,447.9552924179454,0,0,0,0
210,15,357.3726666666667,261.10902270805485,0,0,0,0
211,25,429.37239999999997,319.6761242542834,0,0,0,0
212,13,379.9453846153846,151.3567833663424,0,0,0,0
213,19,470.4815789473684,257.34795795950663,0,0,0,0
214,22,435.83272727272725,225.26137225215882,0,0,0,0
215,17,334.69882352941175,187.98075796028112,0,0,0,0
216,22,303.3313636363636,202.351174273733,0,0,0,0
217,19,411.97526315789474,199.51519288854112,0,0,0,0
218,18,406.00722222222225,204.9816942451624,0,0,0,0
219,22,465.90909090909093,231.48103285561166,0,0,0,0
220,18,310.6327777777778,221.52608662050403,0,0,0,0
221,24,379.5683333333333,261.49992435732923,0,0,0,0
222,10,440.157,342.4023430717145,0,0,0,0
223,18,331.85833333333335,220.9224475856227,0,0,0,0
224,18,362.5872222222222,233.7443393683116,0,0,0,0
225,10,486.89799999999997,351.3500006489255,0,0,0,0
226,20,329.662,224.44049546817527,0,0,0,0
227,22,413.66499999999996,233.59153548935117,0,0,0,0
228,29,347.67137931034483,228.26326604533568,0,1,0,1
229,21,483.8795238095238,320.40895681072215,0,0,0,0
230,20,230.08499999999998,173.0783251738935,0,0,0,0
231,17,293.1229411764706,176.12337282727515,0,0,0,0
232,19,343.7373684210526,299.23681165753914,0,0,0,0
233,23,420.86304347826086,310.55916328363725,0,0,0,0
234,21,477.4838095238095,446.77503202689206,0,0,0,0
235,21,410.00857142857143,314.69121741320777,0,0,0,0
236,20,313.7735,172.53145809605272,0,0,0,0
237,22,342.96590909090907,209.26292047997885,0,0,0,0
238,24,316.575,190.94396084540966,0,0,0,0
239,18,363.955,298.8209602244201,0,0,0,0
240,23,382.7626086956522,256.01206972595764,0,0,0,0
241,15,415.54866666666663,316.378137800674,0,0,0,0
242,14,479.2057142857143,282.468771237618,0,0,0,0
243,26,374.70576923076925,232.98166786867543,0,0,0,0
244,14,351.0407142857143,197.0829373082845,0,0,0,0
245,18,358.91,254.73358525242708,0,0,0,0
246,21,329.8180952380952,248.85015513488753,0,0,0,0
247,23,388.9308695652174,263.84198553239895,0,0,0,0
248,25,542.5176,354.13748169071283,0,0,0,0
249,18,417.1838888888889,208.24060072529588,0,0,0,0
250,23,352.05652173913046,207.74183090952292,0,0,0,0
251,14,588.0278571428571,281.24565320269073,0,0,0,0
252,20,422.9635,333.841698388248,0,0,0,0
253,17,378.52941176470586,239.88681153142377,0,0,0,0
254,17,347.4676470588235,187.002629441388,0,0,0,0
255,15,400.84000000000003,276.45973662241187,0,0,0,0
256,17,383.52,255.04377783385485,0,0,0,0
257,20,356.4965,248.37697719947792,0,0,0,0
258,27,384.7225925925926,242.19633764231966,0,1,0,1
259,18,422.7388888888889,281.8414288190532,0,0,0,0
260,16,436.379375,283.7512520339943,0,0,0,0
261,14,421.2942857142857,315.74188748122117,0,0,0,0
262,20,379.9855,248.27752748637963,0,0,0,0
263,20,396.758,243.30774238811225,0,0,0,0
264,17,305.40764705882356,133.59866147310325,0,0,0,0
265,26,370.99115384615385,327.34112508474334,0,0,0,0
266,14,451.9578571428571,269.9651888717341,0,0,0,0
267,15,453.252,374.93567923400764,0,0,0,0
268,20,410.54449999999997,202.0349926739178,0,0,0,0
269,20,293.423,153.18460275432386,0,0,0,0
270,19,418.55947368421056,275.2375509967169,0,0,0,0
271,21,432.9414285714286,228.7677562462838,0,0,0,0
272,18,343.54555555555555,225.24847100781406,0,0,0,0
273,15,309.106,143.27358792650284,0,0,0,0
274,22,299.1440909090909,146.64076611846352,0,0,0,0
275,15,422.39000000000004,258.86666127564587,0,0,0,0
276,17,377.2529411764706,213.64557543537902,0,0,0,0
277,14,449.415,342.79106976511844,0,0,0,0
278,10,444.299,261.54051045488154,0,0,0,0
279,22,438.2763636363636,285.13939104083903,0,0,0,0
280,15,400.37600000000003,266.44344362484634,0,0,0,0
281,23,422.52086956521737,278.9382747352672,0,0,0,0
282,18,416.32944444444445,286.46830899909764,0,0,0,0
283,19,479.15157894736836,347.6451386757413,0,0,0,0
284,18,384.81444444444446,236.67041161877938,0,0,0,0
285,17,401.9864705882353,246.77673393387934,0,0,0,0
286,17,431.1194117647059,280.17427604703016,0,0,0,0
287,12,338.7425,199.64692994237768,0,0,0,0
288,14,315.6671428571429,182.1263933735725,0,0,0,0
289,15,337.856,267.95345279357764,0,0,0,0
290,18,375.76444444444445,189.44383340077408,0,0,0,0
291,20,332.6565,262.16278134538857,0,0,0,0
292,21,314.292380952381,163.6003543454295,0,0,0,0
293,16,375.916875,227.93640419859304,0,0,0,0
294,16,371.210625,131.87974595577361,0,0,0,0
295,16,404.413125,306.8069655890889,0,0,0,0
296,14,406.73,208.4803172278586,0,0,0,0
297,21,396.58000000000004,459.0803913622682,0,0,0,0
298,12,457.315,297.0315426151462,0,0,0,0
299,13,519.876923076923,257.37519130293987,0,0,0,0
300,14,359.71714285714285,221.8837090340205,0,0,0,0
301,26,297.73192307692307,185.75990192096458,0,0,0,0
302,17,425.7505882352941,274.4102771285573,0,0,0,0
303,17,291.25882352941176,231.85882874974632,0,0,0,0
304,13,435.7353846153846,384.671789184082,0,0,0,0
305,20,371.84499999999997,175.2978718210806,0,0,0,0
306,23,398.4891304347826,165.5789636636838,0,0,0,0
307,30,383.835,292.1919780412643,0,0,0,0
308,17,373.56235294117647,296.3273282652422,0,0,0,0
309,13,311.8946153846154,261.20475995825973,0,0,0,0
310,16,469.39375,230.68405468505517,0,0,0,0
311,17,446.50470588235294,189.67779407745644,0,0,0,0
312,24,430.8745833333333,267.7886045773663,0,0,0,0
313,19,594.1978947368422,414.86911695870316,0,0,0,0
314,15,469.592,360.0748740507544,0,0,0,0
315,17,380.16764705882355,311.5001799551819,0,0,0,0
316,15,538.1393333333333,320.9367893000462,0,0,0,0
317,15,427.42266666666666,262.48827888667506,0,0,0,0
318,20,479.43,270.97623770360383,0,0,0,0
319,13,289.3030769230769,110.19877413701927,0,0,0,0
320,19,356.19947368421055,244.16095867650145,0,0,0,0
321,18,430.5338888888889,221.41150597771787,0,0,0,0
322,24,389.3570833333333,192.1242351639335,0,0,0,0
323,16,416.340625,248.7137235977528,0,0,0,0
324,19,316.4136842105263,170.02838119779415,0,0,0,0
325,14,254.39785714285716,152.0479977872857,0,0,0,0
326,25,488.14480000000003,343.4547596772535,0,0,0,0
327,15,506.30266666666665,258.17316308934113,0,0,0,0
328,20,296.783,280.51253692304016,0,0,0,0
329,17,463.7182352941177,382.03551857101843,0,0,0,0
330,24,428.37041666666664,279.81811561975945,0,0,0,0
331,19,344.2194736842105,231.24373207946368,0,0,0,0
332,20,350.934,224.06034375587305,0,0,0,0
333,22,472.15318181818185,265.28088387399293,0,0,0,0
334,18,460.1483333333333,269.97743340364997,0,0,0,0
335,15,304.6333333333333,139.74094025095945,0,0,0,0
336,19,308.8873684210526,224.6587368676534,0,0,0,0
337,15,439.44066666666663,335.1649275698294,0,0,0,0
338,25,435.5252,292.1532296740189,0,0,0,0
339,16,369.885625,197.8389757153766,0,0,0,0
340,19,407.1105263157895,287.18270741213695,0,0,0,0
341,20,420.91700000000003,298.25479691196915,0,0,0,0
342,18,314.9061111111111,148.8754330206927,0,0,0,0
343,18,432.5911111111111,179.83582960543916,0,0,0,0
344,18,492.88444444444445,308.68481736090575,0,0,0,0
345,15,345.8293333333333,293.4718660784294,0,0,0,0
346,22,372.3763636363637,256.2266391222187,0,0,0,0
347,25,315.87919999999997,158.49547995876728,0,0,0,0
348,20,355.3855,202.5162628648623,0,0,0,0
349,14,319.4042857142857,135.7445078980722,0,0,0,0
350,18,370.1377777777777,176.53556785329116,0,0,0,0
351,15,413.92466666666667,203.41565383443051,0,0,0,0
352,20,294.664,127.29547829361424,0,0,0,0
353,25,323.0584,176.84954327744242,0,0,0,0
354,24,398.4491666666667,270.01480733959545,0,0,0,0
355,31,503.851935483871,362.4312172378532,0,0,0,0
356,16,451.02,222.68259330827814,0,0,0,0
357,14,434.2078571428571,171.5922982445213,0,0,0,0
358,24,357.23,222.84989056537586,0,0,0,0
359,21,478.8438095238095,315.60228699569984,0,0,0,0
360,25,411.5268,261.0054698694263,0,0,0,0
361,19,317.42052631578946,238.0686526033081,0,0,0,0
362,16,408.86,365.2944025200769,0,0,0,0
363,20,392.9895,226.31183818958735,0,0,0,0
364,10,460.86800000000005,312.6397058532392,0,0,0,0
365,13,379.28153846153845,241.6226779297441,0,0,0,0
366,17,403.574705882353,283.98948980381493,0,0,0,0
367,41,400.85609756097557,326.5891505440187,0,1,0,1
368,20,413.49350000000004,273.02468881540733,0,0,0,0
369,14,482.71500000000003,225.02916403848,0,0,0,0
370,27,424.1748148148148,240.3500747654981,0,0,0,0
371,15,289.3546666666667,159.8070913681729,0,0,0,0
372,14,353.49357142857144,187.65677387214672,0,0,0,0
373,30,396.4223333333333,219.56492699098266,0,0,0,0
374,24,326.615,220.23398865373466,0,0,0,0
375,26,412.94576923076926,284.1438130618567,0,0,0,0
376,21,384.6661904761905,276.9699049918633,0,0,0,0
377,16,331.316875,193.85503748673747,0,0,0,0
378,19,365.7210526315789,231.98245929368156,0,0,0,0
379,27,410.2851851851852,294.9199237755573,0,0,0,0
380,17,367.0629411764706,249.746210281904,0,0,0,0
381,17,428.5247058823529,271.5222169247612,0,0,0,0
382,14,362.4042857142857,222.90669328264704,0,0,0,0
383,16,420.678125,196.9977484077784,0,0,0,0
384,19,475.8457894736842,425.4617049044087,0,0,0,0
385,31,388.4451612903226,352.32142708933316,0,0,0,0
386,16,421.486875,268.1883971837417,0,0,0,0
387,20,430.564,258.1104820498384,0,0,0,0
388,21,297.4995238095238,188.17918258116683,0,0,0,0
389,17,333.99823529411765,234.94222642111262,0,0,0,0
390,20,376.8665,252.64488804001166,0,0,0,0
391,16,488.676875,373.6408930329821,0,0,0,0
392,16,328.008125,249.52542483729863,0,0,0,0
393,15,877.3013333333333,2142.5103224297945,0,0,0,0
394,25,560.762,460.81460712091166,0,0,0,0
395,16,388.908125,303.9483675564559,0,0,0,0
396,15,503.75466666666665,384.4504650166983,0,0,0,0
397,19,493.99842105263156,249.41737362486995,0,0,0,0
398,22,455.24227272727273,264.18526797980616,0,0,0,0
399,23,338.8421739130435,188.13734451092347,0,0,0,0
400,20,481.837,210.81243991045687,0,0,0,0
401,19,403.0626315789474,292.0214704406817,0,0,0,0
402,16,326.935625,194.01397410910732,0,0,0,0
403,15,297.9386666666667,198.39476343447728,0,0,0,0
404,16,494.59375,146.62617066348517,0,0,0,0
405,20,327.1955,207.384048096159,0,0,0,0
406,23,846.7382608695652,2120.9101460840325,0,0,0,0
407,17,419.57000000000005,260.51845546005774,0,0,0,0
408,18,547.9811111111111,280.195733330369,0,0,0,0
409,20,664.988,1357.3839961764688,0,0,0,0
410,25,367.11519999999996,187.07226785646236,0,0,0,0
411,16,462.43375,315.4146710061812,0,0,0,0
412,15,586.9426666666666,793.3540348710798,0,0,0,0
413,17,500.9958823529412,245.61296488243266,0,0,0,0
414,18,359.5177777777778,239.27451996853497,0,0,0,0
415,13,423.67153846153843,366.99408800197637,0,0,0,0
416,24,425.79749999999996,258.053839832085,0,0,0,0
417,20,457.4545,235.19704639886535,0,0,0,0
418,14,287.35785714285714,148.79212494419238,0,0,0,0
419,20,466.154,331.17364316020075,0,0,0,0
420,11,373.8945454545455,155.29361190184432,0,0,0,0
421,16,294.005625,145.89920094746702,0,0,0,0
422,21,428.93666666666667,217.87757436849355,0,0,0,0
423,20,336.662,192.89790788393748,0,0,0,0
424,23,449.4717391304348,269.04208394990144,0,0,0,0
425,22,401.5690909090909,340.8467196810839,0,0,0,0
426,19,423.03526315789475,298.9532481908803,0,0,0,0
427,19,331.7942105263158,203.10569608524395,0,0,0,0
428,30,441.492,340.09607499842355,0,0,0,0
429,10,486.98400000000004,383.88054507098946,0,0,0,0
430,21,495.9442857142857,307.91196149875964,0,0,0,0
431,12,527.265,329.60840972028205,0,0,0,0
432,14,281.59857142857146,110.11950721551439,0,0,0,0
433,24,475.09833333333336,234.84537671388998,0,0,0,0
434,12,396.6333333333334,257.94862138073586,0,0,0,0
435,19,469.8821052631579,271.9861864831984,0,0,0,0
436,14,267.265,155.43462152254608,0,0,0,0
437,17,478.52588235294115,311.2309539281801,0,0,0,0
438,24,377.04583333333335,287.5513474279661,0,0,0,0
439,17,396.4647058823529,280.1175902055431,0,0,0,0
440,23,473.9586956521739,276.31512637478977,0,0,0,0
441,15,315.39866666666666,270.892071420007,0,0,0,0
442,19,429.29894736842107,351.88864684419605,0,0,0,0
443,16,340.005,199.02826702506354,0,0,0,0
444,19,543.8742105263158,327.2903700211591,0,0,0,0
445,22,353.50636363636363,198.63018228368418,0,0,0,0
446,21,503.7161904761905,256.29509492131456,0,0,0,0
447,17,345.5064705882353,254.28425590135924,0,0,0,0
448,19,403.9784210526316,256.10449025561,0,0,0,0
449,20,461.587,352.44824191787364,0,0,0,0
450,33,437.45060606060605,300.3007743452554,0,0,0,0
451,18,408.79555555555555,294.12300584812436,0,0,0,0
452,25,400.264,239.7965162549281,0,0,0,0
453,24,427.36125,295.03646436094,0,0,0,0
454,22,358.80454545454546,221.50155034809927,0,0,0,0
455,11,451.0763636363636,220.658615359182,0,0,0,0
456,9,606.6766666666667,234.78393263215887,0,0,0,0
457,20,428.5275,298.3405444768612,0,0,0,0
458,15,360.778,144.3959876266188,0,0,0,0
459,22,428.9786363636364,332.54207298127847,0,0,0,0
460,12,371.3675,293.8911344110548,0,0,0,0
461,26,339.8707692307692,236.69203611644133,0,0,0,0
462,16,366.135625,228.74868076036927,0,0,0,0
463,16,507.96000000000004,324.85029875313336,0,0,0,0
464,18,557.175,419.04192149407254,0,0,0,0
465,15,351.04266666666666,267.124703199752,0,0,0,0
466,21,351.8885714285714,232.82309534608163,0,0,0,0
467,20,329.986,207.64939073833085,0,0,0,0
468,22,369.27590909090907,222.55853333569854,0,0,0,0
469,22,409.7622727272728,251.09677357421407,0,0,0,0
470,24,394.07874999999996,234.18816395355583,0,0,0,0
471,20,467.0655,269.08928558147755,0,0,0,0
472,15,286.4933333333333,115.74138422458174,0,0,0,0
473,11,375.4627272727273,161.25096127075892,0,0,0,0
474,16,472.32375,228.32656768527286,0,0,0,0
475,18,438.75944444444445,343.995372586322,0,0,0,0
476,15,388.572,326.52408689508144,0,0,0,0
477,15,399.56066666666663,190.83993703159268,0,0,0,0
478,24,416.97375000000005,319.0228269760188,0,0,0,0
479,18,256.8183333333334,164.1203603812356,0,0,0,0
480,17,425.4011764705882,235.0944800783758,0,0,0,0
481,13,353.4915384615385,296.7377216653986,0,0,0,0
482,21,445.8033333333334,402.4504654800132,0,0,0,0
483,19,380.8884210526316,275.61330886556016,0,0,0,0
484,13,398.27846153846156,292.6547898869708,0,0,0,0
485,10,413.09799999999996,314.6052640309759,0,0,0,0
486,13,394.4623076923077,238.96391684983115,0,0,0,0
487,15,337.1806666666667,232.91141622132264,0,0,0,0
488,24,384.0820833333333,168.2817870660987,0,0,0,0
489,13,314.64153846153846,261.5663126641312,0,0,0,0
490,19,354.73526315789474,225.81305251930996,0,0,0,0
491,13,383.1753846153846,256.54527678411216,0,0,0,0
492,13,392.97769230769234,454.9671894366728,0,0,0,0
493,13,372.4030769230769,211.15398465737363,0,0,0,0
494,19,401.19947368421055,328.8061758844,0,0,0,0
495,19,426.15684210526314,269.98884345473925,0,0,0,0
496,18,402.5388888888889,295.0742206611168,0,0,0,0
497,15,337.1706666666667,180.49762160821453,0,0,0,0
498,14,327.94357142857143,301.3941521995775,0,0,0,0
499,27,456.16481481481475,497.8420493703419,0,0,0,0
500,20,481.71750000000003,327.779920402013,0,0,0,0
501,15,422.106,310.2810745501568,0,0,0,0
502,23,442.1308695652174,259.9076865034808,0,0,0,0
503,23,405.01130434782607,206.18858544513054,0,0,0,0
504,17,419.7494117647059,248.00405951304126,0,0,0,0
505,23,428.74869565217386,305.4665774260512,0,0,0,0
506,22,389.57000000000005,205.13208788928694,0,0,0,0
507,16,359.53999999999996,310.7682125998411,0,0,0,0
508,17,327.8794117647059,197.12106153238418,0,0,0,0
509,19,439.71578947368425,280.72700836288743,0,0,0,0
510,20,793.765,1555.277387781678,0,0,0,0
511,20,472.24350000000004,293.45708831573637,0,0,0,0
512,11,482.98545454545456,235.79648468208705,0,0,0,0
513,18,565.8416666666667,396.4983918455548,0,0,0,0
514,15,455.57866666666666,243.57542390716597,0,0,0,0
515,23,391.3073913043478,244.4519693592782,0,0,0,0
516,15,343.0366666666667,220.59243947958768,0,0,0,0
517,20,296.212,252.73696572919448,0,0,0,0
518,13,336.00615384615384,199.37046014270723,0,0,0,0
519,15,328.2726666666667,228.89185133206948,0,0,0,0
520,15,333.098,146.12415457183442,0,0,0,0
521,14,485.5992857142857,276.2556841164225,0,0,0,0
522,15,334.08933333333334,239.7027500736879,0,0,0,0
523,19,406.9742105263158,248.10082874584825,0,0,0,0
524,11,477.00181818181824,194.0501773824201,0,0,0,0
525,18,372.88388888888886,240.79834004454824,0,0,0,0
526,19,362.22,262.2294817822539,0,0,0,0
527,22,400.75045454545455,287.79959140594644,0,0,0,0
528,16,384.3775,190.502614040464,0,0,0,0
529,21,467.39571428571423,280.8265795582651,0,0,0,0
530,19,370.99052631578945,221.9882823003736,0,0,0,0
531,11,382.53909090909093,158.3991917136485,0,0,0,0
532,20,338.28049999999996,181.68078812783162,0,0,0,0
533,14,324.00928571428574,205.46197845914685,0,0,0,0
534,26,479.73807692307696,389.8394770831394,0,0,0,0
535,14,321.0392857142857,185.56918434390238,0,0,0,0
536,15,376.816,188.51201198862645,0,0,0,0
537,23,370.0908695652174,229.55378090913382,0,0,0,0
538,20,467.043,248.18755144245242,0,0,0,0
539,11,395.49545454545455,204.10657721189935,0,0,0,0
540,18,326.84555555555556,169.38500842827528,0,0,0,0
541,25,383.6764,266.1436627670101,0,0,0,0
542,17,378.70529411764704,205.081639098925,0,0,0,0
543,15,453.3066666666667,260.8253367208706,0,0,0,0
544,15,265.0126666666667,165.88095166782173,0,0,0,0
545,21,398.37380952380954,223.98134172879307,0,0,0,0
546,18,353.7611111111111,227.1508768513143,0,0,0,0
547,10,261.02799999999996,135.12470224204014,0,0,0,0
548,22,349.5763636363636,176.08784203927763,0,0,0,0
549,21,489.5995238095238,323.6057258672333,0,0,0,0
550,9,393.12333333333333,188.23316852598893,0,0,0,0
551,13,384.5630769230769,193.29124570827216,0,0,0,0
552,28,365.1646428571429,192.71333943528919,0,0,0,0
553,10,286.5,143.9752609304807,0,0,0,0
554,12,498.5491666666667,289.5186527513766,0,0,0,0
555,21,458.6047619047619,226.6271400890531,0,0,0,0
556,18,460.68722222222215,353.11882730582283,0,0,0,0
557,22,401.4509090909091,222.39838404639158,0,0,0,0
558,14,461.3557142857143,253.3228750517603,0,0,0,0
559,18,378.9133333333333,211.02999560357404,0,0,0,0
560,22,374.1045454545454,205.88803258362796,0,0,0,0
561,10,545.736,322.32005730950095,0,0,0,0
562,23,414.7421739130435,245.35391014962224,0,0,0,0
563,13,313.4646153846154,362.10501618719536,0,0,0,0
564,17,352.6535294117647,141.7207057370309,0,0,0,0
565,17,293.01235294117646,198.84073909507435,0,0,0,0
566,19,478.85105263157897,245.51911377827767,0,0,0,0
567,21,348.3823809523809,203.75751760375707,0,0,0,0
568,23,423.4004347826087,286.0237243197214,0,0,0,0
569,18,491.84833333333336,303.4340263137935,0,0,0,0
570,17,515.7888235294117,312.9132004976376,0,0,0,0
571,13,563.0761538461538,358.5795069981736,0,0,0,0
572,17,361.7629411764706,297.43339366624605,0,0,0,0
573,12,599.2466666666667,298.9576495741309,0,0,0,0
574,26,549.1419230769231,322.0939729097134,0,0,0,0
575,21,399.4838095238095,234.52873101435105,0,0,0,0
576,19,426.77684210526314,214.52538647595838,0,0,0,0
577,18,556.7661111111112,334.63132154222905,0,0,0,0
578,15,367.27066666666667,234.54056514717357,0,0,0,0
579,22,348.2259090909091,202.04114375450382,0,0,0,0
580,15,556.3199999999999,259.47439765803495,0,0,0,0
581,14,366.7471428571429,211.81307326537336,0,0,0,0
582,13,292.3223076923077,199.50704765472653,0,0,0,0
583,22,413.3331818181818,221.04624465536546,0,0,0,0
584,20,489.70200000000006,269.8706322407089,0,0,0,0
585,20,744.8679999999999,1765.1551966855493,1,0,0,1
586,15,371.534,158.3854906991167,0,0,0,0
587,20,495.7775,359.7813515160979,0,0,0,0
588,20,459.80150000000003,324.465070743755,0,0,0,0
589,20,411.2865,190.51808778368002,0,0,0,0
590,19,364.3773684210526,214.13128953105547,0,0,0,0
591,12,365.2716666666667,252.93078166543677,0,0,0,0
592,20,421.84049999999996,474.44357641847154,0,0,0,0
593,22,356.11454545454546,224.7700164355329,0,0,0,0
594,17,606.2494117647059,1174.254310217493,1,0,0,1
595,22,384.87227272727273,299.81046358008825,0,0,0,0
596,24,416.67375,260.3765521127127,0,0,0,0
597,18,358.065,225.961565617056,0,0,0,0
598,12,294.03416666666664,180.28710225906966,0,0,0,0
599,29,417.1896551724138,271.2246010544075,0,0,0,0
600,18,394.5183333333333,255.80259474945822,0,0,0,0
601,29,505.8624137931034,283.81650571251714,0,0,0,0
602,15,446.84866666666665,269.91257900455275,0,0,0,0
603,20,428.8705,286.8516496810678,0,0,0,0
604,13,396.85,289.0709814082134,0,0,0,0
605,27,397.93555555555554,181.74573236282276,0,0,0,0
606,13,317.9676923076923,169.245546840807,0,0,0,0
607,25,406.5748,238.79441613438118,0,0,0,0
608,16,469.09875,358.2145491335291,0,0,0,0
609,18,265.84777777777776,142.42549887009378,0,0,0,0
610,21,370.24857142857144,232.237847481243,0,0,0,0
611,16,493.885625,220.65678241243648,0,0,0,0
612,22,429.70909090909095,270.5741401321724,0,0,0,0
613,17,343.5129411764706,142.15410278429647,0,0,0,0
614,20,370.9195,336.9153394916147,0,0,0,0
615,21,298.2961904761905,229.98259069673674,0,0,0,0
616,22,408.5854545454545,257.6130785028246,0,0,0,0
617,19,288.6284210526316,181.06531102174614,0,0,0,0
618,24,340.7716666666667,206.0005453606589,0,0,0,0
619,17,558.4323529411765,342.4534833079636,0,0,0,0
620,17,312.3552941176471,211.37891597562685,0,0,0,0
621,17,343.83,228.34735903108358,0,0,0,0
622,14,291.62357142857144,151.41274986922062,0,0,0,0
623,19,330.6121052631579,186.25134818527096,0,0,0,0
624,22,392.0195454545455,233.05805777798787,0,0,0,0
625,19,421.70684210526315,308.3649620353783,0,0,0,0
626,24,464.65875,355.71011463353716,0,0,0,0
627,18,319.2161111111111,181.0183573606368,0,0,0,0
628,24,491.44166666666666,264.45352532260864,0,0,0,0
629,12,264.73583333333335,234.70371199515685,0,0,0,0
630,21,346.80333333333334,298.0542592235008,0,0,0,0
631,20,460.52250000000004,289.4275888866678,0,0,0,0
632,14,313.13571428571424,204.66630519368033,0,0,0,0
633,20,354.9945,213.15130523820395,0,0,0,0
634,27,492.10407407407405,341.6388006984296,0,0,0,0
635,23,341.88695652173914,260.2334658229327,0,0,0,0
636,16,383.463125,251.60925265475512,0,0,0,0
637,17,358.2017647058824,270.5185603121464,0,0,0,0
638,27,370.4877777777778,258.4932477280357,0,0,0,0
639,14,454.9957142857143,331.4025786759379,0,0,0,0
640,18,361.9166666666667,202.28346112434517,0,0,0,0
641,15,354.262,208.40912008834923,0,0,0,0
642,25,489.0356,253.45651380984472,0,0,0,0
643,21,478.04190476190473,322.3473687930468,0,0,0,0
644,17,459.8164705882353,309.2178599579187,0,0,0,0
645,18,400.3277777777778,325.4266419393941,0,0,0,0
646,20,396.5705,237.04867275466873,0,0,0,0
647,13,350.4923076923077,189.40985573227368,0,0,0,0
648,14,512.7907142857142,242.84141778606673,0,0,0,0
649,15,422.3066666666667,358.16812688394754,0,0,0,0
650,19,426.1926315789474,261.6322166875943,0,0,0,0
651,15,409.3806666666667,214.29578202309273,0,0,0,0
652,16,430.37625,298.79847671288,0,0,0,0
653,22,519.0836363636364,194.20832487412383,0,0,0,0
654,21,355.5161904761905,251.2541698204314,0,0,0,0
655,15,438.7286666666667,230.31834669623873,0,0,0,0
656,20,442.56450000000007,302.8754137178354,0,0,0,0
657,17,405.91705882352943,239.36084789103282,0,0,0,0
658,23,409.37347826086955,292.51486650601566,0,0,0,0
659,15,344.44066666666663,216.1592902303505,0,0,0,0
660,16,307.51437500000003,231.16778068020065,0,0,0,0
661,25,408.41720000000004,318.91169568418144,0,0,0,0
662,11,309.12545454545455,166.67338950848733,0,0,0,0
663,13,266.1476923076923,158.09082059440718,0,0,0,0
664,28,460.55285714285714,289.53797720132803,0,0,0,0
665,17,469.2147058823529,252.38806024518132,0,0,0,0
666,21,315.14190476190475,145.0149332743437,0,0,0,0
667,18,328.58444444444444,220.2835792342382,0,0,0,0
668,18,392.86555555555555,251.19010795770302,0,0,0,0
669,6,379.41166666666663,165.03103671902318,0,0,0,0
670,11,422.7872727272727,259.7422882953904,0,0,0,0
671,17,328.2505882352941,153.61985305485476,0,0,0,0
672,19,426.89736842105265,365.6097239413131,0,0,0,0
673,17,446.49529411764706,415.751495333417,0,0,0,0
674,17,452.05764705882353,402.83962271573756,0,0,0,0
675,17,599.9952941176471,399.49354731029206,0,0,0,0
676,14,313.45285714285717,212.55075808678095,0,0,0,0
677,21,410.8547619047619,347.05988258675734,0,0,0,0
678,23,308.95,200.84105043324791,0,0,0,0
679,18,373.16333333333336,261.7867082187329,0,0,0,0
680,15,517.6953333333333,514.4684798490791,0,0,0,0
681,11,397.0618181818182,205.7365773736442,0,0,0,0
682,19,397.77473684210526,250.9365951447208,0,0,0,0
683,14,485.25357142857143,300.04128610212354,0,0,0,0
684,16,361.404375,238.71673338836,0,0,0,0
685,19,400.56263157894733,266.5259768882439,0,0,0,0
686,21,408.2861904761905,245.79779119617018,0,0,0,0
687,21,397.97285714285715,309.87199729262795,0,0,0,0
688,20,421.8385,291.6847786442584,0,0,0,0
689,23,366.8369565217391,248.12008692206985,0,0,0,0
690,19,407.52,258.2913235904475,0,0,0,0
691,17,378.5764705882353,212.5966656243744,0,0,0,0
692,14,504.54785714285714,187.64156664002363,0,0,0,0
693,12,421.8258333333333,191.1072565977168,0,0,0,0
694,18,413.6222222222222,202.07394165270728,0,0,0,0
695,13,482.33923076923077,299.08270905094867,0,0,0,0
696,28,393.52964285714285,271.23118475207696,0,0,0,0
697,16,369.269375,204.82013787921187,0,0,0,0
698,23,350.4265217391304,197.51908047861886,0,0,0,0
699,15,476.364,285.82324351015734,0,0,0,0
700,17,434.76588235294116,229.38312682340054,0,0,0,0
701,15,430.3513333333333,276.71064417225125,0,0,0,0
702,15,369.95533333333333,125.63100614453771,0,0,0,0
703,23,449.1134782608696,277.20096972050555,0,0,0,0
704,16,482.80562499999996,275.6702213462843,0,0,0,0
705,19,415.8863157894737,298.0950972638469,0,0,0,0
706,25,382.876,246.8725231855502,0,0,0,0
707,15,479.3013333333334,329.70680277819895,0,0,0,0
708,21,346.10333333333335,193.2826511154641,0,0,0,0
709,17,557.7464705882353,953.8524057238574,1,0,0,1
710,21,468.9428571428571,311.30101529736464,0,0,0,0
711,18,397.78,218.57532566346305,0,0,0,0
712,20,445.02799999999996,323.38754159058146,0,0,0,0
713,20,398.793,217.83894782843586,0,0,0,0
714,22,362.91136363636366,200.17174522020863,0,0,0,0
715,24,410.69458333333336,274.56443031006955,0,0,0,0
716,16,386.1725,260.8628981021448,0,0,0,0
717,17,399.03882352941173,236.64621707823574,0,0,0,0
718,20,347.029,237.10591717416085,0,0,0,0
719,17,396.35705882352937,236.19724274340038,0,0,0,0
720,12,446.58,268.64827234384626,0,0,0,0
721,25,444.94120000000004,249.89949805984,0,0,0,0
722,23,315.26565217391305,207.9972351159482,0,0,0,0
723,18,338.76166666666666,253.13479516850308,0,0,0,0
724,16,406.508125,235.4286987130803,0,0,0,0
725,12,395.56666666666666,220.05728494088888,0,0,0,0
726,20,428.54800000000006,158.1356384120922,0,0,0,0
727,18,373.8772222222222,211.68099895848405,0,0,0,0
728,20,538.962,312.46663413235024,0,0,0,0
729,16,404.1175,286.2243896076119,0,0,0,0
730,15,394.15333333333336,281.2876973886739,0,0,0,0
731,22,338.4318181818182,198.22085154595447,0,0,0,0
732,23,438.9365217391304,194.19545216115554,0,0,0,0
733,16,383.87874999999997,310.53736033034335,0,0,0,0
734,24,366.3433333333333,242.84102528998042,0,0,0,0
735,16,411.006875,293.7861400900056,0,0,0,0
736,22,346.71500000000003,196.9598058153444,0,0,0,0
737,20,522.4575,386.40491191074415,0,0,0,0
738,21,377.68666666666667,254.94412430464118,0,0,0,0
739,20,348.7215,267.8108441657096,0,0,0,0
740,23,354.3191304347826,225.54119049064963,0,0,0,0
741,22,337.7713636363637,180.99954305053947,0,0,0,0
742,16,342.92375,245.37135621020948,0,0,0,0
743,21,416.89952380952377,318.0031184255033,0,0,0,0
744,26,379.91923076923075,290.05121729317824,0,0,0,0
745,14,389.8071428571429,265.89831991701993,0,0,0,0
746,23,294.6308695652174,219.68106745744817,0,1,0,1
747,28,369.56964285714287,187.46734950922868,0,0,0,0
748,11,472.59909090909093,250.26195103438556,0,0,0,0
749,15,455.21199999999993,334.2922972729106,0,0,0,0
750,16,387.93875,206.7532739122587,0,0,0,0
751,19,372.1515789473684,248.0190843731515,0,0,0,0
752,22,288.1068181818182,117.31030344527063,0,1,0,1
753,22,435.93000000000006,232.15514361971577,0,0,0,0
754,32,357.78375,239.9306562549636,0,0,0,0
755,20,441.4235,499.70783328135843,0,0,0,0
756,12,339.3591666666667,283.31237266953036,0,0,0,0
757,20,374.4585,266.63273062913714,0,0,0,0
758,25,396.342,219.941503441256,0,0,0,0
759,19,469.01736842105265,259.6654799594056,0,0,0,0
760,16,478.7175,205.47889427809858,0,0,0,0
761,20,359.7955,307.67254384288174,0,0,0,0
762,9,488.94,259.06565079574364,0,0,0,0
763,12,295.43916666666667,150.6474465132822,0,0,0,0
764,38,268.0278947368421,234.5219916201093,0,1,0,1
765,18,411.525,386.6826765686993,0,0,0,0
766,19,391.2657894736842,207.7942229407127,0,0,0,0
767,17,398.90470588235297,237.81649391464558,0,0,0,0
768,12,436.9041666666667,274.42428960335405,0,0,0,0
769,12,470.3458333333333,246.95058684071242,0,0,0,0
770,16,330.449375,160.1555004311728,0,0,0,0
771,20,358.1145,265.4522579386922,0,0,0,0
772,18,538.2677777777777,391.7236747384785,0,0,0,0
773,19,381.7915789473684,200.04619732933685,0,0,0,0
774,21,363.03238095238095,181.61745859294373,0,0,0,0
775,22,516.710909090909,188.96483270485456,0,0,0,0
776,25,403.23479999999995,226.81392498909773,0,0,0,0
777,26,380.5719230769231,283.2689779916883,0,0,0,0
778,24,406.1275,217.76528921161122,0,0,0,0
779,15,480.7486666666666,255.79261831587107,0,0,0,0
780,15,382.37399999999997,245.98535993835083,0,0,0,0
781,20,399.9525,216.34115914164371,0,0,0,0
782,21,447.85714285714283,262.12534170366916,0,0,0,0
783,14,340.7092857142857,162.10535971857865,0,0,0,0
784,29,430.3468965517241,236.61300438076682,0,0,0,0
785,12,466.15749999999997,476.7295606897234,0,0,0,0
786,20,440.34399999999994,233.8218898520838,0,0,0,0
787,18,480.3222222222223,319.6126564479704,0,0,0,0
788,17,424.69705882352946,197.26219132576716,0,0,0,0
789,20,442.896,393.2009651361501,0,0,0,0
790,17,455.3535294117647,296.24058005259207,0,0,0,0
791,18,374.94444444444446,253.348438041415,0,0,0,0
792,20,403.8395,240.27726624620573,0,0,0,0
793,16,386.32,232.56496398855964,0,0,0,0
794,18,452.94888888888886,213.29864069184237,0,0,0,0
795,20,274.8405,152.72958015639927,0,0,0,0
796,12,459.17083333333335,239.21031650893644,0,0,0,0
797,22,386.67681818181813,234.86951879300537,0,0,0,0
798,21,347.04333333333335,236.68461125129068,0,0,0,0
799,13,374.2923076923077,261.6769153321544,0,0,0,0
800,21,351.32428571428574,231.89204576948399,0,0,0,0
801,17,338.6276470588235,166.322094267486,0,0,0,0
802,17,391.5423529411765,279.37348799494856,0,0,0,0
803,17,300.9664705882353,243.20467448925723,0,0,0,0
804,18,318.06055555555554,195.05703779698854,0,0,0,0
805,17,366.0494117647059,241.0665297106024,0,0,0,0
806,30,317.95533333333333,224.8917128861997,0,1,0,1
807,13,373.00461538461536,292.31348569157694,0,0,0,0
808,11,396.0890909090909,302.72396023303736,0,0,0,0
809,21,410.4471428571428,282.5304740603907,0,0,0,0
810,20,387.0745,312.5658901651778,0,0,0,0
811,28,386.44392857142856,234.19694055796117,0,0,0,0
812,18,419.1644444444444,220.5352082301958,0,0,0,0
813,24,443.12166666666667,259.1528838296464,0,0,0,0
814,14,341.1492857142857,211.88180213992234,0,0,0,0
815,19,534.3221052631578,292.7025027958189,0,0,0,0
816,26,391.57538461538456,240.03013114111602,0,0,0,0
817,24,301.31583333333333,200.40258747324654,0,0,0,0
818,14,440.565,315.57347527387117,0,0,0,0
819,21,409.3176190476191,301.66971205363245,0,0,0,0
820,20,328.2445,216.46150321650728,0,0,0,0
821,18,306.71666666666664,240.3198733863774,0,0,0,0
822,17,475.0705882352941,387.5101397150879,0,0,0,0
823,25,307.6116,241.39741762794398,0,0,0,0
824,14,353.25857142857143,251.79633898555917,0,0,0,0
825,24,325.0183333333333,185.27813690203408,0,0,0,0
826,19,360.3357894736842,211.0252036161057,0,0,0,0
827,20,313.361,176.357192620545,0,0,0,0
828,21,314.2157142857143,160.4110006788048,0,0,0,0
829,18,468.1833333333333,284.64158944968756,0,0,0,0
830,16,521.465,248.73106812378697,0,0,0,0
831,24,358.115,240.2726973322881,0,0,0,0
832,24,455.43291666666664,234.31786669819505,0,0,0,0
833,18,426.5377777777778,457.2473593819087,0,0,0,0
834,13,576.7507692307693,495.8231955734211,0,0,0,0
835,18,414.75444444444446,231.51091006742405,0,0,0,0
836,19,374.8831578947368,270.94231483652584,0,0,0,0
837,19,343.9078947368421,287.1067679925829,0,0,0,0
838,20,392.098,254.77200561678669,0,0,0,0
839,24,350.97291666666666,245.55473447005608,0,0,0,0
840,10,439.217,236.97784972650925,0,0,0,0
841,17,427.6264705882353,286.97251067247,0,0,0,0
842,23,377.8191304347826,264.4230033555925,0,0,0,0
843,11,416.8636363636364,265.5149427492556,0,0,0,0
844,19,385.39157894736843,191.26642691786753,0,0,0,0
845,18,356.7733333333333,210.1094541476472,0,0,0,0
846,12,347.52500000000003,212.29500188417052,0,0,0,0
847,20,380.085,252.66017906468767,0,0,0,0
848,15,390.07,263.0663876666876,0,0,0,0
849,34,367.1376470588235,181.91428993539503,0,1,0,1
850,15,386.25466666666665,277.50966183460275,0,0,0,0
851,19,358.3773684210526,251.7109652347124,0,0,0,0
852,20,372.61400000000003,274.4107067226058,0,0,0,0
853,14,446.86571428571426,340.4572043111247,0,0,0,0
854,22,280.89090909090913,175.69977000836317,0,0,0,0
855,21,439.25904761904764,294.0689524892769,0,0,0,0
856,21,459.1966666666666,273.1138987123162,0,0,0,0
857,18,453.69722222222225,256.2427965991446,0,0,0,0
858,22,454.2981818181818,302.743379443208,0,0,0,0
859,20,401.802,270.83796489044875,0,0,0,0
860,16,326.1025,174.31299322267972,0,0,0,0
861,16,356.421875,265.48590259698227,0,0,0,0
862,20,410.6235,280.7085320982424,0,0,0,0
863,27,341.6462962962963,176.42925419110833,0,0,0,0
864,13,455.5269230769231,244.95642188214168,0,0,0,0
865,24,352.4704166666666,251.9266400078796,0,0,0,0
866,20,306.78000000000003,163.70859775833398,0,0,0,0
867,13,344.02846153846156,253.51617186608263,0,0,0,0
868,18,335.05888888888893,203.42652934956607,0,0,0,0
869,20,392.058,225.53041836080567,0,0,0,0
870,13,329.8130769230769,249.04653122179695,0,0,0,0
871,17,386.0111764705882,312.33771183433817,0,0,0,0
872,15,444.8373333333333,248.37292607331875,0,0,0,0
873,23,450.3917391304348,341.06030924867446,0,0,0,0
874,17,372.30529411764707,182.70710408666937,0,0,0,0
875,17,434.56529411764706,354.29314696959545,0,0,0,0
876,15,414.3806666666667,271.6070498954121,0,0,0,0
877,21,417.7142857142857,243.6219099649414,0,0,0,0
878,11,491.59272727272725,304.6371464274689,0,0,0,0
879,13,389.85615384615386,133.07847907494053,0,0,0,0
880,24,236.525,127.24897599457007,0,0,0,0
881,18,402.18611111111113,259.5936764582272,0,0,0,0
882,25,487.0456,341.79776180753436,0,0,0,0
883,21,380.4061904761905,192.34687033675561,0,0,0,0
884,22,376.77409090909094,278.2037266539999,0,0,0,0
885,20,329.5865,180.09856491030123,0,0,0,0
886,20,389.611,259.86409149592026,0,0,0,0
887,26,339.64730769230766,301.16460857500516,0,0,0,0
888,17,374.22764705882355,199.4735052295951,0,0,0,0
889,18,462.1244444444444,237.18878445056328,0,0,0,0
890,30,344.1616666666667,201.2374443302129,0,0,0,0
891,17,891.7123529411765,2117.2022953820297,0,0,0,0
892,20,429.54449999999997,289.0004613573308,0,0,0,0
893,19,413.0557894736842,295.5543778681146,0,0,0,0
894,20,416.51099999999997,260.3749453173251,0,0,0,0
895,15,377.528,210.47423846162258,0,0,0,0
896,25,407.38879999999995,228.18073835133424,0,0,0,0
897,20,390.011,230.28537756227595,0,0,0,0
898,21,460.67904761904765,394.7650927529381,0,0,0,0
899,14,309.3121428571429,164.4382449509572,0,0,0,0
900,16,434.878125,263.4292075970969,0,0,0,0
901,25,413.52,282.2527045893449,0,0,0,0
902,17,441.7429411764706,245.88044547669924,0,0,0,0
903,21,407.9480952380952,218.4339008578818,0,0,0,0
904,23,522.7952173913044,396.9285760071195,0,0,0,0
905,13,471.15384615384613,267.14610129862143,0,0,0,0
906,16,255.06562499999998,175.5107631303829,0,0,0,0
907,21,389.5342857142857,219.4780299357769,0,0,0,0
908,11,477.3427272727273,389.5000099916187,0,0,0,0
909,20,411.282,267.81278790602966,0,0,0,0
910,21,438.7047619047619,406.87996521285,0,0,0,0
911,18,400.0472222222222,205.97203517860697,0,0,0,0
912,22,415.23954545454546,203.20935676554384,0,0,0,0
913,13,370.0938461538462,209.00800604976686,0,0,0,0
914,15,490.82,308.6261201302747,0,0,0,0
915,15,424.53799999999995,291.20976133364763,0,0,0,0
916,18,388.7061111111111,209.0275728260346,0,0,0,0
917,16,470.67312499999997,260.6013337148994,0,0,0,0
918,21,297.5885714285714,154.24724676977036,0,0,0,0
919,22,395.1240909090909,277.88628082298,0,0,0,0
920,22,454.1918181818182,219.85872194406124,0,0,0,0
921,18,446.09277777777777,283.17997482569984,0,0,0,0
922,23,413.47043478260866,253.29763516083574,0,0,0,0
923,17,409.13352941176475,292.1419228417257,0,0,0,0
924,25,392.0184,240.10967175322202,0,0,0,0
925,21,393.2528571428571,210.6387090356796,0,0,0,0
926,19,388.0684210526316,277.9071662162548,0,0,0,0
927,22,425.5918181818182,223.13722821366233,0,0,0,0
928,22,414.02000000000004,274.7771507967866,0,0,0,0
929,22,316.69863636363635,209.8119950920446,0,0,0,0
930,19,513.5200000000001,327.2538515072293,0,0,0,0
931,20,379.1835,323.7011369037032,0,0,0,0
932,16,326.20437499999997,197.27965664155386,0,0,0,0
933,5,418.82,212.23118724636112,0,0,0,0
934,16,344.79625,152.40158754401972,0,0,0,0
935,25,313.312,236.8008505727967,0,0,0,0
936,17,515.0247058823529,305.1430709590589,0,0,0,0
937,18,341.9977777777778,190.6649524268962,0,0,0,0
938,9,1169.7611111111112,2426.472382100972,0,0,0,0
939,24,382.58625,211.43549289741028,0,0,0,0
940,22,553.9181818181819,311.739610742339,0,0,0,0
941,13,349.2830769230769,258.7029426071715,0,0,0,0
942,18,317.7494444444444,215.87745467876044,0,0,0,0
943,19,220.80052631578948,90.57851566305877,0,0,0,0
944,18,323.10555555555555,253.5491520225576,0,0,0,0
945,24,493.5004166666667,232.40176753629274,0,0,0,0
946,22,276.79136363636366,133.3708973057484,0,0,0,0
947,24,345.22125,222.73630014571978,0,0,0,0
948,19,351.21578947368425,232.7394666352054,0,0,0,0
949,19,413.80315789473684,249.20138934842552,0,0,0,0
950,19,461.37368421052633,338.79225295950016,0,0,0,0
951,16,388.508125,287.3432864671356,0,0,0,0
952,16,487.01687499999997,343.0809620504822,0,0,0,0
953,29,443.23241379310343,325.1799685124529,0,0,0,0
954,25,360.7164,257.3460971358221,0,0,0,0
955,24,429.28416666666664,274.77023581707726,0,0,0,0
956,16,463.305,301.92037698290585,0,0,0,0
957,22,363.0163636363636,169.39465333264206,0,0,0,0
958,16,413.70625,306.93767353639976,0,0,0,0
959,16,364.378125,181.63702889343443,0,0,0,0
960,32,286.0471875,159.63772997858257,0,0,0,0
961,8,332.2825,272.97686782720257,0,0,0,0
962,20,394.058,265.5321419263589,0,0,0,0
963,11,443.1709090909091,333.5207520176913,0,0,0,0
964,17,370.6617647058824,231.86551683440507,0,0,0,0
965,17,357.305294117647,242.54890219154834,0,0,0,0
966,25,366.8,218.41205854988863,0,0,0,0
967,19,379.1921052631579,281.72858429008267,0,0,0,0
968,13,552.6153846153846,311.7514792911761,0,0,0,0
969,20,471.467,278.0870479022711,0,0,0,0
970,17,341.4582352941176,232.4297042684037,0,0,0,0
971,15,366.15999999999997,200.2286635824152,0,0,0,0
972,20,404.26,293.52933390037873,0,0,0,0
973,21,373.9842857142857,252.43981207354727,0,0,0,0
974,17,323.30411764705883,227.73247563647035,0,0,0,0
975,18,354.2372222222222,198.34666341213912,0,0,0,0
976,26,363.92615384615385,299.5917368825182,0,0,0,0
977,17,473.8529411764706,344.66482379543424,0,0,0,0
978,10,399.86499999999995,310.8057221561405,0,0,0,0
979,16,366.86,268.79367968294935,0,0,0,0
980,21,324.58000000000004,185.76544347772588,0,0,0,0
981,17,305.4435294117647,216.89683088133583,0,0,0,0
982,18,260.5777777777778,158.16314683668867,0,0,0,0
983,16,429.74875,278.6009372039827,0,0,0,0
984,16,437.7325,290.8852363153723,0,0,0,0
985,22,406.89045454545453,242.8093102243231,0,0,0,0
986,28,326.6075,228.4906784066912,0,0,0,0
987,20,412.87399999999997,223.48924370984847,0,0,0,0
988,16,317.80375,276.5169941403919,0,0,0,0
989,16,474.57937499999997,332.45788181491406,0,0,0,0
990,22,418.0359090909091,232.76505047831714,0,0,0,0
991,12,342.55750000000006,181.3967379403958,0,0,0,0
992,21,346.54571428571427,209.9269253261019,0,0,0,0
993,21,517.46,991.970338995889,0,0,0,0
994,27,372.2725925925926,183.69387180230834,0,0,0,0
995,15,412.85066666666665,321.343805115677,0,0,0,0
996,19,707.3926315789473,1153.7805295674148,0,0,0,0
997,23,363.70695652173913,269.4958870773482,0,0,0,0
998,27,336.80333333333334,257.1969500855975,0,0,0,0
999,14,353.84285714285716,159.5723385189557,0,0,0,0
1000,22,380.67727272727274,310.66028700146836,0,0,0,0
1001,15,408.2633333333333,247.4941729594636,0,0,0,0
1002,25,352.418,179.39113554465283,0,0,0,0
1003,23,389.92347826086956,335.89463707238417,0,0,0,0
1004,17,532.6117647058824,332.54089783390543,0,0,0,0
1005,23,337.264347826087,326.25550771064565,0,0,0,0
1006,14,411.89142857142855,251.1102274715555,0,0,0,0
1007,19,458.34,304.4917737027252,0,0,0,0
1008,14,774.0514285714286,1892.5854403013927,0,0,0,0
1009,24,310.31666666666666,166.60759743247672,0,0,0,0
1010,25,830.6727999999999,2233.294110856911,0,0,0,0
1011,27,378.58259259259256,287.0372533905995,0,0,0,0
1012,15,369.95733333333334,327.65887504062647,0,0,0,0
1013,24,347.78875,220.6343213953898,0,0,0,0
1014,18,367.045,251.33576986551054,0,0,0,0
1015,16,366.169375,278.3158558964246,0,0,0,0
1016,22,279.3259090909091,209.18568955615166,0,0,0,0
1017,17,385.0141176470588,269.1282354316886,0,0,0,0
1018,16,338.15125,194.21984768796798,0,0,0,0
1019,15,408.74399999999997,208.36501973859887,0,0,0,0
1020,19,441.0210526315789,355.98172540166246,0,0,0,0
1021,16,400.619375,303.10418251132626,0,0,0,0
1022,21,426.0009523809524,260.43798579837,0,0,0,0
1023,17,377.15470588235297,199.66037938334614,0,0,0,0
1024,15,297.36133333333333,241.17885318760614,0,0,0,0
1025,20,327.4355,224.1572243197841,0,0,0,0
1026,13,345.2484615384616,222.31796594573387,0,0,0,0
1027,16,452.615625,227.89232158436,0,0,0,0
1028,15,425.622,266.59943056203247,0,0,0,0
1029,13,358.2123076923077,207.6342251006227,0,0,0,0
1030,15,441.1666666666667,246.21172841456774,0,0,0,0
1031,22,404.2263636363636,203.92627746644706,0,0,0,0
1032,25,395.15840000000003,261.33108696333846,0,0,0,0
1033,19,437.25842105263155,231.73657245522645,0,0,0,0
1034,16,396.3275,243.01776065495713,0,0,0,0
1035,27,372.5285185185185,222.24473454919513,0,0,0,0
1036,19,325.0978947368421,173.0697873411323,0,0,0,0
1037,18,336.24555555555554,231.5775256851777,0,0,0,0
1038,17,429.30999999999995,274.5649017884801,0,0,0,0
1039,23,455.3208695652174,377.3993686074883,0,0,0,0
1040,24,320.1658333333333,185.73912933459184,0,0,0,0
1041,24,394.9145833333334,274.3987813684547,0,0,0,0
1042,20,437.1835,359.11106715436944,0,0,0,0
1043,15,464.18333333333334,248.5336980952259,0,0,0,0
1044,19,405.9189473684211,212.57801935920233,0,0,0,0
1045,23,419.13913043478266,351.09239040350025,0,0,0,0
1046,21,338.2161904761905,208.5267881723773,0,0,0,0
1047,21,491.02,335.67131175203724,0,0,0,0
1048,24,429.1583333333333,309.089607081111,0,0,0,0
1049,29,366.9172413793104,203.18494393203906,0,0,0,0
1050,12,366.5291666666667,252.02800431229636,0,0,0,0
1051,7,274.33714285714285,160.73364984295213,0,0,0,0
1052,20,335.0795,264.8924896344742,0,0,0,0
1053,13,406.08076923076925,264.45274239634335,0,0,0,0
1054,26,317.3538461538462,179.3546032751217,0,0,0,0
1055,17,517.67,309.2434254377458,0,0,0,0
1056,15,419.16866666666664,312.34693347551143,0,0,0,0
1057,12,413.9291666666666,198.112508037661,0,0,0,0
1058,17,440.2088235294118,210.42183648377403,0,0,0,0
1059,18,606.4911111111111,370.2217104038079,0,0,0,0
1060,8,543.86375,409.23730743718545,0,0,0,0
1061,18,474.68888888888887,192.18844022032386,0,0,0,0
1062,17,387.3194117647059,222.50378528096968,0,0,0,0
1063,15,377.71733333333333,181.48207116100727,0,0,0,0
1064,15,337.09066666666666,240.86587929016062,0,0,0,0
1065,14,437.5164285714286,297.97800493150356,0,0,0,0
1066,17,482.2082352941177,272.42467920154047,0,0,0,0
1067,17,385.69588235294117,229.04998927947437,0,0,0,0
1068,13,370.6907692307692,341.8557540038812,0,0,0,0
1069,21,446.28476190476187,353.90382579262644,0,0,0,0
1070,20,314.481,175.27776079411785,0,0,0,0
1071,25,390.2192,242.60301880924732,0,0,0,0
1072,24,359.78458333333333,266.30131926352345,0,0,0,0
1073,28,334.8671428571429,244.88203572415878,0,0,0,0
1074,18,405.92,159.5024319912116,0,0,0,0
1075,19,418.0736842105263,278.3619202104855,0,0,0,0
1076,11,498.0345454545455,231.7367471689152,0,0,0,0
1077,20,454.57250000000005,391.028276533488,0,0,0,0
1078,18,362.4538888888889,226.51562440931792,0,0,0,0
1079,20,727.464,1016.9795125783016,1,0,0,1
1080,17,524.9852941176471,318.3957929650683,0,0,0,0
1081,17,897.9082352941177,1717.7760613970177,1,0,0,1
1082,20,302.774,206.91374104684303,0,0,0,0
1083,25,424.7704,225.98284898602384,0,0,0,0
1084,25,377.25840000000005,300.7465585994958,0,0,0,0
1085,16,348.469375,175.64229532165467,0,0,0,0
1086,21,442.13952380952384,309.52194177898014,0,0,0,0
1087,10,358.40700000000004,199.55513679432053,0,0,0,0
1088,16,399.96125,241.23158066666457,0,0,0,0
1089,14,423.8121428571429,268.3208543138119,0,0,0,0
1090,20,422.971,215.4477127959357,0,0,0,0
1091,23,382.634347826087,268.0814518959893,0,0,0,0
1092,12,370.08,365.1384696248809,0,0,0,0
1093,17,314.4935294117647,188.93379764728599,0,0,0,0
1094,21,401.4257142857143,244.1507723005724,0,0,0,0
1095,17,448.7423529411765,248.24587431035127,0,0,0,0
1096,26,461.96576923076924,323.4583412146476,0,0,0,0
1097,20,421.71899999999994,260.49968061208835,0,0,0,0
1098,18,316.8694444444444,171.7691864577522,0,0,0,0
1099,24,450.91833333333335,230.97391706400285,0,0,0,0
1100,18,290.18833333333333,182.64196323986204,0,0,0,0
1101,19,428.12315789473683,247.06529362972762,0,0,0,0
1102,18,327.70444444444445,188.43690754385503,0,0,0,0
1103,19,364.8378947368421,226.3975416125349,0,0,0,0
1104,26,464.6157692307692,274.26205182372956,0,0,0,0
1105,23,310.9426086956522,254.71707611143762,0,0,0,0
1106,13,388.3546153846154,206.42217481564646,0,0,0,0
1107,18,426.98555555555555,191.87787583721703,0,0,0,0
1108,17,387.72352941176473,240.2905533611383,0,0,0,0
1109,20,546.455,327.8746982537688,0,0,0,0
1110,21,245.51380952380953,211.23335598509442,0,0,0,0
1111,17,534.9047058823529,289.92581801958454,0,0,0,0
1112,17,316.4752941176471,200.6099674996424,0,0,0,0
1113,17,384.7894117647059,377.7226410923385,0,0,0,0
1114,24,403.1575,310.32881415323004,0,0,0,0
1115,21,406.6333333333333,291.0248272232414,0,0,0,0
1116,22,514.2104545454545,353.38963385112163,0,0,0,0
1117,19,423.21631578947364,256.9509542021084,0,0,0,0
1118,20,414.33900000000006,233.9236846259907,0,0,0,0
1119,16,284.989375,145.76307593440592,0,0,0,0
1120,17,302.9905882352941,131.53351299509353,0,0,0,0
1121,13,413.34000000000003,195.75860609827205,0,0,0,0
1122,16,377.1825,215.84513743943822,0,0,0,0
1123,22,322.37863636363636,230.5274326269979,0,0,0,0
1124,20,270.373,182.70928947647954,0,0,0,0
1125,22,461.8213636363636,228.16361574129314,0,0,0,0
1126,21,667.2504761904762,888.7712119147113,1,0,0,1
1127,19,390.01157894736843,257.7640143775567,0,0,0,0
1128,19,411.3221052631579,264.14200992287124,0,0,0,0
1129,17,431.9288235294118,274.0375601968021,0,0,0,0
1130,16,356.886875,238.02135888189613,0,0,0,0
1131,21,312.2095238095238,242.24901294164616,0,0,0,0
1132,18,316.82,171.09299949962235,0,0,0,0
1133,20,416.09049999999996,221.3989991277061,0,0,0,0
1134,24,428.39750000000004,249.65113131878653,0,0,0,0
1135,24,435.66833333333335,307.4570062039388,0,0,0,0
1136,25,475.1528,335.0041161839061,0,0,0,0
1137,17,296.81823529411764,235.71878510171183,0,0,0,0
1138,11,565.19,267.4151835629381,0,0,0,0
1139,13,352.29692307692306,205.2108009747206,0,0,0,0
1140,21,423.7085714285714,196.61591822118368,0,0,0,0
1141,12,385.90166666666664,175.11501719504878,0,0,0,0
1142,18,333.9294444444444,167.61381600679,0,0,0,0
1143,24,310.63875,189.3996906085228,0,0,0,0
1144,21,444.05047619047616,189.71888018795926,0,0,0,0
1145,17,487.2858823529412,329.64587280825396,0,0,0,0
1146,19,344.43,180.21844227726007,0,0,0,0
1147,20,322.245,219.10601930344131,0,0,0,0
1148,20,432.889,178.1734920491822,0,0,0,0
1149,15,407.3693333333333,294.9755368719394,0,0,0,0
1150,15,318.61066666666665,202.16438988990024,0,0,0,0
1151,9,436.01222222222225,431.5033583435109,0,0,0,0
1152,14,411.7942857142857,257.0462911260006,0,0,0,0
1153,15,360.276,214.80709481765257,0,0,0,0
1154,12,481.7525,351.471262128333,0,0,0,0
1155,17,304.96352941176474,188.6117143121777,0,0,0,0
1156,15,370.80933333333337,212.64357093398223,0,0,0,0
1157,23,373.3047826086957,260.12688350227256,0,0,0,0
1158,20,473.25,302.15570818702065,0,0,0,0
1159,21,376.86238095238093,247.6711437697897,0,0,0,0
1160,16,449.89937499999996,208.24765255185804,0,0,0,0
1161,16,784.293125,1704.587381508054,1,0,0,1
1162,17,353.3382352941176,205.2164991141076,0,0,0,0
1163,17,515.384705882353,363.50913544823766,0,0,0,0
1164,19,397.9294736842105,272.0324044450294,0,0,0,0
1165,21,357.88619047619045,254.34516166359057,0,0,0,0
1166,19,419.30578947368423,216.68127211998407,0,0,0,0
1167,14,475.89,254.70879678005397,0,0,0,0
1168,18,354.5577777777778,189.3915538582423,0,0,0,0
1169,22,365.0609090909091,185.07065070863882,0,0,0,0
1170,18,348.9122222222222,221.07873453077383,0,0,0,0
1171,17,352.68764705882353,170.48686175115608,0,0,0,0
1172,13,296.42846153846153,168.57501420144607,0,0,0,0
1173,8,366.22625,198.9429818401179,0,0,0,0
1174,14,423.4421428571428,341.9871591402764,0,0,0,0
1175,19,473.83526315789476,193.626931450213,0,0,0,0
1176,23,497.4934782608696,237.6538257654295,0,0,0,0
1177,12,375.04749999999996,232.25877927881086,0,0,0,0
1178,19,382.4242105263158,205.61774463452142,0,0,0,0
1179,18,361.9977777777778,281.2146381632434,0,0,0,0
1180,19,390.8773684210526,296.88320276254854,0,0,0,0
1181,20,681.1205,1194.5114372515443,1,0,0,1
1182,9,229.2288888888889,156.84872049522005,0,0,0,0
1183,11,317.3190909090909,186.76933140566464,0,0,0,0
1184,19,411.6336842105263,278.5774438333843,0,0,0,0
1185,21,601.7028571428572,800.9703806612318,1,0,0,1
1186,20,378.503,287.70408379270526,0,0,0,0
1187,18,349.685,186.96191555887646,0,0,0,0
1188,21,444.3309523809524,399.9264556902902,0,0,0,0
1189,13,456.79615384615386,291.7080611353772,0,0,0,0
1190,18,323.1333333333333,267.77702527787307,0,0,0,0
1191,23,339.41913043478263,345.4055023719354,0,0,0,0
1192,21,379.15666666666664,317.52036238166545,0,0,0,0
1193,23,434.9269565217391,280.69730211114677,0,0,0,0
1194,12,428.11083333333335,272.0833276914241,0,0,0,0
1195,26,300.62615384615384,220.47365872797462,0,0,0,0
1196,22,388.2013636363636,188.99149738679822,0,0,0,0
1197,19,407.35526315789474,188.20204703759543,0,0,0,0
1198,22,366.57545454545453,284.7455746918845,0,0,0,0
1199,15,480.23466666666667,320.4351231657077,0,0,0,0
1200,16,579.463125,219.23792294898337,0,0,0,0
1201,15,384.764,237.65893485693596,0,0,0,0
1202,24,462.78041666666667,342.885363696566,0,0,0,0
1203,18,350.1044444444444,259.1773254447452,0,0,0,0
1204,22,397.09090909090907,205.099477790858,0,0,0,0
1205,21,488.5980952380952,321.63291707900925,0,0,0,0
1206,17,454.54352941176467,215.31355589523199,0,0,0,0
1207,18,316.34222222222223,173.01757786599975,0,0,0,0
1208,17,396.4676470588235,252.8657836628057,0,0,0,0
1209,21,412.2128571428571,272.8732777253916,0,0,0,0
1210,16,502.6075,341.7617454912852,0,0,0,0
1211,22,670.6559090909091,1027.6956509618942,1,0,0,1
1212,12,351.69666666666666,213.69776887516213,0,0,0,0
1213,25,328.6128,230.42474864510535,0,0,0,0
1214,27,354.82074074074075,220.77182544555455,0,0,0,0
1215,26,346.90923076923076,214.09889529990352,0,0,0,0
1216,15,360.32866666666666,279.95907748256514,0,0,0,0
1217,18,340.7972222222222,188.9181340276951,0,0,0,0
1218,23,387.4586956521739,214.95962915827684,0,0,0,0
1219,13,522.3607692307692,458.17761865664045,0,0,0,0
1220,26,318.5180769230769,187.2519217734234,0,0,0,0
1221,20,290.322,197.63965757408104,0,0,0,0
1222,21,310.7509523809524,219.90045719662206,0,0,0,0
1223,19,424.08894736842103,340.51390901176256,0,0,0,0
1224,18,312.685,210.47871964880437,0,0,0,0
1225,17,317.88588235294117,191.7292588386282,0,0,0,0
1226,19,431.8457894736842,210.82104804326576,0,0,0,0
1227,11,537.63,249.4592352925169,0,0,0,0
1228,21,319.53761904761905,174.12103666305455,0,0,0,0
1229,14,390.88500000000005,256.1968922737242,0,0,0,0
1230,18,340.3316666666667,174.84898913856418,0,0,0,0
1231,23,381.25130434782614,246.02969872521564,0,0,0,0
1232,24,449.39625,297.74682887777465,0,0,0,0
1233,15,284.7646666666667,199.05252318141783,0,0,0,0
1234,22,376.0831818181818,198.1028060327714,0,0,0,0
1235,11,457.58363636363634,243.5854558754475,0,0,0,0
1236,21,288.3342857142857,231.6408107922475,0,0,0,0
1237,17,399.46941176470585,223.77562913278027,0,0,0,0
1238,15,448.44466666666665,221.80817492799693,0,0,0,0
1239,21,383.55285714285714,249.89369932686438,0,0,0,0
1240,18,421.7344444444445,243.89939185433323,0,0,0,0
1241,18,322.94888888888886,234.21382165517267,0,0,0,0
1242,14,494.3692857142857,284.8636919767641,0,0,0,0
1243,23,378.15478260869565,196.71739000225824,0,0,0,0
1244,10,309.121,166.54302449817592,0,0,0,0
1245,20,367.857,191.13293808498838,0,0,0,0
1246,18,317.40055555555557,238.09455835100056,0,0,0,0
1247,16,400.534375,250.65146483635274,0,0,0,0
1248,15,354.07,293.07379789625224,0,0,0,0
1249,22,293.15409090909094,150.37595376132478,0,0,0,0
1250,18,319.55611111111114,212.57748287098846,0,0,0,0
1251,20,399.7715,209.72259928951385,0,0,0,0
1252,18,349.0566666666667,188.54084812345334,0,0,0,0
1253,21,338.86619047619047,142.56629259922397,0,0,0,0
1254,28,372.85035714285715,268.1308372322595,0,0,0,0
1255,19,373.1394736842105,261.29031547855135,0,0,0,0
1256,20,494.02200000000005,263.80417217322395,0,0,0,0
1257,14,414.40928571428566,329.2722103901331,0,0,0,0
1258,15,667.524,248.7219781951996,0,0,0,0
1259,13,380.77153846153846,185.68281896603023,0,0,0,0
1260,20,306.677,148.76370458213253,0,0,0,0
1261,20,455.49899999999997,310.8708957895544,0,0,0,0
1262,18,457.7755555555555,285.14332423892495,0,0,0,0
1263,17,372.1794117647059,201.58043490117808,0,0,0,0
1264,22,501.14772727272725,340.5460463182865,0,0,0,0
1265,31,357.2341935483871,272.95843696105203,0,1,0,1
1266,19,454.19000000000005,245.27623724669024,0,0,0,0
1267,14,331.63642857142855,275.09239548110133,0,0,0,0
1268,18,525.9050000000001,285.4486744534332,0,0,0,0
1269,16,379.268125,227.033753526286,0,0,0,0
1270,11,478.58818181818185,210.45587729403823,0,0,0,0
1271,14,433.6114285714285,348.9930091575136,0,0,0,0
1272,25,339.13160000000005,192.7339056560624,0,0,0,0
1273,18,366.0838888888889,252.4222868998802,0,0,0,0
1274,18,383.6355555555555,255.06203733867974,0,0,0,0
1275,24,388.1720833333333,262.6797307714467,0,0,0,0
1276,18,327.6111111111111,249.46101933054015,0,0,0,0
1277,20,376.0575,267.74852307482485,0,0,0,0
1278,12,446.6483333333333,221.7121259965023,0,0,0,0
1279,35,370.8054285714286,211.58111938913444,0,1,0,1
1280,20,531.4939999999999,391.424603907317,0,0,0,0
1281,23,357.67826086956524,256.2273619718674,0,0,0,0
1282,18,405.44111111111107,253.57726602203502,0,0,0,0
1283,16,366.6325,287.28292068751665,0,0,0,0
1284,17,341.5005882352941,371.78890899621405,0,0,0,0
1285,21,397.8652380952381,242.85783402796133,0,0,0,0
1286,16,489.68625,333.70515247136586,0,0,0,0
1287,20,431.971,213.98483326862205,0,0,0,0
1288,23,438.49782608695654,286.88576256907436,0,0,0,0
1289,22,453.0377272727273,340.6865854142166,0,0,0,0
1290,20,310.5725,219.49181720225923,0,0,0,0
1291,19,357.6578947368421,349.732280655375,0,0,0,0
1292,16,332.97875,131.25509879977045,0,0,0,0
1293,16,458.655,306.43339661743795,0,0,0,0
1294,22,363.59727272727275,248.94299154227366,0,0,0,0
1295,17,482.4882352941176,258.05147473814776,0,0,0,0
1296,29,439.41689655172416,340.9092473746363,0,0,0,0
1297,17,464.7335294117647,248.45656784474488,0,0,0,0
1298,20,339.8305,240.31529051383734,0,0,0,0
1299,21,358.4995238095238,389.51420900149316,0,0,0,0
1300,15,446.6573333333333,165.44944345495867,0,0,0,0
1301,19,288.3515789473684,193.12796759125277,0,0,0,0
1302,19,366.82736842105265,212.40010914959296,0,0,0,0
1303,22,404.54636363636365,222.6939010583698,0,0,0,0
1304,22,429.48454545454547,271.8548403890856,0,0,0,0
1305,15,399.16866666666664,234.26323728850184,0,0,0,0
1306,18,463.6177777777778,263.1757054929812,0,0,0,0
1307,16,303.326875,284.75447056891727,0,0,0,0
1308,23,407.5386956521739,293.61046195233564,0,0,0,0
1309,25,375.3036,245.79275608333128,0,0,0,0
1310,23,368.5221739130435,259.0563892275616,0,0,0,0
1311,8,430.07125,287.86776701454005,0,0,0,0
1312,21,447.4033333333333,318.3821214969348,0,0,0,0
1313,20,433.26599999999996,199.72589422506047,0,0,0,0
1314,21,444.18571428571425,229.89165780700196,0,0,0,0
1315,17,342.20411764705887,184.296772818409,0,0,0,0
1316,9,479.6555555555555,283.1209684573839,0,0,0,0
1317,17,436.52588235294115,205.13387155590752,0,0,0,0
1318,22,399.9218181818182,259.2299099892947,0,0,0,0
1319,14,292.1564285714286,152.3315305794354,0,0,0,0
1320,19,550.6731578947368,413.38982050274393,0,0,0,0
1321,22,382.44909090909096,249.80043296252396,0,0,0,0
1322,18,377.7738888888889,191.47796647653132,0,0,0,0
1323,18,443.08944444444444,312.6515615660529,0,0,0,0
1324,14,455.8464285714286,323.6120334952938,0,0,0,0
1325,18,487.3638888888888,320.0101360224372,0,0,0,0
1326,19,342.1136842105263,191.44983499080263,0,0,0,0
1327,17,411.90588235294115,318.9116104366228,0,0,0,0
1328,20,473.296,297.75711829274553,0,0,0,0
1329,16,370.7975,175.80533081721381,0,0,0,0
1330,13,458.44692307692304,191.26551574606822,0,0,0,0
1331,21,340.2033333333334,184.38656454342586,0,0,0,0
1332,17,421.444705882353,234.7298109621469,0,0,0,0
1333,23,369.3408695652174,233.94406304505026,0,0,0,0
1334,21,451.0995238095238,261.08428220415516,0,0,0,0
1335,17,347.59,191.73263780587806,0,0,0,0
1336,20,410.71549999999996,209.2106085616837,0,0,0,0
1337,20,315.9685,240.5309118029323,0,0,0,0
1338,12,435.71583333333336,400.5716661110371,0,0,0,0
1339,21,354.51714285714286,180.65985313481767,0,0,0,0
1340,13,447.94461538461536,292.0204367878645,0,0,0,0
1341,21,391.4771428571429,271.37728392393484,0,0,0,0
1342,10,390.986,245.85035847848576,0,0,0,0
1343,19,420.3578947368421,252.90703160978566,0,0,0,0
1344,18,318.21333333333337,267.0939654878035,0,0,0,0
1345,27,256.18,178.61547577179638,0,1,0,1
1346,23,480.62739130434784,277.98699291149813,0,0,0,0
1347,19,382.3747368421053,268.644397384318,0,0,0,0
1348,19,443.29263157894735,235.15357738344682,0,0,0,0
1349,20,373.154,187.09586706819584,0,0,0,0
1350,15,426.75600000000003,317.9667194283074,0,0,0,0
1351,18,368.51222222222225,303.36642754551525,0,0,0,0
1352,15,510.7966666666667,282.0191970219206,0,0,0,0
1353,20,290.85450000000003,235.68173884446372,0,0,0,0
1354,14,296.3,177.05366478637404,0,0,0,0
1355,22,317.20045454545453,199.86337050088792,0,0,0,0
1356,24,306.93416666666667,175.84034052980812,0,0,0,0
1357,16,316.598125,217.42785462133043,0,0,0,0
1358,22,401.2586363636364,329.9350818004746,0,0,0,0
1359,23,321.78565217391304,163.19198996823363,0,0,0,0
1360,23,439.2908695652174,305.9320773140316,0,0,0,0
1361,19,352.95105263157893,237.56770996906252,0,0,0,0
1362,21,385.0952380952381,278.73958224596953,0,0,0,0
1363,19,435.9110526315789,304.89295198038445,0,0,0,0
1364,18,353.9583333333333,211.3715622166069,0,0,0,0
1365,8,459.98625,162.4456756070703,0,0,0,0
1366,12,429.75083333333333,210.2653235976843,0,0,0,0
1367,17,384.88,233.56453329168946,0,0,0,0
1368,14,290.8857142857143,176.42676310235782,0,0,0,0
1369,12,445.9591666666667,377.9017450444478,0,0,0,0
1370,17,408.5394117647059,277.539152224152,0,0,0,0
1371,18,454.80333333333334,323.21424384179323,0,0,0,0
1372,17,479.66588235294114,303.3211471663971,0,0,0,0
1373,27,425.2962962962963,312.803096829751,0,0,0,0
1374,20,463.29049999999995,275.3805550774239,0,0,0,0
1375,19,432.7815789473684,189.28776511920333,0,0,0,0
1376,16,457.73312500000003,383.24386437878474,0,0,0,0
1377,17,386.295294117647,345.9708678847303,0,0,0,0
1378,15,543.8926666666666,334.1309980524938,0,0,0,0
1379,11,427.83363636363634,364.87569495459013,0,0,0,0
1380,15,373.7973333333333,238.18559759052513,0,0,0,0
1381,15,386.2853333333333,217.10867174041883,0,0,0,0
1382,14,361.8178571428571,228.32531651066182,0,0,0,0
1383,25,354.6664,193.88296946106436,0,0,0,0
1384,23,326.66478260869565,261.61081657051545,0,0,0,0
1385,19,337.1668421052632,176.54880521149562,0,0,0,0
1386,24,356.31791666666663,183.20988733278853,0,0,0,0
1387,29,345.39724137931034,211.70310690953173,0,1,0,1
1388,13,449.1469230769231,280.5655907238535,0,0,0,0
1389,24,452.14916666666664,177.43037892641783,0,0,0,0
1390,19,370.30789473684206,213.93485008239867,0,0,0,0
1391,17,254.11235294117645,136.6221525198954,0,0,0,0
1392,18,472.5005555555556,231.36832075651867,0,0,0,0
1393,18,297.99888888888887,210.74495857655077,0,0,0,0
1394,23,316.2865217391304,207.9591088068224,0,0,0,0
1395,28,428.84250000000003,181.1877470948889,0,0,0,0
1396,17,557.1617647058823,390.75712136426364,0,0,0,0
1397,14,324.61428571428576,230.28228641989702,0,0,0,0
1398,17,294.6123529411765,199.4005614638804,0,0,0,0
1399,22,574.2968181818183,342.14851289497017,0,0,0,0
1400,21,289.4147619047619,143.781604281303,0,0,0,0
1401,15,355.8586666666667,205.58792610029948,0,0,0,0
1402,18,327.15555555555557,186.21208995903996,0,0,0,0
1403,13,459.23923076923074,344.1308578357844,0,0,0,0
1404,20,395.1385,226.90597667921836,0,0,0,0
1405,20,419.988,231.59556169322414,0,0,0,0
1406,14,440.61285714285714,267.36636994497087,0,0,0,0
1407,16,355.019375,139.9521586323675,0,0,0,0
1408,12,277.9825,175.0190845843675,0,0,0,0
1409,23,351.0417391304348,216.50686290261552,0,0,0,0
1410,12,415.81916666666666,217.81351934083173,0,0,0,0
1411,18,292.11888888888893,120.83050529513038,0,0,0,0
1412,26,395.63230769230773,189.4912786161875,0,0,0,0
1413,14,349.89142857142855,184.27078257891273,0,0,0,0
1414,20,320.7335,269.4390919721004,0,0,0,0
1415,19,385.6147368421053,200.08990296123392,0,0,0,0
1416,23,308.0882608695652,147.0980691698473,0,0,0,0
1417,28,362.5239285714286,331.6437078546287,0,0,0,0
1418,20,431.547,293.05839447284217,0,0,0,0
1419,18,444.8205555555556,250.13116169260348,0,0,0,0
1420,19,323.5,172.37743383267096,0,0,0,0
1421,19,404.5047368421053,249.72544554219246,0,0,0,0
1422,19,359.42578947368423,326.150425955099,0,0,0,0
1423,13,338.2584615384615,186.56891079318717,0,0,0,0
1424,19,394.3331578947368,336.4850208608282,0,0,0,0
1425,19,486.06789473684216,306.9700821454917,0,0,0,0
1426,28,324.0110714285714,263.5093718899805,0,0,0,0
1427,15,367.03266666666667,189.1806439171009,0,0,0,0
1428,17,378.29,234.64837839276223,0,0,0,0
1429,18,305.3644444444445,197.47330076134406,0,0,0,0
1430,20,510.264,352.0433625478543,0,0,0,0
1431,24,434.87083333333334,261.94143825348743,0,0,0,0
1432,21,342.38,201.8618693680456,0,0,0,0
1433,20,433.72950000000003,322.66182822693787,0,0,0,0
1434,19,424.59578947368425,340.44633203017145,0,0,0,0
1435,18,334.415,175.08255818486185,0,0,0,0
1436,27,409.7374074074074,218.97977502741273,0,0,0,0
1437,20,386.3115,239.1850473017701,0,0,0,0
1438,23,431.07217391304346,261.48660133529376,0,0,0,0
1439,11,1066.2327272727273,1867.0890705932925,0,0,0,0
1440,14,318.30785714285713,155.31698128015364,0,0,0,0
1441,17,417.3376470588235,248.4399368181943,0,0,0,0
1442,16,792.488125,1578.3469545311432,0,0,0,0
1443,14,353.8528571428571,262.16911587829753,0,0,0,0
1444,20,482.14399999999995,315.5794865228094,0,0,0,0
1445,14,440.17214285714283,340.242315672198,0,0,0,0
1446,16,346.79,317.46429446868507,0,0,0,0
1447,20,393.1025,251.3753953527473,0,0,0,0
1448,18,267.8611111111111,178.85718054385956,0,0,0,0
1449,11,419.73545454545456,334.17463160241766,0,0,0,0
1450,28,416.20392857142855,226.70902314167395,0,0,0,0
1451,19,393.04842105263157,254.33752570495267,0,0,0,0
1452,16,308.415,224.91186576634854,0,0,0,0
1453,16,366.585,172.22421421652655,0,0,0,0
1454,11,319.92545454545456,173.38479331263773,0,0,0,0
1455,16,366.29125,256.76345310117154,0,0,0,0
1456,11,428.0954545454546,190.04751063226436,0,0,0,0
1457,19,428.44473684210527,245.7635705385932,0,0,0,0
1458,15,450.24133333333333,321.48330455077894,0,0,0,0
1459,19,371.1168421052632,215.7768397662302,0,0,0,0
1460,19,363.63684210526316,220.6962064885774,0,0,0,0
1461,21,278.2866666666667,213.6176831304743,0,0,0,0
1462,14,393.33714285714285,166.39356166410192,0,0,0,0
1463,20,464.54799999999994,314.5256273119887,0,0,0,0
1464,23,375.37086956521745,234.7364931876304,0,0,0,0
1465,17,356.4547058823529,211.09018513471352,0,0,0,0
1466,18,385.09833333333336,181.92904637217467,0,0,0,0
1467,12,409.97333333333336,249.49409563265326,0,0,0,0
1468,21,306.50190476190477,157.82497718974426,0,0,0,0
1469,16,336.71125,196.20572401420276,0,0,0,0
1470,20,338.52599999999995,215.65273196507388,0,0,0,0
1471,25,458.5776,375.499891156096,0,0,0,0
1472,18,552.9088888888889,412.1808706932335,0,0,0,0
1473,23,421.04869565217393,232.54113087897503,0,0,0,0
1474,23,355.6534782608696,293.5481569056162,0,0,0,0
1475,9,359.78111111111116,150.3313363832218,0,0,0,0
1476,16,367.54625,271.83194323136036,0,0,0,0
1477,13,309.6484615384615,164.85659366417903,0,0,0,0
1478,23,306.60086956521735,155.0099045338449,0,0,0,0
1479,19,486.2294736842106,361.7774822278072,0,0,0,0
1480,18,444.7444444444444,238.4130535022085,0,0,0,0
1481,18,601.1205555555556,405.20568238683455,0,0,0,0
1482,16,404.5825,209.1194157503076,0,0,0,0
1483,20,487.9125,311.2916993412288,0,0,0,0
1484,23,381.48,277.50639699638106,0,0,0,0
1485,20,378.915,205.86240260183493,0,0,0,0
1486,20,313.0885,315.56715433129284,0,0,0,0
1487,20,376.8705,239.27701499465007,0,0,0,0
1488,25,282.9384,309.4521279769134,0,0,0,0
1489,17,327.73764705882354,228.31981642190905,0,0,0,0
1490,17,301.694705882353,170.93811512177166,0,0,0,0
1491,18,350.4577777777778,183.48509889711465,0,0,0,0
1492,16,288.03000000000003,146.84528737756617,0,0,0,0
1493,18,393.7788888888889,214.5299517521165,0,0,0,0
1494,17,459.4052941176471,311.1232876325179,0,0,0,0
1495,18,334.5105555555555,191.81103917577676,0,0,0,0
1496,19,396.81052631578945,216.92012467541298,0,0,0,0
1497,22,328.4277272727273,201.59170216355218,0,0,0,0
1498,16,358.069375,215.12981858254656,0,0,0,0
1499,16,343.291875,143.50562603164508,0,0,0,0
1500,19,447.94578947368416,287.74216013492645,0,0,0,0
1501,14,446.5821428571429,243.81528617783496,0,0,0,0
1502,14,374.6635714285714,261.92082913973246,0,0,0,0
1503,16,313.003125,194.67663032959132,0,0,0,0
1504,17,469.0994117647059,283.76553725734226,0,0,0,0
1505,27,298.3392592592593,212.43352241088445,0,0,0,0
1506,15,431.02666666666664,239.35602048459583,0,0,0,0
1507,18,610.276111111111,814.6699515764303,0,0,0,0
1508,14,303.78499999999997,155.10995660912857,0,0,0,0
1509,18,311.99111111111114,193.9000032058016,0,0,0,0
1510,14,242.47571428571428,174.07767296379456,0,0,0,0
1511,16,376.15375,236.8055821733041,0,0,0,0
1512,22,417.24,306.86348394981474,0,0,0,0
1513,17,374.89294117647063,166.2753161888511,0,0,0,0
1514,16,322.063125,162.2710327553392,0,0,0,0
1515,16,336.9,196.67479560177506,0,0,0,0
1516,21,360.7104761904762,183.3661737376931,0,0,0,0
1517,16,306.47125,167.72274889959772,0,0,0,0
1518,16,449.040625,205.59207543302682,0,0,0,0
1519,15,408.31,249.63142334249505,0,0,0,0
1520,21,506.8714285714285,253.7744801287669,0,0,0,0
1521,18,367.50388888888887,354.60177987487896,0,0,0,0
1522,15,422.73333333333335,246.1032005661221,0,0,0,0
1523,16,469.98375,336.5518843892239,0,0,0,0
1524,15,504.098,350.3039286524393,0,0,0,0
1525,21,372.9347619047619,239.34121372393867,0,0,0,0
1526,16,391.76875,299.8978630691414,0,0,0,0
1527,23,387.1826086956522,341.34495176806485,0,0,0,0
1528,19,779.9268421052632,1426.250426848232,0,0,0,0
1529,21,522.4876190476191,327.600165560525,0,0,0,0
1530,21,416.2738095238095,261.9452837717248,0,0,0,0
1531,12,267.015,178.57305332832277,0,0,0,0
1532,26,339.2761538461539,239.8057863239289,0,0,0,0
1533,17,457.3517647058824,335.3226555430087,0,0,0,0
1534,21,437.97523809523807,209.90043300890133,0,0,0,0
1535,14,302.78428571428566,175.48777164212441,0,0,0,0
1536,21,398.4442857142857,312.24249077205593,0,0,0,0
1537,17,463.9841176470588,269.7146615801231,0,0,0,0
1538,21,344.27238095238096,226.02321092154108,0,0,0,0
1539,23,567.3930434782608,428.7400519158716,0,0,0,0
1540,21,355.1452380952381,211.8055758432168,0,0,0,0
1541,14,346.105,302.57312714095605,0,0,0,0
1542,18,433.76944444444445,216.23108113703577,0,0,0,0
1543,19,421.4505263157895,269.86832920935586,0,0,0,0
1544,25,464.33639999999997,327.6656035519139,0,0,0,0
1545,25,362.6368,168.16407544347868,0,0,0,0
1546,15,319.28066666666666,137.9883948485846,0,0,0,0
1547,16,441.63,325.4747148397245,0,0,0,0
1548,20,443.4745,228.27952486973072,0,0,0,0
1549,36,388.44083333333333,253.92532647277542,0,0,0,0
1550,17,374.2994117647059,175.78049244208924,0,0,0,0
1551,25,399.75480000000005,257.558807904059,0,0,0,0
1552,13,285.81538461538463,271.7834605715305,0,0,0,0
1553,21,378.4095238095238,194.6676427848046,0,0,0,0
1554,14,439.69,254.41938866480174,0,0,0,0
1555,13,323.90999999999997,281.5627220190366,0,0,0,0
1556,21,259.80809523809523,171.90616417710615,0,0,0,0
1557,25,464.1404,324.94151049664305,0,0,0,0
1558,18,373.5411111111111,286.6546949998065,0,0,0,0
1559,9,274.48777777777775,86.23733243887389,0,0,0,0
1560,17,357.9547058823529,253.51409806760478,0,0,0,0
1561,16,348.06625,203.92660756614737,0,0,0,0
1562,23,352.93434782608693,188.8915815747014,0,0,0,0
1563,14,293.34785714285715,240.44919728287638,0,0,0,0
1564,12,413.5075,174.64555448703325,0,0,0,0
1565,19,418.9921052631579,307.50334725741646,0,0,0,0
1566,13,457.25307692307695,413.88308468761136,0,0,0,0
1567,20,416.6825,295.4630007272484,0,0,0,0
1568,18,379.0288888888889,224.3238174526798,0,0,0,0
1569,22,313.60045454545457,240.33942952865016,0,0,0,0
1570,21,366.2142857142857,270.9691644128258,0,0,0,0
1571,21,371.48,183.45634705888608,0,0,0,0
1572,29,403.96758620689656,232.42546226256425,0,0,0,0
1573,22,426.955,293.50188622206343,0,0,0,0
1574,25,284.1936,155.91476368529058,0,0,0,0
1575,17,384.5105882352941,244.7450543986439,0,0,0,0
1576,18,357.7077777777778,225.79020157747112,0,0,0,0
1577,21,483.50952380952384,288.8739275264126,0,0,0,0
1578,19,377.4084210526316,309.4526150149844,0,0,0,0
1579,16,383.64437499999997,328.8577191006916,0,0,0,0
1580,18,428.70000000000005,217.84444557221707,0,0,0,0
1581,16,307.151875,179.08253112108494,0,0,0,0
1582,17,314.50117647058823,188.7885825586343,0,0,0,0
1583,16,454.8625,272.0216364441439,0,0,0,0
1584,25,410.12760000000003,260.70223579064293,0,0,0,0
1585,21,375.82952380952383,230.30693264333735,0,0,0,0
1586,24,334.96666666666664,260.6044948395088,0,0,0,0
1587,17,414.1794117647059,224.83740018774324,0,0,0,0
1588,16,504.908125,317.731851728363,0,0,0,0
1589,19,371.21315789473687,244.66560490107025,0,0,0,0
1590,16,279.621875,193.76755092180522,0,0,0,0
1591,12,428.5425,148.42809224924363,0,0,0,0
1592,19,590.171052631579,1045.8849689385177,1,0,0,1
1593,15,432.9486666666666,243.62057052902767,0,0,0,0
1594,15,434.056,195.41907142685255,0,0,0,0
1595,13,400.08,306.31713435588284,0,0,0,0
1596,16,873.1575,1903.5769539425642,1,0,0,1
1597,16,453.335,361.0618242939844,0,0,0,0
1598,17,448.96176470588233,249.7515146332284,0,0,0,0
1599,14,425.73785714285714,221.80297055136154,0,0,0,0
1600,11,267.31,99.76398621473858,0,0,0,0
1601,18,868.2844444444445,1633.434735404109,1,0,0,1
1602,16,380.845625,210.16629716039003,0,0,0,0
1603,13,522.73,316.6937300635086,0,0,0,0
1604,20,337.3885,210.562344883291,0,0,0,0
1605,15,400.0133333333333,278.06104240296276,0,0,0,0
1606,24,338.60333333333335,232.92770954144166,0,0,0,0
1607,16,326.22625,157.81327102286906,0,0,0,0
1608,20,683.574,836.2319372303356,1,0,0,1
1609,18,396.71833333333336,285.5710806679991,0,0,0,0
1610,18,423.2344444444445,312.51255832938966,0,0,0,0
1611,23,407.4921739130435,269.14362123556975,0,0,0,0
1612,22,394.2990909090909,298.05170422274495,0,0,0,0
1613,17,474.39058823529416,360.16156795119844,0,0,0,0
1614,16,331.488125,175.58644381823547,0,0,0,0
1615,17,421.6017647058824,271.63907488203563,0,0,0,0
1616,22,395.9290909090909,256.2666972637028,0,0,0,0
1617,16,348.88625,206.70446723144977,0,0,0,0
1618,18,399.35777777777776,257.2130822566197,0,0,0,0
1619,23,394.97304347826093,219.48150706360457,0,0,0,0
1620,16,387.069375,334.45845451021177,0,0,0,0
1621,17,376.81705882352935,191.25756039695946,0,0,0,0
1622,23,385.2091304347826,242.61490150859748,0,0,0,0
1623,14,365.82428571428574,168.89600480406725,0,0,0,0
1624,17,387.50588235294117,234.14616995922526,0,0,0,0
1625,19,428.1263157894737,258.4654100284281,0,0,0,0
1626,24,381.22875,246.33667894625606,0,0,0,0
1627,13,351.7430769230769,263.3461941243187,0,0,0,0
1628,22,458.2122727272727,307.91530410062467,0,0,0,0
1629,15,458.40066666666667,262.6626607004166,0,0,0,0
1630,16,422.701875,241.38097160450408,0,0,0,0
1631,20,329.719,273.96442529824924,0,0,0,0
1632,13,369.70692307692303,162.04104567312652,0,0,0,0
1633,19,378.8752631578947,183.52277025992746,0,0,0,0
1634,20,453.697,299.00559836063263,0,0,0,0
1635,18,469.6061111111111,292.29033952445474,0,0,0,0
1636,20,383.678,226.16418864621346,0,0,0,0
1637,14,570.4492857142857,1043.9380090001532,1,0,0,1
1638,21,480.26000000000005,332.23311680920955,0,0,0,0
1639,13,284.07461538461536,130.53276975035135,0,0,0,0
1640,17,469.5605882352941,394.03502919038266,0,0,0,0
1641,18,315.8572222222222,231.53237356566495,0,0,0,0
1642,15,364.284,303.3680950220925,0,0,0,0
1643,15,548.818,282.63370702967006,0,0,0,0
1644,15,284.50466666666665,179.13331738742025,0,0,0,0
1645,24,376.00541666666663,302.75703747641126,0,0,0,0
1646,18,352.86888888888893,281.38761231694633,0,0,0,0
1647,19,399.3573684210526,239.80780101972687,0,0,0,0
1648,19,329.79315789473685,213.6738259480811,0,0,0,0
1649,25,327.6068,213.46152700137796,0,0,0,0
1650,16,403.245625,238.82996841290532,0,0,0,0
1651,16,472.29312500000003,247.4108806145848,0,0,0,0
1652,16,409.67875000000004,192.8648166098148,0,0,0,0
1653,21,359.6485714285714,280.19221399545256,0,0,0,0
1654,16,478.06624999999997,287.3486826547801,0,0,0,0
1655,26,368.74346153846153,228.25108650752114,0,0,0,0
1656,17,511.3382352941176,341.4413240821964,0,0,0,0
1657,24,471.95875,276.675727225822,0,0,0,0
1658,21,403.00857142857143,163.48526933162935,0,0,0,0
1659,18,321.3516666666667,155.93800417865492,0,0,0,0
1660,22,382.2845454545455,192.88263548139292,0,0,0,0
1661,20,451.582,251.79013609750484,0,0,0,0
1662,26,434.25307692307695,225.11569216685737,0,0,0,0
1663,19,447.99157894736845,329.6540662615434,0,0,0,0
1664,19,419.99105263157895,208.53138153070032,0,0,0,0
1665,16,517.974375,301.1122543165744,0,0,0,0
1666,21,377.99095238095236,277.7492319805037,0,0,0,0
1667,22,400.8822727272727,210.82799249047073,0,0,0,0
1668,20,453.12749999999994,258.60538538234283,0,0,0,0
1669,10,388.01800000000003,190.5230108832001,0,0,0,0
1670,15,362.0646666666667,254.8545968159535,0,0,0,0
1671,18,308.51500000000004,154.60975793015845,0,0,0,0
1672,16,356.203125,173.14694275090272,0,0,0,0
1673,21,399.0466666666666,247.9059557542189,0,0,0,0
1674,20,419.067,287.5066724634404,0,0,0,0
1675,13,431.92615384615385,330.29891782441007,0,0,0,0
1676,19,351.6394736842105,225.54952828647046,0,0,0,0
1677,20,307.594,153.82070300840522,0,0,0,0
1678,21,385.98285714285714,281.16001831092314,0,0,0,0
1679,18,399.88444444444445,204.37339966678155,0,0,0,0
1680,16,307.53125,161.47340511965893,0,0,0,0
1681,21,401.2295238095238,267.0831460421515,0,0,0,0
1682,17,423.59941176470585,212.80777624200147,0,0,0,0
1683,18,368.4411111111111,185.6431911517028,0,0,0,0
1684,16,583.76625,437.36362560052635,0,0,0,0
1685,19,270.79,249.84956855128482,0,0,0,0
1686,15,318.9046666666666,233.68162223751264,0,0,0,0
1687,15,299.16866666666664,226.56288254012154,0,0,0,0
1688,12,442.8866666666667,206.18350206120323,0,0,0,0
1689,27,353.1892592592593,259.56175871001585,0,0,0,0
1690,14,306.835,202.06132123512833,0,0,0,0
1691,20,415.86850000000004,262.25165561488825,0,0,0,0
1692,13,325.5753846153847,265.6777521334788,0,0,0,0
1693,19,509.9342105263158,261.6371724015368,0,0,0,0
1694,21,296.29571428571427,151.67513763590512,0,0,0,0
1695,12,456.0975,275.7986712599428,0,0,0,0
1696,19,457.5,267.5215194098755,0,0,0,0
1697,22,349.4627272727273,265.09447098554773,0,0,0,0
1698,13,852.646923076923,1656.8591096055331,1,0,0,1
1699,21,419.85999999999996,272.86280346409575,0,0,0,0
1700,22,442.43136363636364,302.54925135189984,0,0,0,0
1701,16,426.810625,377.56988802519635,0,0,0,0
1702,20,384.71999999999997,203.57149213482722,0,0,0,0
1703,21,352.1847619047619,209.26246348770562,0,0,0,0
1704,15,308.1086666666667,299.7463648901999,0,0,0,0
1705,24,466.09999999999997,251.358013100836,0,0,0,0
1706,25,372.8868,204.4804895870508,0,0,0,0
1707,16,351.95875,291.4432435285428,0,0,0,0
1708,22,302.8863636363636,216.22103176538118,0,0,0,0
1709,14,415.8592857142857,240.2649712732141,0,0,0,0
1710,18,434.8877777777778,247.00187762569192,0,0,0,0
1711,16,453.63875,300.67850895672194,0,0,0,0
1712,13,300.1,272.3760383112909,0,0,0,0
1713,14,386.74357142857144,170.39162972429727,0,0,0,0
1714,21,386.5676190476191,235.76198742243974,0,0,0,0
1715,16,532.730625,316.29810502650713,0,0,0,0
1716,21,527.4514285714286,385.5415942638135,0,0,0,0
1717,17,327.8405882352941,240.8106205023209,0,0,0,0
1718,12,471.605,263.5296727283918,0,0,0,0
1719,11,460.03363636363633,369.1813222960114,0,0,0,0
1720,18,357.45222222222225,180.55988355838414,0,0,0,0
1721,24,461.05333333333334,294.41932391951144,0,0,0,0
1722,16,366.77875,324.9531237708564,0,0,0,0
1723,15,392.8293333333333,190.7612960907486,0,0,0,0
1724,18,350.0538888888889,268.3070935646294,0,0,0,0
1725,14,529.5528571428571,303.24808425795953,0,0,0,0
1726,11,312.0672727272727,220.2449015028873,0,0,0,0
1727,12,478.97166666666664,352.29714685270386,0,0,0,0
1728,19,403.34473684210525,227.44700327464196,0,0,0,0
1729,15,306.70466666666664,163.29752734876985,0,0,0,0
1730,7,472.20428571428573,370.3270763549875,0,0,0,0
1731,14,416.90857142857146,229.64615504408206,0,0,0,0
1732,24,478.8420833333333,268.01260435190943,0,0,0,0
1733,13,436.67153846153843,334.80852330034287,0,0,0,0
1734,14,332.6892857142857,235.55546360720246,0,0,0,0
1735,21,393.8985714285715,206.70342960929523,0,0,0,0
1736,20,466.49750000000006,343.9763006643771,0,0,0,0
1737,15,322.7573333333333,173.19353453931885,0,0,0,0
1738,11,473.2209090909091,303.17547167679356,0,0,0,0
1739,15,383.7726666666667,254.8720564117525,0,0,0,0
1740,21,548.067619047619,394.6287848563359,0,0,0,0
1741,15,422.7286666666667,249.10557132446647,0,0,0,0
1742,23,357.65521739130435,226.6878580946969,0,0,0,0
1743,21,354.98857142857145,312.0949053197289,0,0,0,0
1744,20,409.9845,203.32703456439327,0,0,0,0
1745,13,380.61615384615385,227.71946133306758,0,0,0,0
1746,25,378.288,243.1489390476545,0,0,0,0
1747,20,438.16450000000003,278.285105628652,0,0,0,0
1748,16,424.20875,284.900576010189,0,0,0,0
1749,16,351.136875,175.75223795583486,0,0,0,0
1750,26,405.19192307692305,275.868419555121,0,0,0,0
1751,20,443.811,304.46947876429266,0,0,0,0
1752,24,369.30041666666665,266.26927218950067,0,0,0,0
1753,18,359.57666666666665,194.14870752424113,0,0,0,0
1754,26,357.4484615384615,201.66777399193927,0,0,0,0
1755,17,331.1894117647059,201.5810207123148,0,0,0,0
1756,20,497.821,317.7999627422886,0,0,0,0
1757,13,366.52923076923076,262.2431176324026,0,0,0,0
1758,13,337.38384615384615,218.44948190999582,0,0,0,0
1759,23,415.6204347826087,254.71414869082014,0,0,0,0
1760,20,414.77700000000004,328.17760559032666,0,0,0,0
1761,22,384.3354545454545,286.4656207792303,0,0,0,0
1762,22,426.7427272727273,243.3821122354688,0,0,0,0
1763,19,332.7184210526316,206.39990055748214,0,0,0,0
1764,23,429.35391304347826,278.3609266173986,0,0,0,0
1765,17,393.8694117647059,313.0721596292907,0,0,0,0
1766,8,355.61625,197.93634348809596,0,0,0,0
1767,17,329.44823529411764,214.62437280693027,0,0,0,0
1768,21,348.94619047619045,250.44497845456314,0,0,0,0
1769,17,411.77,220.88211433996673,0,0,0,0
1770,14,403.5292857142857,251.6458985917737,0,0,0,0
1771,17,407.2194117647059,270.2551541320684,0,0,0,0
1772,12,517.7883333333333,324.1142705855795,0,0,0,0
1773,16,382.233125,244.32562352112063,0,0,0,0
1774,11,461.25454545454545,261.25112187192394,0,0,0,0
1775,9,327.6977777777778,151.1203309197142,0,0,0,0
1776,12,277.75166666666667,229.9053282271253,0,0,0,0
1777,23,404.0921739130435,270.99507532757093,0,0,0,0
1778,15,363.69733333333335,242.58290017962008,0,0,0,0
1779,25,398.0344,200.81463893013373,0,0,0,0
1780,17,458.30117647058825,335.11025063547197,0,0,0,0
1781,18,337.37333333333333,321.01700681843425,0,0,0,0
1782,18,432.04499999999996,425.0578403288192,0,0,0,0
1783,18,569.1972222222222,313.36803025632406,0,0,0,0
1784,16,369.770625,350.47994863238523,0,0,0,0
1785,14,389.805,272.11607218112954,0,0,0,0
1786,10,436.466,320.18281384858864,0,0,0,0
1787,17,331.35705882352937,206.46178799747474,0,0,0,0
1788,28,450.295,255.2662890772804,0,0,0,0
1789,24,303.90833333333336,167.8559024547212,0,0,0,0
1790,16,389.56,286.0724051922869,0,0,0,0
1791,27,369.3574074074074,248.92929123351317,0,0,0,0
1792,17,244.40352941176468,136.1707167250933,0,0,0,0
1793,15,396.37666666666667,320.2568125461537,0,0,0,0
1794,22,352.73136363636365,230.18196425072557,0,0,0,0
1795,16,364.135625,195.43445323716432,0,0,0,0
1796,17,378.2164705882353,280.32830601323354,0,0,0,0
1797,15,353.85066666666665,216.1519496547638,0,0,0,0
1798,26,252.08846153846156,173.51427517625402,0,0,0,0
1799,17,459.24882352941177,320.7180066824758,0,0,0,0
1800,28,344.9817857142857,276.77064221705274,0,0,0,0
1801,22,271.0681818181818,133.60096817274277,0,0,0,0
1802,19,362.39526315789476,264.3429685757823,0,0,0,0
1803,24,408.9875,228.68046757885404,0,0,0,0
1804,19,462.50263157894733,308.9996852807477,0,0,0,0
1805,13,528.7884615384615,299.01774940490003,0,0,0,0
1806,20,427.2505,244.07394284263532,0,0,0,0
1807,20,476.3935,272.6209568663973,0,0,0,0
1808,13,448.49615384615385,263.79715314666305,0,0,0,0
1809,24,424.5525,268.0082635269853,0,0,0,0
1810,16,246.608125,126.27953027008918,0,0,0,0
1811,17,440.34352941176473,190.00563530160562,0,0,0,0
1812,19,372.67368421052635,178.43227189846462,0,0,0,0
1813,18,372.5161111111111,225.18855233235814,0,0,0,0
1814,13,450.57153846153847,373.31388900054344,0,0,0,0
1815,16,339.4875,172.29859983833293,0,0,0,0
1816,15,486.21200000000005,239.04868810070192,0,0,0,0
1817,24,404.315,327.8234643066295,0,0,0,0
1818,20,440.60749999999996,368.12589728074016,0,0,0,0
1819,17,455.1611764705882,248.89413943617632,0,0,0,0
1820,17,356.1758823529412,237.13749689997604,0,0,0,0
1821,13,343.6553846153846,172.01982191754644,0,0,0,0
1822,20,411.823,314.6501865262438,0,0,0,0
1823,21,470.58523809523814,300.59356924685255,0,0,0,0
1824,32,283.08625,150.71355145502838,0,1,0,1
1825,22,389.28272727272724,190.18362849390437,0,0,0,0
1826,22,462.4081818181818,324.2410582721157,0,0,0,0
1827,20,374.97799999999995,224.6600549407928,0,0,0,0
1828,27,370.24111111111114,278.88867794148723,0,0,0,0
1829,13,336.87307692307695,221.24764403385748,0,0,0,0
1830,19,378.85473684210524,272.8566624355306,0,0,0,0
1831,20,369.26750000000004,247.00499089846338,0,0,0,0
1832,18,400.9461111111111,269.18056152245316,0,0,0,0
1833,18,391.8777777777778,264.79513518432304,0,0,0,0
1834,14,432.82071428571425,201.2964537855366,0,0,0,0
1835,28,321.6510714285714,240.35600990048204,0,0,0,0
1836,12,300.72583333333336,179.87417692460897,0,0,0,0
1837,13,317.3961538461538,151.57609886372444,0,0,0,0
1838,19,349.7657894736842,219.46805052973903,0,0,0,0
1839,29,381.12517241379305,239.20831085811164,0,0,0,0
1840,22,371.83227272727277,230.5159098025718,0,0,0,0
1841,17,338.00588235294117,195.85028162465522,0,0,0,0
1842,16,455.729375,260.74094975829814,0,0,0,0
1843,19,386.10473684210524,250.8486737241026,0,0,0,0
1844,12,566.1441666666666,304.7220268938654,0,0,0,0
1845,19,355.3473684210526,257.90109250277993,0,0,0,0
1846,22,397.54090909090905,204.33569596286435,0,0,0,0
1847,14,339.2757142857143,137.41694955313847,0,0,0,0
1848,17,476.25529411764705,265.3213294039479,0,0,0,0
1849,14,520.7885714285715,297.8908803777734,0,0,0,0
1850,17,379.49411764705883,198.97125609904867,0,0,0,0
1851,17,284.86470588235295,192.4954480475607,0,0,0,0
1852,27,390.69259259259263,261.2536584410522,0,0,0,0
1853,17,362.5211764705882,229.81691684731163,0,0,0,0
1854,25,459.57239999999996,225.1079022740873,0,0,0,0
1855,25,289.62080000000003,163.82911880175627,0,1,0,1
1856,17,360.36470588235295,203.8086156499493,0,0,0,0
1857,17,348.57176470588234,151.14942093778257,0,0,0,0
1858,15,469.46933333333334,446.4850720530555,0,0,0,0
1859,27,403.03037037037035,224.50090230754063,0,0,0,0
1860,22,353.45772727272725,265.3306651559662,0,0,0,0
1861,21,382.64238095238096,244.81690285375004,0,0,0,0
1862,17,423.5252941176471,266.55764115892,0,0,0,0
1863,20,400.72950000000003,346.8820001308082,0,0,0,0
1864,12,424.185,306.3723040817059,0,0,0,0
1865,14,398.94428571428574,219.1783318511691,0,0,0,0
1866,4,481.645,253.1094070258947,0,0,0,0
1867,21,371.4271428571429,271.0866697315131,0,0,0,0
1868,25,463.18120000000005,281.30648604424306,0,0,0,0
1869,19,439.57473684210527,231.67492787066556,0,0,0,0
1870,22,496.01181818181817,325.2586621393722,0,0,0,0
1871,18,338.5433333333333,199.30281290873282,0,0,0,0
1872,21,431.2280952380952,307.46259790526983,0,0,0,0
1873,20,371.5425,272.2661561941734,0,0,0,0
1874,18,293.4772222222222,210.19076076019758,0,0,0,0
1875,18,318.0761111111111,222.93140146040162,0,0,0,0
1876,16,341.908125,219.41974655380125,0,0,0,0
1877,29,320.5658620689655,258.72699146767053,0,1,0,1
1878,11,344.71181818181816,116.26152414575608,0,0,0,0
1879,17,341.64,213.09325431672895,0,0,0,0
1880,26,394.0153846153846,247.94620547503337,0,0,0,0
1881,21,415.08238095238096,207.22792875535822,0,0,0,0
1882,18,351.4916666666667,313.8169013267663,0,0,0,0
1883,22,331.10909090909087,203.97175064898062,0,0,0,0
1884,19,284.28578947368425,208.8562028945624,0,0,0,0
1885,22,367.3090909090909,273.2008914019314,0,0,0,0
1886,22,342.66590909090905,236.7516356794623,0,0,0,0
1887,22,436.8454545454546,277.13571545244554,0,0,0,0
1888,17,345.63352941176475,206.11686145431798,0,0,0,0
1889,24,286.04041666666666,182.32683459196673,0,0,0,0
1890,17,376.44176470588235,235.5935340977136,0,0,0,0
1891,22,353.4840909090909,224.36342962133176,0,0,0,0
1892,16,397.666875,235.83702936876637,0,0,0,0
1893,13,281.42,202.9813134635418,0,0,0,0
1894,23,326.01173913043476,253.20285146158957,0,0,0,0
1895,23,370.81217391304347,210.25156931547963,0,0,0,0
1896,12,426.71250000000003,343.2332337766114,0,0,0,0
1897,27,461.5488888888889,325.265533125639,0,0,0,0
1898,24,418.0541666666666,239.18657102278743,0,0,0,0
1899,12,362.6741666666667,179.98040918658964,0,0,0,0
1900,12,318.07666666666665,164.0894974464308,0,0,0,0
1901,23,404.59043478260867,283.3103766493601,0,0,0,0
1902,24,437.79625000000004,316.69380007630525,0,0,0,0
1903,14,492.3335714285714,316.39631880211664,0,0,0,0
1904,18,435.1661111111111,181.62303259281268,0,0,0,0
1905,14,515.0757142857143,316.6679380160659,0,0,0,0
1906,16,291.746875,119.40146448634705,0,0,0,0
1907,21,440.19952380952384,272.83738888935966,0,0,0,0
1908,11,369.9745454545454,221.25273156459198,0,0,0,0
1909,16,406.30625,352.3799581750323,0,0,0,0
1910,30,374.35033333333337,221.72990692106058,0,0,0,0
1911,14,391.80785714285713,232.36763252528988,0,0,0,0
1912,20,387.8275,251.52855263120728,0,0,0,0
1913,21,443.01809523809527,267.55449639135014,0,0,0,0
1914,15,414.82399999999996,227.6727654273417,0,0,0,0
1915,20,397.313,265.35876256683144,0,0,0,0
1916,21,417.362380952381,240.98141180843845,0,0,0,0
1917,21,441.52666666666664,316.47095120335393,0,0,0,0
1918,18,348.57222222222225,240.1558567670298,0,0,0,0
1919,25,503.6064,365.08300155312634,0,0,0,0
1920,17,421.1088235294118,254.22552470273436,0,0,0,0
1921,27,392.78185185185185,244.14623732565357,0,0,0,0
1922,23,485.06695652173914,302.026277253498,0,0,0,0
1923,20,353.363,236.08387607161993,0,0,0,0
1924,18,416.35555555555555,193.8083022021223,0,0,0,0
1925,12,472.5683333333333,315.8805571159594,0,0,0,0
1926,20,359.6,197.94331011681095,0,0,0,0
1927,18,376.62,227.0319323355197,0,0,0,0
1928,12,427.6933333333333,280.62553953425,0,0,0,0
1929,17,360.6764705882353,252.18975390720883,0,0,0,0
1930,14,327.52500000000003,227.45127763199866,0,0,0,0
1931,21,464.9485714285714,402.4536808046328,0,0,0,0
1932,29,411.7241379310345,325.8649122853512,0,0,0,0
1933,21,378.0252380952381,216.9378545117966,0,0,0,0
1934,24,353.7416666666666,205.4650277351897,0,0,0,0
1935,24,371.47749999999996,255.6820935792793,0,0,0,0
1936,19,488.0731578947368,267.3390593482097,0,0,0,0
1937,13,392.48923076923074,300.6169678782809,0,0,0,0
1938,16,343.488125,241.1538735750151,0,0,0,0
1939,17,432.39352941176475,289.45865194798245,0,0,0,0
1940,23,287.91,172.15330612188558,0,0,0,0
1941,16,432.875,211.09791116920132,0,0,0,0
1942,20,466.95050000000003,268.92958012228775,0,0,0,0
1943,19,462.07894736842104,303.0670872386394,0,0,0,0
1944,18,591.1966666666667,710.5055428824372,0,0,0,0
1945,21,488.3633333333333,274.6142542399175,0,0,0,0
1946,27,385.75703703703704,240.11785113911316,0,0,0,0
1947,15,323.7846666666666,205.57869419005686,0,0,0,0
1948,12,271.39,143.8063170842413,0,0,0,0
1949,21,386.2190476190476,216.65624160790847,0,0,0,0
1950,21,294.83142857142855,200.36342015461412,0,0,0,0
1951,17,298.4858823529412,138.9878379807902,0,0,0,0
1952,20,387.1165,330.82957141517755,0,0,0,0
1953,13,321.8107692307692,185.88742786393556,0,0,0,0
1954,17,345.5329411764706,153.45069327904662,0,0,0,0
1955,13,518.0469230769231,328.3153648407769,0,0,0,0
1956,21,435.9047619047619,199.85746381856967,0,0,0,0
1957,16,416.200625,211.7862834754871,0,0,0,0
1958,10,440.657,293.7207488091368,0,0,0,0
1959,18,365.1066666666667,233.12807188324618,0,0,0,0
1960,17,449.0323529411765,284.715742173703,0,0,0,0
1961,16,435.7575,279.7433617063147,0,0,0,0
1962,16,387.285,213.5433334829256,0,0,0,0
1963,23,399.8373913043478,262.2551283904811,0,0,0,0
1964,16,320.521875,290.7913084202043,0,0,0,0
1965,19,433.4357894736842,254.65435239319552,0,0,0,0
1966,25,488.4296,346.18455488920944,0,0,0,0
1967,17,410.79470588235296,273.962878703058,0,0,0,0
1968,14,375.08714285714285,196.8344464419845,0,0,0,0
1969,17,507.54352941176467,464.1755592945054,0,0,0,0
1970,18,398.34222222222223,278.4802428770118,0,0,0,0
1971,21,610.8723809523809,875.2603902616623,0,0,0,0
1972,16,344.71500000000003,200.48731664995663,0,0,0,0
1973,16,359.25875,181.02726648474115,0,0,0,0
1974,21,352.93904761904764,254.74948990845252,0,0,0,0
1975,11,460.9581818181818,334.09347888436537,0,0,0,0
1976,16,438.408125,338.0153470298862,0,0,0,0
1977,21,371.4238095238095,197.86178428571205,0,0,0,0
1978,22,429.9531818181818,249.08952420193987,0,0,0,0
1979,14,433.8528571428571,197.21117939293165,0,0,0,0
1980,13,368.40076923076924,264.53705997347197,0,0,0,0
1981,18,434.92777777777775,269.88815799955927,0,0,0,0
1982,12,523.2816666666666,375.9187620979062,0,0,0,0
1983,27,352.7503703703704,256.197948707801,0,0,0,0
1984,21,800.597619047619,1785.1683664117477,0,0,0,0
1985,14,361.79714285714283,191.0136513232412,0,0,0,0
1986,19,459.2678947368421,269.505238237911,0,0,0,0
1987,15,477.28933333333333,290.2899838544593,0,0,0,0
1988,15,357.7293333333334,283.1259652867528,0,0,0,0
1989,18,314.0055555555556,216.0238922285686,0,0,0,0
1990,24,323.49083333333334,224.28112771543115,0,0,0,0
1991,16,422.7375,167.4886287744633,0,0,0,0
1992,12,432.9025,274.4668542867852,0,0,0,0
1993,17,379.8758823529412,236.95616340826135,0,0,0,0
1994,17,312.8394117647059,157.38406965765915,0,0,0,0
1995,17,466.0988235294118,349.3104140830205,0,0,0,0
1996,16,537.94,306.75619944835665,0,0,0,0
1997,15,422.4486666666667,253.06656222864015,0,0,0,0
1998,16,349.555,172.12612272691212,0,0,0,0
1999,20,469.2135,323.0094522343735,0,0,0,0
2000,15,478.11066666666665,268.7071249388243,0,0,0,0
2001,26,349.2888461538462,258.0361925617132,0,0,0,0
2002,17,389.15000000000003,216.59895391089515,0,0,0,0
2003,18,326.0105555555555,195.85326107040854,0,0,0,0
2004,15,421.0586666666667,216.26317772154877,0,0,0,0
2005,12,490.25083333333333,157.53003647232555,0,0,0,0
2006,23,416.755652173913,288.57231167950425,0,0,0,0
2007,20,323.1855,106.13429773051688,0,0,0,0
2008,21,665.9409523809524,1107.9022759246834,0,0,0,0
2009,18,383.62,243.1940696691065,0,0,0,0
2010,22,399.45363636363635,255.69943704466522,0,0,0,0
2011,17,385.7217647058823,243.11847073912932,0,0,0,0
2012,22,422.4886363636364,365.0962326602206,0,0,0,0
2013,15,337.0473333333333,145.68245821954307,0,0,0,0
2014,18,379.25611111111107,237.0160670629476,0,0,0,0
2015,19,389.4478947368421,245.85705672796195,0,0,0,0
2016,22,376.6695454545454,298.5232326192214,0,0,0,0
2017,17,400.00235294117647,332.93936216196573,0,0,0,0
2018,19,359.9163157894737,222.68761802863827,0,0,0,0
2019,12,393.1566666666667,270.4264335678415,0,0,0,0
2020,21,328.7133333333333,198.4261319035934,0,0,0,0
2021,23,422.2791304347826,307.8182304812942,0,0,0,0
2022,12,434.7891666666667,236.817785771337,0,0,0,0
2023,18,482.0777777777778,328.730725105511,0,0,0,0
2024,18,592.1311111111112,785.960365617114,0,0,0,0
2025,24,362.1091666666666,240.25801897676368,0,0,0,0
2026,21,426.5295238095238,325.5970129364006,0,0,0,0
2027,14,310.8771428571428,206.4373446084298,0,0,0,0
2028,24,472.32125,278.52274304672295,0,0,0,0
2029,29,347.8303448275862,186.2259943239666,0,0,0,0
2030,27,342.442962962963,206.7653900728107,0,0,0,0
2031,10,379.904,230.72495405568947,0,0,0,0
2032,22,403.6045454545454,243.14574231643783,0,0,0,0
2033,18,422.35055555555556,223.60252061966818,0,0,0,0
2034,20,512.7515000000001,326.21092232288896,0,0,0,0
2035,18,422.65333333333336,234.2403678323235,0,0,0,0
2036,21,352.23333333333335,251.3336172980586,0,0,0,0
2037,17,359.82529411764705,161.70121252110584,0,0,0,0
2038,15,301.51866666666666,216.43330223933245,0,0,0,0
2039,21,352.06904761904764,252.26358242548721,0,0,0,0
2040,11,419.60636363636365,142.78735182544114,0,0,0,0
2041,17,351.48058823529414,160.4677953569276,0,0,0,0
2042,12,660.5725,1448.78256583545,0,0,0,0
2043,13,501.33923076923077,282.46310499607495,0,0,0,0
2044,21,410.1661904761905,320.2586481710443,0,0,0,0
2045,14,250.89142857142858,125.00455328033588,0,0,0,0
2046,20,487.89250000000004,294.637193169413,0,0,0,0
2047,18,336.455,275.52063482412507,0,0,0,0
2048,22,336.49863636363636,174.64865872257664,0,0,0,0
2049,26,487.95576923076925,247.4937115933543,0,0,0,0
2050,10,401.985,166.87289439870094,0,0,0,0
2051,21,464.69,333.5213378766756,0,0,0,0
2052,15,365.39733333333334,197.49485905432797,0,0,0,0
2053,21,341.68142857142857,213.71085529141416,0,0,0,0
2054,20,416.99899999999997,213.06993783497484,0,0,0,0
2055,30,352.072,208.32010764526146,0,0,0,0
2056,25,309.048,226.01706560346278,0,0,0,0
2057,12,388.8925,243.47714595436537,0,0,0,0
2058,22,413.80454545454546,265.16531402345413,0,0,0,0
2059,17,305.74117647058824,173.6584047146226,0,0,0,0
2060,15,416.91066666666666,328.7337485253919,0,0,0,0
2061,17,370.9023529411765,356.25105877290605,0,0,0,0
2062,19,435.7494736842105,314.59551566840616,0,0,0,0
2063,22,465.2568181818182,329.07362551958386,0,0,0,0
2064,19,387.608947368421,207.2431326497236,0,0,0,0
2065,18,389.245,315.94660073165664,0,0,0,0
2066,21,359.72809523809525,263.96688292679096,0,0,0,0
2067,17,455.44882352941175,303.4694528649389,0,0,0,0
2068,18,414.08444444444444,163.42789246576748,0,0,0,0
2069,19,487.93263157894734,665.300229756557,1,0,0,1
2070,21,398.57238095238097,390.4495264972799,0,0,0,0
2071,24,298.41,129.37301537930284,0,0,0,0
2072,16,301.50375,212.36322650929344,0,0,0,0
2073,23,374.46391304347827,261.04953898911066,0,0,0,0
2074,20,391.80699999999996,201.97869241828462,0,0,0,0
2075,20,408.21950000000004,275.0584590132613,0,0,0,0
2076,16,448.608125,304.85365102001714,0,0,0,0
2077,23,339.2165217391304,214.6102067471993,0,0,0,0
2078,24,417.4875,270.65382305708647,0,0,0,0
2079,14,333.2957142857143,161.96942818738023,0,0,0,0
2080,18,301.38722222222225,192.5367825408247,0,0,0,0
2081,19,341.35578947368424,225.6584855441092,0,0,0,0
2082,23,412.9213043478261,254.31707592490588,0,0,0,0
2083,20,359.22799999999995,252.89153636687809,0,0,0,0
2084,21,409.79714285714283,211.08651009531064,0,0,0,0
2085,19,274.31157894736845,147.49006679356435,0,0,0,0
2086,13,479.10846153846154,252.08698391462343,0,0,0,0
2087,18,345.4344444444444,215.80123082292968,0,0,0,0
2088,17,406.31,202.1120556115578,0,0,0,0
2089,19,401.2963157894737,331.0695476499816,0,0,0,0
2090,19,431.1805263157895,233.54982879741507,0,0,0,0
2091,15,405.71200000000005,347.2246790422593,0,0,0,0
2092,16,437.14,303.1905622912758,0,0,0,0
2093,23,401.1891304347826,252.9349455615028,0,0,0,0
2094,21,513.88,365.2421968267866,0,0,0,0
2095,14,298.36857142857144,145.6604783076601,0,0,0,0
2096,17,345.2247058823529,293.9535386881173,0,0,0,0
2097,24,455.05541666666664,320.65737937840515,0,0,0,0
2098,18,380.78,276.88994285736624,0,0,0,0
2099,14,477.7885714285714,301.0153979416322,0,0,0,0
2100,25,336.9604,261.8643054786964,0,0,0,0
2101,17,284.7370588235294,157.99694296241026,0,0,0,0
2102,19,308.1515789473684,209.86555135342093,0,0,0,0
2103,22,240.68,131.5358961721787,0,0,0,0
2104,25,408.64,309.2112784488949,0,0,0,0
2105,17,322.51882352941175,242.0874373853224,0,0,0,0
2106,12,293.0783333333333,149.71685091272195,0,0,0,0
2107,20,537.7065,335.6516218086098,0,0,0,0
2108,20,220.6585,125.96838398086243,0,0,0,0
2109,20,435.42449999999997,271.2995858727949,0,0,0,0
2110,19,305.81,203.21986423834812,0,0,0,0
2111,20,325.489,227.79616133508483,0,0,0,0
2112,24,430.5408333333333,279.27056077569705,0,0,0,0
2113,22,444.5995454545455,237.234535590976,0,0,0,0
2114,24,397.3825,292.68697142809407,0,0,0,0
2115,17,413.77764705882356,301.4058029717608,0,0,0,0
2116,20,372.2185,286.7362169185295,0,0,0,0
2117,24,372.8458333333333,210.0897275355753,0,0,0,0
2118,18,374.9122222222222,222.49153805520965,0,0,0,0
2119,23,436.23086956521735,264.12225285162515,0,0,0,0
2120,20,406.662,257.83933929096236,0,0,0,0
2121,18,342.40722222222223,247.30911999190985,0,0,0,0
2122,15,385.604,258.30486958372785,0,0,0,0
2123,23,299.8595652173913,167.4079068175346,0,0,0,0
2124,16,401.986875,207.1671671536887,0,0,0,0
2125,24,404.4141666666667,239.1891484424803,0,0,0,0
2126,18,440.87333333333333,308.1843125108379,0,0,0,0
2127,29,417.7658620689655,187.37091114017204,0,0,0,0
2128,23,402.5017391304348,264.2459431904823,0,0,0,0
2129,12,347.8958333333333,290.17237608182523,0,0,0,0
2130,13,479.1392307692308,298.0060575910275,0,0,0,0
2131,18,295.3483333333333,221.2584836603258,0,0,0,0
2132,20,426.32250000000005,311.8136942771276,0,0,0,0
2133,13,269.08153846153846,181.577368118986,0,0,0,0
2134,18,400.50722222222225,308.02527790941576,0,0,0,0
2135,19,328.2447368421053,212.08601982185934,0,0,0,0
2136,17,418.90000000000003,241.97276042611753,0,0,0,0
2137,18,335.4144444444444,189.3456649805154,0,0,0,0
2138,25,402.4968,243.56272486109202,0,0,0,0
2139,19,313.2526315789474,236.16209281455076,0,0,0,0
2140,17,288.5711764705882,186.6124310808635,0,0,0,0
2141,20,334.591,240.2975031476607,0,0,0,0
2142,23,633.2565217391304,930.4376289243337,1,0,0,1
2143,15,373.40866666666665,269.32605324814426,0,0,0,0
2144,8,410.1725,366.9116792482218,0,0,0,0
2145,19,425.98052631578946,236.79052415859468,0,0,0,0
2146,20,471.85249999999996,226.0162955601876,0,0,0,0
2147,21,371.4866666666667,199.18627745651588,0,0,0,0
2148,22,293.42,219.880015545669,0,0,0,0
2149,17,337.7158823529412,171.16414688001288,0,0,0,0
2150,11,339.5590909090909,156.18809170382562,0,0,0,0
2151,18,482.47833333333335,293.0708321142025,0,0,0,0
2152,14,384.3385714285714,259.67374483205265,0,0,0,0
2153,19,453.1726315789474,314.5434500960685,0,0,0,0
2154,29,361.01000000000005,222.17585409946685,0,0,0,0
2155,10,326.688,259.455252858754,0,0,0,0
2156,12,454.87083333333334,296.05613948085175,0,0,0,0
2157,19,427.7247368421053,248.97708028881144,0,0,0,0
2158,18,432.17499999999995,211.37548039895475,0,0,0,0
2159,12,481.365,250.505823967561,0,0,0,0
2160,26,459.9942307692308,343.1340705700131,0,0,0,0
2161,11,361.04,181.76925617636513,0,0,0,0
2162,15,359.4633333333333,184.447104239189,0,0,0,0
2163,16,452.893125,264.56142584754184,0,0,0,0
2164,18,401.5155555555555,164.21521895306321,0,0,0,0
2165,14,337.0785714285715,233.93612012247945,0,0,0,0
2166,16,530.460625,342.578069942983,0,0,0,0
2167,23,467.75260869565216,273.67767318853464,0,0,0,0
2168,21,408.99666666666667,237.31652376266103,0,0,0,0
2169,30,432.35999999999996,384.9713684764968,0,0,0,0
2170,17,296.3470588235294,162.42106715588153,0,0,0,0
2171,22,446.30454545454546,310.37702648593034,0,0,0,0
2172,13,354.99384615384616,283.27771140263536,0,0,0,0
2173,26,363.3680769230769,207.24349014586747,0,0,0,0
2174,23,434.45173913043476,246.05456144048838,0,0,0,0
2175,17,368.3941176470588,225.0269815471502,0,0,0,0
2176,15,860.4353333333332,1517.5666757537285,1,0,0,1
2177,17,426.3835294117647,353.36151306693694,0,0,0,0
2178,30,430.56,269.2073300141237,0,0,0,0
2179,19,504.94947368421055,328.64568137919696,0,0,0,0
2180,17,437.3141176470588,373.12712528603635,0,0,0,0
2181,15,347.814,318.4755449072974,0,0,0,0
2182,15,348.53133333333335,183.65315577165796,0,0,0,0
2183,16,429.998125,247.57915961916981,0,0,0,0
2184,11,296.09727272727275,251.20222922038184,0,0,0,0
2185,9,282.50888888888886,205.69620395376205,0,0,0,0
2186,17,428.5835294117647,263.3955136502379,0,0,0,0
2187,16,410.331875,280.4356666246902,0,0,0,0
2188,17,393.8382352941176,211.3189890199535,0,0,0,0
2189,19,407.0721052631579,333.1087825412206,0,0,0,0
2190,18,409.66055555555556,224.2362352884967,0,0,0,0
2191,22,364.09136363636367,224.09413262156866,0,0,0,0
2192,14,441.4271428571428,392.9517319037065,0,0,0,0
2193,17,377.5764705882353,268.57211348255134,0,0,0,0
2194,16,543.734375,303.86353127203233,0,0,0,0
2195,13,352.28615384615387,239.75157551542844,0,0,0,0
2196,18,508.6838888888889,378.09148625606605,0,0,0,0
2197,20,428.08500000000004,280.218813206751,0,0,0,0
2198,21,391.39000000000004,259.9011635218279,0,0,0,0
2199,14,426.0521428571429,185.2806535339823,0,0,0,0
2200,14,430.56357142857144,180.17135025172738,0,0,0,0
2201,13,398.4453846153846,199.89607275225583,0,0,0,0
2202,23,278.05652173913046,218.58693319092689,0,0,0,0
2203,16,301.400625,168.53531067215377,0,0,0,0
2204,14,371.5292857142857,348.90558721858685,0,0,0,0
2205,28,375.1385714285714,197.81226725491683,0,0,0,0
2206,15,324.21799999999996,189.86361080874175,0,0,0,0
2207,11,441.7063636363637,209.45548324048264,0,0,0,0
2208,20,341.971,214.0655032203928,0,0,0,0
2209,18,411.67777777777775,329.77615259033513,0,0,0,0
2210,17,359.0270588235294,271.38872831430456,0,0,0,0
2211,16,330.905,192.06457032727303,0,0,0,0
2212,19,488.33736842105264,324.62023231757576,0,0,0,0
2213,18,264.8538888888889,166.47755064335215,0,0,0,0
2214,10,538.042,292.9637710297981,0,0,0,0
2215,24,384.72166666666664,237.0177392564157,0,0,0,0
2216,28,309.9839285714285,227.89804290420386,0,0,0,0
2217,12,325.71583333333336,225.01176741296337,0,0,0,0
2218,20,816.5825000000001,1753.9771684371353,1,0,0,1
2219,18,425.96944444444443,326.6340774300506,0,0,0,0
2220,19,325.6336842105263,219.72830539484386,0,0,0,0
2221,19,370.60105263157897,138.34862706011313,0,0,0,0
2222,16,422.52,275.5121667912327,0,0,0,0
2223,12,266.46166666666664,139.80979196950253,0,0,0,0
2224,23,438.6882608695652,245.24589624102254,0,0,0,0
2225,17,452.9717647058823,279.50284650208516,0,0,0,0
2226,14,464.10714285714283,376.5566822524593,0,0,0,0
2227,14,449.8328571428571,306.4473998544466,0,0,0,0
2228,10,371.857,220.74629505611185,0,0,0,0
2229,16,456.6825,294.7633685157469,0,0,0,0
2230,16,414.83125,301.2452102082911,0,0,0,0
2231,23,455.61478260869563,309.1041656122832,0,0,0,0
2232,20,382.7715,247.44720455634575,0,0,0,0
2233,15,294.7513333333334,236.28932132357465,0,0,0,0
2234,19,396.14789473684215,256.65735340863654,0,0,0,0
2235,17,312.09705882352944,215.32284608069494,0,0,0,0
2236,21,374.46476190476193,275.28734524767884,0,0,0,0
2237,18,326.2577777777778,202.67267720132034,0,0,0,0
2238,21,332.84666666666664,215.53474715633686,0,0,0,0
2239,18,308.9161111111111,206.83734122195017,0,0,0,0
2240,25,324.1568,270.7145900570563,0,0,0,0
2241,20,484.337,336.6998183709044,0,0,0,0
2242,14,439.1278571428571,257.9130400286824,0,0,0,0
2243,21,394.3514285714285,195.4199262707708,0,0,0,0
2244,18,444.84388888888884,251.072320991801,0,0,0,0
2245,20,408.2505,326.2304366008022,0,0,0,0
2246,26,461.10423076923075,373.81242534163164,0,0,0,0
2247,20,397.256,207.10166299187466,0,0,0,0
2248,17,254.66529411764702,155.57762507800894,0,0,0,0
2249,15,402.71200000000005,260.861160727311,0,0,0,0
2250,18,360.38388888888886,228.9605984574369,0,0,0,0
2251,17,317.93,190.7481018331275,0,0,0,0
2252,19,351.28368421052636,166.09427665954706,0,0,0,0
2253,31,361.4977419354839,231.47157375408207,0,0,0,0
2254,8,260.8925,189.88657046708173,0,0,0,0
2255,18,524.04,289.41470497463604,0,0,0,0
2256,24,490.6433333333334,268.13145508417233,0,0,0,0
2257,18,363.01222222222225,242.65785360726315,0,0,0,0
2258,24,439.64625,255.3595562439443,0,0,0,0
2259,20,354.4565,226.86582581506192,0,0,0,0
2260,12,342.2483333333334,243.87590829604753,0,0,0,0
2261,19,376.4978947368421,223.3101191187516,0,0,0,0
2262,20,350.4585,262.5669732139783,0,0,0,0
2263,17,368.4511764705882,233.80528522387152,0,0,0,0
2264,16,380.86125,324.7300305421991,0,0,0,0
2265,15,287.84133333333335,218.6457383338526,0,0,0,0
2266,14,474.4792857142857,428.54603425776935,0,0,0,0
2267,16,301.165,183.908320366426,0,0,0,0
2268,17,320.9864705882353,200.9452045280936,0,0,0,0
2269,16,384.18375,301.60689010852775,0,0,0,0
2270,17,357.82882352941175,214.8264566323342,0,0,0,0
2271,10,400.326,261.2511592012559,0,0,0,0
2272,22,552.4404545454546,337.8390554886004,0,0,0,0
2273,31,395.0583870967742,259.2462371904336,0,0,0,0
2274,13,269.7130769230769,169.19694843513966,0,0,0,0
2275,15,503.24133333333333,315.5029561375861,0,0,0,0
2276,19,458.8226315789473,374.92225216271044,0,0,0,0
2277,18,522.3588888888888,405.85928394633544,0,0,0,0
2278,14,421.7307142857143,138.2367710779631,0,0,0,0
2279,12,468.4358333333334,321.5251973655754,0,0,0,0
2280,18,345.7727777777778,247.75099290765388,0,0,0,0
2281,12,282.27416666666664,235.39454250464735,0,0,0,0
2282,17,359.8776470588235,207.73327382315807,0,0,0,0
2283,21,431.4095238095238,277.651345849708,0,0,0,0
2284,13,367.85,170.1801066743475,0,0,0,0
2285,10,313.187,278.0055345869934,0,0,0,0
2286,20,572.9689999999999,413.8428290655766,0,0,0,0
2287,20,397.85450000000003,277.9812189424854,0,0,0,0
2288,13,350.7576923076923,269.01549166583885,0,0,0,0
2289,12,256.9475,189.27888635225537,0,0,0,0
2290,13,386.2753846153846,223.92160436584757,0,0,0,0
2291,14,377.03428571428566,212.85674997566815,0,0,0,0
2292,19,346.21421052631575,171.724588354229,0,0,0,0
2293,20,381.354,252.98598262354378,0,0,0,0
2294,18,410.23277777777776,181.33952623633198,0,0,0,0
2295,20,502.025,317.50990979023,0,0,0,0
2296,9,418.34444444444443,207.88808480158053,0,0,0,0
2297,18,388.4222222222222,211.85566275062405,0,0,0,0
2298,10,410.517,205.17400201048872,0,0,0,0
2299,17,311.9682352941177,170.39315614657676,0,0,0,0
2300,20,479.072,302.14045800918484,0,0,0,0
2301,18,440.3172222222222,264.1366354287442,0,0,0,0
2302,22,457.47181818181815,348.0335401109336,0,0,0,0
2303,15,392.0846666666667,257.4779177034195,0,0,0,0
2304,18,390.17333333333335,251.3268863452536,0,0,0,0
2305,27,447.37481481481484,347.24517583903764,0,0,0,0
2306,17,423.60058823529414,227.81751865371623,0,0,0,0
2307,17,366.3876470588235,301.1253657342425,0,0,0,0
2308,25,363.51199999999994,264.8460110630327,0,0,0,0
2309,30,373.22633333333334,235.6527635948471,0,0,0,0
2310,19,358.4189473684211,239.79547467076222,0,0,0,0
2311,19,355.2042105263158,222.56638239353475,0,0,0,0
2312,12,315.52916666666664,221.42250196017923,0,0,0,0
2313,18,366.2922222222222,241.69757695552687,0,0,0,0
2314,19,331.85842105263157,233.39565368846274,0,0,0,0
2315,20,358.135,306.35788939571967,0,0,0,0
2316,18,483.74777777777786,301.4711796167357,0,0,0,0
2317,11,355.0509090909091,167.18734692524086,0,0,0,0
2318,24,424.0058333333333,267.526694632465,0,0,0,0
2319,17,404.29352941176467,202.39670274404395,0,0,0,0
2320,14,459.4857142857143,297.9378194886185,0,0,0,0
2321,24,362.14208333333335,235.8757072941024,0,0,0,0
2322,20,437.75199999999995,348.3577514940639,0,0,0,0
2323,10,370.395,213.96603605479075,0,0,0,0
2324,18,486.4433333333333,310.1024894916016,0,0,0,0
2325,21,352.2404761904762,209.24546939343273,0,0,0,0
2326,19,403.6610526315789,235.06152094817844,0,0,0,0
2327,24,450.51500000000004,305.1505775432843,0,0,0,0
2328,21,460.3257142857143,312.4083084160007,0,0,0,0
2329,20,404.712,234.17516761176876,0,0,0,0
2330,24,267.0470833333333,240.2359789782949,0,1,0,1
2331,15,402.18466666666666,164.18486478627955,0,0,0,0
2332,18,380.8355555555556,213.01296945966612,0,0,0,0
2333,17,390.7641176470588,289.8074973466682,0,0,0,0
2334,17,357.9029411764706,185.27124086417044,0,0,0,0
2335,22,423.25045454545455,187.75781483499313,0,0,0,0
2336,19,298.68105263157895,189.83245476762525,0,0,0,0
2337,30,347.498,204.21074041946645,0,1,0,1
2338,20,471.0665,290.77656800841083,0,0,0,0
2339,16,433.629375,268.54374795991697,0,0,0,0
2340,27,364.24888888888887,218.60353816616384,0,0,0,0
2341,20,466.83000000000004,334.9904223108475,0,0,0,0
2342,15,365.8233333333334,211.6414109657076,0,0,0,0
2343,16,455.854375,305.18383308197923,0,0,0,0
2344,13,343.7146153846154,154.9578328059894,0,0,0,0
2345,20,407.6465,239.26789325513357,0,0,0,0
2346,19,370.0221052631579,243.33765130562156,0,0,0,0
2347,24,309.3695833333333,178.539584300867,0,0,0,0
2348,24,411.6620833333333,242.4917931769232,0,0,0,0
2349,18,482.7261111111111,310.74918015693925,0,0,0,0
2350,20,355.702,221.76500464681075,0,0,0,0
2351,19,381.29526315789474,210.01139761973366,0,0,0,0
2352,21,330.80809523809523,258.0817179484611,0,0,0,0
2353,19,420.71736842105264,251.99797703536606,0,0,0,0
2354,16,487.046875,333.05657206619475,0,0,0,0
2355,18,299.42611111111114,227.22897411932522,0,0,0,0
2356,12,341.62916666666666,158.16865852934401,0,0,0,0
2357,16,364.936875,279.14204754745276,0,0,0,0
2358,21,377.3485714285714,211.14110791207895,0,0,0,0
2359,17,319.1264705882353,230.30775129202735,0,0,0,0
2360,23,305.25173913043477,265.0681702744176,0,1,0,1
2361,30,315.29299999999995,181.86534969861643,0,1,0,1
2362,12,283.38666666666666,165.25413965230106,0,0,0,0
2363,19,325.6168421052632,193.1213891245506,0,0,0,0
2364,20,299.1285,206.62773696372423,0,0,0,0
2365,28,362.3775,280.08276359249083,0,1,0,1
2366,16,494.42375,290.27799115406174,0,0,0,0
2367,26,353.4196153846154,266.8149062477693,0,0,0,0
2368,19,423.21789473684214,275.52193187282984,0,0,0,0
2369,20,358.9515,239.40817361307862,0,0,0,0
2370,18,302.49,185.39112725981968,0,0,0,0
2371,22,390.7013636363636,221.0673130168821,0,0,0,0
2372,16,315.846875,189.21624103518272,0,0,0,0
2373,26,325.17884615384617,186.0310922177945,0,1,0,1
2374,18,441.8511111111111,383.9771008781193,0,0,0,0
2375,16,392.789375,169.63647210538002,0,0,0,0
2376,11,544.1245454545455,292.7990923471909,0,0,0,0
2377,24,371.16333333333336,223.03418343508594,0,0,0,0
2378,14,286.00642857142856,200.27703122735997,0,0,0,0
2379,21,365.41333333333336,246.83824831607038,0,0,0,0
2380,19,328.84999999999997,181.567849808854,0,0,0,0
2381,28,327.62857142857143,279.1834967072257,0,0,0,0
2382,10,435.496,203.59842711573202,0,0,0,0
2383,22,416.0954545454546,313.3555939087161,0,0,0,0
2384,24,289.59708333333333,178.74170608914898,0,0,0,0
2385,14,367.45,185.00019138986232,0,0,0,0
2386,11,275.0872727272727,175.06735317330717,0,0,0,0
2387,17,423.2258823529412,194.309092247645,0,0,0,0
2388,25,417.56519999999995,235.71831548897524,0,0,0,0
2389,12,340.9683333333333,187.31819242638684,0,0,0,0
2390,13,311.97538461538466,142.66348212680205,0,0,0,0
2391,16,446.410625,209.66294643035855,0,0,0,0
2392,24,318.66875,167.11705923076047,0,0,0,0
2393,19,412.9178947368421,171.56396596202984,0,0,0,0
2394,14,432.4557142857143,216.02712537067734,0,0,0,0
2395,17,429.35058823529414,245.10836795350426,0,0,0,0
2396,19,454.64526315789476,242.07612739902635,0,0,0,0
2397,23,353.1473913043478,239.8011989892314,0,0,0,0
2398,21,452.3723809523809,320.2474763872876,0,0,0,0
2399,18,380.5233333333333,215.56136633347722,0,0,0,0
2400,16,407.711875,261.6461078016151,0,0,0,0
2401,18,383.3533333333333,381.4242875067082,0,0,0,0
2402,15,424.5933333333333,369.8841296526372,0,0,0,0
2403,19,446.9426315789474,243.71250145767854,0,0,0,0
2404,24,404.81916666666666,276.0227888073233,0,0,0,0
2405,19,389.32842105263154,194.4018565338889,0,0,0,0
2406,21,398.1352380952381,290.7852280360729,0,0,0,0
2407,21,338.65,219.92086154536858,0,0,0,0
2408,16,342.394375,210.10043140034094,0,0,0,0
2409,10,361.496,221.07486768965853,0,0,0,0
2410,18,426.6688888888889,296.2605858566049,0,0,0,0
2411,22,449.6454545454546,267.82354271774585,0,0,0,0
2412,22,395.7290909090909,211.83208478563418,0,0,0,0
2413,22,398.7,231.4996635772148,0,0,0,0
2414,19,407.26947368421054,260.8773529230624,0,0,0,0
2415,19,441.5621052631579,230.04531756245328,0,0,0,0
2416,19,387.8405263157895,276.27034171305706,0,0,0,0
2417,19,438.2642105263158,271.0761806949593,0,0,0,0
2418,16,292.94,294.067660709232,0,0,0,0
2419,20,393.9175,289.60766888801476,0,0,0,0
2420,16,356.076875,235.73529242878416,0,0,0,0
2421,20,299.1895,210.59209440230654,0,0,0,0
2422,19,326.33631578947364,187.34509610287384,0,0,0,0
2423,18,455.2744444444445,363.2107228780287,0,0,0,0
2424,16,458.38875,300.7301138453505,0,0,0,0
2425,16,394.254375,229.8777082757469,0,0,0,0
2426,20,398.819,194.83666928738026,0,0,0,0
2427,23,295.7865217391304,182.49645382162072,0,0,0,0
2428,24,353.72499999999997,252.20318790940502,0,0,0,0
2429,16,354.121875,213.2068948585725,0,0,0,0
2430,17,513.9752941176471,308.3782705039886,0,0,0,0
2431,20,484.30100000000004,299.1914336156701,0,0,0,0
2432,22,370.97090909090906,270.4007503672531,0,0,0,0
2433,15,406.62533333333334,258.68179850585204,0,0,0,0
2434,17,358.84823529411767,210.81667205070107,0,0,0,0
2435,13,353.536923076923,253.20175194996696,0,0,0,0
2436,24,368.87166666666667,268.93865162688843,0,0,0,0
2437,26,591.3857692307691,1206.4443789250265,0,0,0,0
2438,20,436.9005,329.08708064089956,0,0,0,0
2439,25,313.8372,249.1553716301537,0,0,0,0
2440,19,454.8142105263158,237.30298752340778,0,0,0,0
2441,16,402.383125,169.62569000297205,0,0,0,0
2442,20,266.1345,200.53644103940314,0,0,0,0
2443,15,472.47999999999996,501.14999457913467,0,0,0,0
2444,18,360.54499999999996,295.0632772672104,0,0,0,0
2445,24,434.3066666666667,251.37534275903477,0,0,0,0
2446,20,533.1769999999999,366.4232536712157,0,0,0,0
2447,11,448.2009090909091,232.54889528693434,0,0,0,0
2448,13,417.82615384615383,252.25847884014843,0,0,0,0
2449,27,379.4648148148148,283.4621378776201,0,0,0,0
2450,24,413.7920833333333,254.62069752508287,0,0,0,0
2451,20,403.45,277.47725757258024,0,0,0,0
2452,22,444.6809090909091,275.73012508790504,0,0,0,0
2453,16,473.608125,322.0490533718961,0,0,0,0
2454,22,392.8,249.40335962233772,0,0,0,0
2455,16,472.04312500000003,260.86107882642114,0,0,0,0
2456,17,470.21294117647057,250.65780352468602,0,0,0,0
2457,22,413.5527272727273,204.65183514673302,0,0,0,0
2458,16,362.9075,286.57803761584734,0,0,0,0
2459,15,318.91066666666666,194.53921926667869,0,0,0,0
2460,12,245.49749999999997,113.42834207294348,0,0,0,0
2461,15,312.20466666666664,156.01602938444793,0,0,0,0
2462,22,334.7277272727273,246.08650939958298,0,0,0,0
2463,25,417.8728,226.78888952539103,0,0,0,0
2464,19,359.0984210526316,192.07221923737458,0,0,0,0
2465,22,444.43136363636364,253.45417847118668,0,0,0,0
2466,15,287.598,148.20265491099227,0,0,0,0
2467,13,386.0076923076923,223.7898789955175,0,0,0,0
2468,20,343.8195,230.36131214843786,0,0,0,0
2469,19,537.0905263157895,325.58815784868756,0,0,0,0
2470,20,337.9435,207.1098497482677,0,0,0,0
2471,19,385.43736842105267,183.05931986056217,0,0,0,0
2472,24,429.0645833333333,282.29044713112967,0,0,0,0
2473,18,408.48833333333334,289.6457503044787,0,0,0,0
2474,16,349.688125,128.65345842702547,0,0,0,0
2475,20,390.28499999999997,200.38886973831663,0,0,0,0
2476,25,351.7008,170.0567150787054,0,0,0,0
2477,18,499.3922222222222,344.50635550589,0,0,0,0
2478,21,358.4747619047619,180.73025120641475,0,0,0,0
2479,16,804.38625,1371.9201205922802,0,0,0,0
2480,17,378.17705882352936,251.31190926497757,0,0,0,0
2481,19,441.1105263157895,226.55402705184287,0,0,0,0
2482,20,428.11850000000004,200.36443627238333,0,0,0,0
2483,14,401.68,198.53799841412146,0,0,0,0
2484,22,452.6445454545455,341.698178071702,0,0,0,0
2485,30,403.565,271.5878370957236,0,0,0,0
2486,8,361.91,209.96547394750397,0,0,0,0
2487,16,1037.380625,2203.520639143382,0,0,0,0
2488,20,448.04499999999996,215.80742203409042,0,0,0,0
2489,24,786.0704166666666,1907.3466592985467,0,0,0,0
2490,14,993.6850000000001,2228.422035652615,0,0,0,0
2491,23,353.6030434782609,272.5821880594163,0,0,0,0
2492,14,466.19357142857143,217.05741263569422,0,0,0,0
2493,22,375.6968181818182,252.3232437206177,0,0,0,0
2494,20,324.658,196.9379873361155,0,0,0,0
2495,22,379.53409090909093,159.70526412053513,0,0,0,0
2496,17,445.35705882352937,260.3697471078323,0,0,0,0
2497,19,407.0057894736842,278.8410052778765,0,0,0,0
2498,15,427.77000000000004,269.1244964943424,0,0,0,0
2499,17,605.645294117647,1034.9566047573182,0,0,0,0
2500,20,375.83000000000004,300.728652841727,0,0,0,0
2501,24,396.98125,236.805799396054,0,0,0,0
2502,17,368.73823529411766,212.39092010710962,0,0,0,0
2503,12,374.6566666666667,246.88612875619842,0,0,0,0
2504,21,430.0204761904762,276.01115323351894,0,0,0,0
2505,16,365.76187500000003,217.84436885133007,0,0,0,0
2506,20,417.25249999999994,373.02335547355483,0,0,0,0
2507,19,375.94,297.418349078232,0,0,0,0
2508,16,444.611875,240.83830616252547,0,0,0,0
2509,22,411.715,249.25348261905447,0,0,0,0
2510,26,340.49538461538464,223.35666007928918,0,0,0,0
2511,17,444.23764705882354,260.7553525146739,0,0,0,0
2512,16,359.885625,199.17364565777618,0,0,0,0
2513,17,465.694705882353,313.2449340300681,0,0,0,0
2514,18,447.1461111111111,229.30355904440754,0,0,0,0
2515,22,320.92227272727274,189.8409051843104,0,0,0,0
2516,21,336.0495238095238,257.5464713031915,0,0,0,0
2517,17,437.11058823529413,287.20974261433946,0,0,0,0
2518,23,578.2078260869565,1289.1160430848545,0,0,0,0
2519,15,352.9646666666667,195.03569084885177,0,0,0,0
2520,24,621.5033333333333,1184.7665836627436,0,0,0,0
2521,21,434.98,231.73437879237017,0,0,0,0
2522,6,545.1733333333333,465.42473661759277,0,0,0,0
2523,13,402.23692307692306,304.50656732553193,0,0,0,0
2524,15,287.4273333333333,263.86451681286917,0,0,0,0
2525,17,466.81470588235294,204.67692209108048,0,0,0,0
2526,18,439.34,407.02252506601053,0,0,0,0
2527,16,468.143125,311.7516604751038,0,0,0,0
2528,19,353.60578947368424,238.07843524695784,0,0,0,0
2529,17,430.9405882352941,400.4303682652774,0,0,0,0
2530,21,331.31666666666666,172.07155710656943,0,0,0,0
2531,14,322.7507142857143,152.7084065636338,0,0,0,0
2532,20,404.20500000000004,250.6288348035796,0,0,0,0
2533,20,912.3280000000001,2279.020652577769,0,0,0,0
2534,18,331.8561111111111,227.02059711104255,0,0,0,0
2535,22,389.84136363636367,211.6709232897194,0,0,0,0
2536,18,380.3283333333333,271.5584641830272,0,0,0,0
2537,17,419.75117647058823,297.58343889487236,0,0,0,0
2538,28,321.52642857142854,181.55742405669358,0,0,0,0
2539,27,433.5288888888889,331.0893916142681,0,0,0,0
2540,18,474.8983333333333,314.50353559662534,0,0,0,0
2541,18,312.7922222222222,143.33610429707412,0,0,0,0
2542,18,374.1677777777778,218.70276446343925,0,0,0,0
2543,17,412.84352941176473,249.10133052614583,0,0,0,0
2544,19,370.76894736842104,209.31825282882772,0,0,0,0
2545,13,439.29307692307697,217.8486000514547,0,0,0,0
2546,19,421.31894736842105,362.29966725575224,0,0,0,0
2547,20,461.639,218.9316021021177,0,0,0,0
2548,17,354.1452941176471,198.80383911897397,0,0,0,0
2549,27,380.73555555555555,279.0392878263154,0,0,0,0
2550,14,345.77785714285716,222.67183410245445,0,0,0,0
2551,8,498.55375,374.4483016364709,0,0,0,0
2552,9,506.84777777777776,208.74536448760182,0,0,0,0
2553,28,348.0617857142857,160.45184360009202,0,0,0,0
2554,28,341.4428571428571,206.52602836407024,0,0,0,0
2555,20,447.31499999999994,268.7382992894761,0,0,0,0
2556,25,405.26559999999995,247.22235871506447,0,0,0,0
2557,19,378.1778947368421,228.50358423030082,0,0,0,0
2558,19,313.9557894736842,188.88883512506257,0,0,0,0
2559,19,413.5547368421053,300.0678606822204,0,0,0,0
2560,18,365.3183333333334,185.61848615581843,0,0,0,0
2561,25,380.01279999999997,236.6377094297526,0,0,0,0
2562,26,520.8011538461539,351.25159750336877,0,0,0,0
2563,21,374.8004761904762,191.43217905034598,0,0,0,0
2564,19,449.48947368421057,471.78584333721506,0,0,0,0
2565,15,463.14933333333335,368.051077061625,0,0,0,0
2566,19,348.1794736842105,231.00498106895964,0,0,0,0
2567,16,383.996875,206.68156959193138,0,0,0,0
2568,21,390.0980952380952,283.28655226044526,0,0,0,0
2569,18,452.61333333333334,330.92104033036844,0,0,0,0
2570,18,416.8538888888889,273.3572368641219,0,0,0,0
2571,17,438.88529411764705,311.5766704269195,0,0,0,0
2572,17,392.55470588235295,330.6078678135286,0,0,0,0
2573,19,452.3536842105263,260.77081533126335,0,0,0,0
2574,22,289.9795454545455,159.33663590242668,0,0,0,0
2575,21,481.3938095238095,338.6886678756646,0,0,0,0
2576,18,550.8311111111111,251.8349082873516,0,0,0,0
2577,14,421.1714285714285,165.2833193492377,0,0,0,0
2578,21,360.25142857142856,230.96952374276393,0,0,0,0
2579,19,513.4015789473684,297.0836968770561,0,0,0,0
2580,12,319.8925,265.64665488592794,0,0,0,0
2581,21,470.577619047619,244.8027520251621,0,0,0,0
2582,20,459.01099999999997,339.4751915957925,0,0,0,0
2583,19,313.7863157894737,171.09485372341598,0,0,0,0
2584,19,391.6457894736842,248.09966387290902,0,0,0,0
2585,14,271.53714285714284,184.25629612923763,0,0,0,0
2586,26,415.22999999999996,239.52231903391515,0,0,0,0
2587,23,415.8965217391304,324.95784851214296,0,0,0,0
2588,13,482.6207692307692,221.7477015564358,0,0,0,0
2589,19,390.98105263157896,301.39116750748275,0,0,0,0
2590,17,374.2570588235294,268.64838046532793,0,0,0,0
2591,19,468.60052631578947,290.59438342588516,0,0,0,0
2592,24,447.3616666666667,244.86543793933478,0,0,0,0
2593,19,390.6663157894737,211.7778542224332,0,0,0,0
2594,21,314.792380952381,266.7198158922001,0,0,0,0
2595,16,546.73625,337.5265205668104,0,0,0,0
2596,27,378.6722222222222,233.0776078402711,0,0,0,0
2597,13,350.3953846153846,153.81533676734605,0,0,0,0
2598,15,430.0946666666667,313.9179147455943,0,0,0,0
2599,16,252.48375,185.25103349492412,0,0,0,0
2600,24,358.3566666666666,220.90705333666676,0,0,0,0
2601,18,572.1688888888889,380.25360376535974,0,0,0,0
2602,21,390.7338095238095,293.5777473316816,0,0,0,0
2603,18,550.8744444444444,307.0997451466474,0,0,0,0
2604,22,462.37863636363636,260.953987171815,0,0,0,0
2605,28,334.3992857142857,219.41842432941695,0,0,0,0
2606,19,392.89684210526315,255.60318170024968,0,0,0,0
2607,31,526.1225806451613,352.5978078808382,0,0,0,0
2608,19,365.72,191.46607722078545,0,0,0,0
2609,14,378.31357142857144,300.1068535564135,0,0,0,0
2610,10,394.197,302.88807702020887,0,0,0,0
2611,20,437.68050000000005,273.9701762870366,0,0,0,0
2612,14,392.43642857142856,231.35063264006686,0,0,0,0
2613,20,307.0895,157.09579445277978,0,0,0,0
2614,23,368.1034782608696,206.298174297148,0,0,0,0
2615,17,405.19,280.08648414373727,0,0,0,0
2616,16,368.79875,229.68688683931765,0,0,0,0
2617,23,352.66434782608695,229.27608654056635,0,0,0,0
2618,21,342.90523809523813,204.63896278961622,0,0,0,0
2619,17,282.68117647058824,185.75618542095805,0,0,0,0
2620,23,389.6826086956522,261.1999735371414,0,0,0,0
2621,15,400.75333333333333,206.30946753737584,0,0,0,0
2622,21,405.55095238095237,271.4603429934851,0,0,0,0
2623,19,311.7373684210526,234.0895002668425,0,0,0,0
2624,14,396.46999999999997,267.78262036851567,0,0,0,0
2625,20,264.852,142.3126623178697,0,0,0,0
2626,22,381.2663636363637,295.31169557151355,0,0,0,0
2627,19,472.1768421052632,242.13162870968887,0,0,0,0
2628,14,391.13214285714287,200.92928618150256,0,0,0,0
2629,21,298.5847619047619,249.1510575194064,0,0,0,0
2630,33,416.2106060606061,296.193968591421,0,0,0,0
2631,22,483.4281818181818,466.0581773734844,0,0,0,0
2632,16,460.943125,352.92489738821826,0,0,0,0
2633,16,501.47625,279.17533536012365,0,0,0,0
2634,11,378.69090909090914,221.66969380977395,0,0,0,0
2635,15,420.59066666666666,271.5900626671667,0,0,0,0
2636,17,355.1382352941177,237.38606976908983,0,0,0,0
2637,13,376.4423076923077,189.84554147451422,0,0,0,0
2638,19,366.0468421052632,274.0296328396588,0,0,0,0
2639,21,510.69190476190477,312.92013155069657,0,0,0,0
2640,13,284.3269230769231,145.11979536202892,0,0,0,0
2641,23,445.3,326.4452917212263,0,0,0,0
2642,15,548.092,364.3047770974188,0,0,0,0
2643,23,358.15521739130435,216.81747468619903,0,0,0,0
2644,17,361.7258823529412,113.72877063997596,0,0,0,0
2645,19,381.53473684210525,295.90266702286846,0,0,0,0
2646,23,417.17391304347825,324.341895251173,0,0,0,0
2647,18,474.6677777777778,253.67767509086437,0,0,0,0
2648,14,392.5807142857143,185.2647119457641,0,0,0,0
2649,13,453.90999999999997,257.5000632412171,0,0,0,0
2650,18,454.6272222222222,386.95787361597263,0,0,0,0
2651,17,324.94823529411764,229.84098337342343,0,0,0,0
2652,20,402.6015,252.06814136806335,0,0,0,0
2653,25,346.5716,239.39444303792857,0,0,0,0
2654,25,329.57559999999995,212.1776186703961,0,0,0,0
2655,21,378.83619047619044,251.22495930134752,0,0,0,0
2656,16,340.145,269.40501127484623,0,0,0,0
2657,26,379.23230769230764,251.48377559393825,0,0,0,0
2658,17,410.3494117647059,285.5830511421397,0,0,0,0
2659,19,621.3794736842106,970.9525949102156,1,0,0,1
2660,18,742.3727777777779,1497.5969728453704,1,0,0,1
2661,15,390.07466666666664,245.5951358331205,0,0,0,0
2662,16,371.794375,213.70439469535808,0,0,0,0
2663,23,398.8569565217391,210.94365500386454,0,0,0,0
2664,17,433.4258823529412,257.6469783628668,0,0,0,0
2665,12,439.5925,191.5481629218877,0,0,0,0
2666,10,359.343,166.12521699308627,0,0,0,0
2667,24,356.02708333333334,234.1460762978097,0,0,0,0
2668,10,371.429,217.82864377533093,0,0,0,0
2669,18,445.9627777777778,278.76985979688135,0,0,0,0
2670,26,382.0280769230769,275.9900436891385,0,0,0,0
2671,15,408.10066666666665,246.59107835893457,0,0,0,0
2672,16,311.95437499999997,146.59142774087917,0,0,0,0
2673,12,455.5741666666667,223.24523266497502,0,0,0,0
2674,20,332.143,196.88127328671973,0,0,0,0
2675,26,325.3523076923077,201.33383389683326,0,0,0,0
2676,15,330.2006666666667,132.61682047496416,0,0,0,0
2677,21,418.0023809523809,285.55727918288324,0,0,0,0
2678,11,290.2918181818182,236.5778276638552,0,0,0,0
2679,21,406.93666666666667,279.34995531860733,0,0,0,0
2680,19,401.4589473684211,302.2228000019145,0,0,0,0
2681,17,483.3135294117647,270.6168290480358,0,0,0,0
2682,14,362.5892857142857,253.14806162922252,0,0,0,0
2683,10,365.179,278.86574703430324,0,0,0,0
2684,17,770.2582352941176,1411.0187197250548,1,0,0,1
2685,20,412.942,193.42332027446946,0,0,0,0
2686,17,336.34294117647056,188.3790726407702,0,0,0,0
2687,15,408.46733333333333,206.84669106906748,0,0,0,0
2688,21,313.07428571428574,210.93432411809238,0,0,0,0
2689,22,373.65863636363633,411.655196110172,0,0,0,0
2690,22,386.8527272727273,260.0715246931089,0,0,0,0
2691,21,313.87333333333333,232.42663580524936,0,0,0,0
2692,22,503.23227272727274,364.3154148278636,0,0,0,0
2693,10,518.696,417.6157471695721,0,0,0,0
2694,17,319.35411764705884,217.21476861984863,0,0,0,0
2695,18,480.12,296.3616674493065,0,0,0,0
2696,27,459.53962962962964,370.5711819408627,0,0,0,0
2697,18,448.07,201.71592602249112,0,0,0,0
2698,16,331.41812500000003,182.7329720253965,0,0,0,0
2699,21,282.9009523809524,178.06783070624041,0,0,0,0
2700,25,404.21160000000003,235.6075310626551,0,0,0,0
2701,17,372.07235294117646,203.04148841552822,0,0,0,0
2702,14,409.92285714285714,270.3739730296478,0,0,0,0
2703,15,485.188,493.0050628029425,0,0,0,0
2704,24,306.56416666666667,190.1229851945986,0,0,0,0
2705,14,299.6714285714285,195.50079929895588,0,0,0,0
2706,18,421.24666666666667,227.86208167807706,0,0,0,0
2707,19,519.0815789473684,344.463324703702,0,0,0,0
2708,19,454.1226315789474,293.2386572462797,0,0,0,0
2709,19,674.2573684210525,1293.5293135402117,1,0,0,1
2710,28,355.7682142857143,233.31159385884382,0,0,0,0
2711,14,281.46999999999997,148.1824591026694,0,0,0,0
2712,16,408.644375,272.4392350361991,0,0,0,0
2713,14,996.6664285714286,1984.6537207339113,1,0,0,1
2714,13,634.7746153846153,265.89422265298793,0,0,0,0
2715,18,333.8261111111111,178.26620537645658,0,0,0,0
2716,14,520.7921428571428,371.73160694585965,0,0,0,0
2717,17,353.5329411764706,166.58546373151407,0,0,0,0
2718,18,288.2344444444445,193.3291834101222,0,0,0,0
2719,22,377.8959090909091,249.54546254884903,0,0,0,0
2720,10,327.758,201.11088328581332,0,0,0,0
2721,24,416.2079166666667,231.786956006645,0,0,0,0
2722,28,389.9321428571429,268.0522813657965,0,0,0,0
2723,20,420.438,232.24302302975642,0,0,0,0
2724,14,350.0571428571429,262.6773947103875,0,0,0,0
2725,15,378.594,282.23495800012677,0,0,0,0
2726,20,325.1385,247.35037562686256,0,0,0,0
2727,17,461.51235294117646,301.41291147896834,0,0,0,0
2728,17,540.67,440.29462025276837,0,0,0,0
2729,15,381.37600000000003,190.56649410988626,0,0,0,0
2730,17,440.48,179.53043179688632,0,0,0,0
2731,18,423.7472222222222,228.59066902327,0,0,0,0
2732,19,426.99315789473684,305.80586776327357,0,0,0,0
2733,16,325.4575,214.56503721191393,0,0,0,0
2734,15,604.1626666666667,522.8486699797137,0,0,0,0
2735,14,238.6257142857143,255.55150877812383,0,0,0,0
2736,21,352.6142857142857,187.74011592957885,0,0,0,0
2737,21,461.3457142857143,332.97859001059237,0,0,0,0
2738,14,496.75642857142856,220.80342714107695,0,0,0,0
2739,26,499.4484615384615,237.8677768246034,0,0,0,0
2740,21,461.09476190476187,581.5012336196148,1,0,0,1
2741,24,383.0291666666667,324.71511823079453,0,0,0,0
2742,19,266.8636842105263,142.83612340575655,0,0,0,0
2743,19,364.48894736842107,276.4338526168171,0,0,0,0
2744,15,362.19,234.9842128030449,0,0,0,0
2745,15,417.74533333333335,351.07735777872216,0,0,0,0
2746,20,310.6495,199.71817945482582,0,0,0,0
2747,29,358.83655172413796,327.54003562898004,0,0,0,0
2748,12,268.77333333333337,196.69211454001456,0,0,0,0
2749,19,362.19473684210527,270.5601992818919,0,0,0,0
2750,13,320.95692307692303,154.9830213720506,0,0,0,0
2751,18,318.99111111111114,228.99199609711948,0,0,0,0
2752,21,403.22476190476186,237.16051471361976,0,0,0,0
2753,22,357.3313636363636,211.62891564965696,0,0,0,0
2754,25,428.37840000000006,221.11848569814322,0,0,0,0
2755,20,389.65299999999996,313.1424595308021,0,0,0,0
2756,15,281.2646666666667,253.57659026723178,0,0,0,0
2757,21,452.42047619047617,324.33177709423813,0,0,0,0
2758,15,464.10333333333335,349.694252200722,0,0,0,0
2759,19,401.4015789473684,215.6765904936848,0,0,0,0
2760,16,386.3175,231.351179986725,0,0,0,0
2761,18,622.9355555555555,872.3551533140504,1,0,0,1
2762,19,405.658947368421,303.05242269969585,0,0,0,0
2763,18,263.09555555555556,165.78377943783082,0,0,0,0
2764,19,460.18315789473684,315.345190696308,0,0,0,0
2765,23,472.378695652174,311.85525886363905,0,0,0,0
2766,14,411.4614285714286,249.16668872340807,0,0,0,0
2767,16,444.07437500000003,270.6450949806949,0,0,0,0
2768,17,397.1135294117647,241.33236315337055,0,0,0,0
2769,17,367.54294117647055,223.0051453050489,0,0,0,0
2770,21,411.6952380952381,469.4086459793656,0,0,0,0
2771,14,294.4614285714286,192.7795910158668,0,0,0,0
2772,23,415.20130434782607,357.7731407191403,0,0,0,0
2773,21,386.82095238095235,201.29606390078803,0,0,0,0
2774,12,380.3233333333333,233.03637435435317,0,0,0,0
2775,24,349.86999999999995,224.527788183705,0,0,0,0
2776,18,404.0155555555555,270.81270764993906,0,0,0,0
2777,24,344.9025,259.19411966468306,0,0,0,0
2778,22,416.52272727272725,199.04580439463533,0,0,0,0
2779,17,400.2529411764706,216.5599624004375,0,0,0,0
2780,25,369.978,216.96388173149919,0,0,0,0
2781,20,346.464,234.92242750320796,0,0,0,0
2782,19,477.0842105263158,326.237313386175,0,0,0,0
2783,24,417.7391666666667,246.6505678065744,0,0,0,0
2784,16,384.88437500000003,202.97962905698037,0,0,0,0
2785,19,463.7347368421053,314.64300971382295,0,0,0,0
2786,17,410.41352941176467,243.18515311059932,0,0,0,0
2787,18,451.6722222222222,251.9858884398877,0,0,0,0
2788,20,446.384,298.05874797428777,0,0,0,0
2789,15,405.47,321.25761243380157,0,0,0,0
2790,18,382.55833333333334,199.5885629725422,0,0,0,0
2791,18,442.35,348.1623909582679,0,0,0,0
2792,16,428.055,257.7320327636827,0,0,0,0
2793,17,401.2841176470588,334.6512249045323,0,0,0,0
2794,32,473.6053125,292.3189068036865,0,0,0,0
2795,16,355.758125,232.6845344887244,0,0,0,0
2796,24,371.91375,221.84202607209227,0,0,0,0
2797,29,444.08103448275864,322.7330781412342,0,0,0,0
2798,15,364.38866666666667,252.8675073858948,0,0,0,0
2799,19,356.5473684210527,201.4183115817507,0,0,0,0
2800,17,418.19529411764705,241.98575816424665,0,0,0,0
2801,24,448.85875000000004,362.7627328492699,0,0,0,0
2802,22,435.315,249.55628291666355,0,0,0,0
2803,18,399.68666666666667,242.75423726705807,0,0,0,0
2804,24,449.51500000000004,298.5125266355389,0,0,0,0
2805,18,344.11888888888893,198.7754757645723,0,0,0,0
2806,20,373.70799999999997,215.17439767779072,0,0,0,0
2807,14,385.5792857142857,287.75734505865205,0,0,0,0
2808,18,430.0133333333333,292.16297236683204,0,0,0,0
2809,13,423.6992307692308,155.9106059678252,0,0,0,0
2810,20,367.424,222.15621961583702,0,0,0,0
2811,19,366.10263157894735,246.99624330921367,0,0,0,0
2812,20,452.94000000000005,286.3290418207695,0,0,0,0
2813,20,382.3685,229.5229329996243,0,0,0,0
2814,24,398.1541666666667,255.3246336678834,0,0,0,0
2815,18,447.8122222222222,393.9984441389974,0,0,0,0
2816,19,393.1136842105263,205.06909637101978,0,0,0,0
2817,14,422.84000000000003,214.1781681217765,0,0,0,0
2818,16,443.26,234.64075288086678,0,0,0,0
2819,36,378.3025,282.75631947329373,0,1,0,1
2820,17,325.52647058823527,311.81991510827453,0,0,0,0
2821,19,457.3394736842106,318.05667630444134,0,0,0,0
2822,21,433.43428571428575,221.57629601973014,0,0,0,0
2823,20,306.548,159.71318845355253,0,0,0,0
2824,13,406.3969230769231,288.9741651317803,0,0,0,0
2825,15,338.0433333333333,192.7156995392148,0,0,0,0
2826,22,481.19,335.98216387995143,0,0,0,0
2827,15,401.76866666666666,232.8822440595724,0,0,0,0
2828,17,337.9688235294118,246.71020115016947,0,0,0,0
2829,23,430.9726086956522,248.68981770063954,0,0,0,0
2830,17,440.4164705882353,256.17451218539605,0,0,0,0
2831,17,370.36647058823525,233.66759514925778,0,0,0,0
2832,20,417.33450000000005,258.11556784655585,0,0,0,0
2833,14,302.325,177.41263410277668,0,0,0,0
2834,19,450.48421052631585,313.33921921467294,0,0,0,0
2835,17,455.7570588235294,263.97701608428196,0,0,0,0
2836,19,357.86947368421056,212.11137857450177,0,0,0,0
2837,14,438.3457142857143,219.24453098617298,0,0,0,0
2838,22,338.5477272727273,180.91729971383,0,0,0,0
2839,11,461.49818181818176,343.5003473550761,0,0,0,0
2840,18,330.9222222222222,241.68028841048005,0,0,0,0
2841,18,365.61277777777775,173.00677343212627,0,0,0,0
2842,19,315.461052631579,278.1843743936504,0,0,0,0
2843,23,325.91739130434786,183.73575378592392,0,0,0,0
2844,21,311.2138095238095,256.477212140557,0,0,0,0
2845,22,395.2609090909091,256.948644088996,0,0,0,0
2846,17,373.8635294117647,204.48964250891927,0,0,0,0
2847,26,385.19653846153847,268.1222787337941,0,0,0,0
2848,19,460.48263157894735,295.755094521092,0,0,0,0
2849,19,328.8178947368421,261.2786235858883,0,0,0,0
2850,21,402.57047619047614,265.2186597701027,0,0,0,0
2851,17,456.3805882352941,241.96197055275357,0,0,0,0
2852,18,408.09,337.84047645794806,0,0,0,0
2853,11,458.4281818181818,322.5150060446288,0,0,0,0
2854,11,447.67727272727274,398.256105336775,0,0,0,0
2855,19,583.4715789473684,369.12474083635595,0,0,0,0
2856,22,346.6736363636364,249.39579240355087,0,0,0,0
2857,20,313.70799999999997,238.54169729001262,0,0,0,0
2858,19,430.788947368421,268.3831538539187,0,0,0,0
2859,16,348.50625,204.21492375910606,0,0,0,0
2860,29,282.9472413793103,193.01454627863842,0,1,0,1
2861,17,256.2570588235294,197.0411500994804,0,0,0,0
2862,11,302.25636363636363,148.0586528908992,0,0,0,0
2863,21,372.3419047619048,261.99079863193754,0,0,0,0
2864,25,443.42400000000004,303.03660502322157,0,0,0,0
2865,20,485.9845,310.54765499798896,0,0,0,0
2866,13,362.3853846153846,237.97496049973836,0,0,0,0
2867,19,465.8515789473684,296.86557676148306,0,0,0,0
2868,15,247.42333333333332,216.26804278230503,0,0,0,0
2869,19,485.0147368421053,334.760655667337,0,0,0,0
2870,17,374.8764705882353,223.24993909336305,0,0,0,0
2871,19,388.7221052631579,171.33851361617283,0,0,0,0
2872,15,348.56733333333335,237.54073914360217,0,0,0,0
2873,21,422.94952380952384,238.03222571896774,0,0,0,0
2874,16,429.635,315.5027909147556,0,0,0,0
2875,22,370.2081818181818,180.13842315479013,0,0,0,0
2876,17,443.07,299.53273109962447,0,0,0,0
2877,24,468.98875,348.1743939262873,0,0,0,0
2878,15,428.59666666666664,334.98064709605075,0,0,0,0
2879,20,403.33299999999997,204.57683945403014,0,0,0,0
2880,20,450.0835,254.95711057499443,0,0,0,0
2881,17,472.50470588235294,240.89886069414493,0,0,0,0
2882,17,412.9164705882353,243.87761766777194,0,0,0,0
2883,15,400.6453333333333,264.5657490018103,0,0,0,0
2884,17,458.1229411764706,236.08861324323595,0,0,0,0
2885,20,373.197,285.43022030086445,0,0,0,0
2886,21,453.2790476190477,260.0527104244309,0,0,0,0
2887,11,288.63363636363636,169.66936693960392,0,0,0,0
2888,23,396.82217391304346,211.00837253029286,0,0,0,0
2889,25,408.102,243.45039844699374,0,0,0,0
2890,18,344.6483333333333,225.0062995969965,0,0,0,0
2891,25,341.44599999999997,226.24340976921295,0,0,0,0
2892,14,331.4057142857143,285.6413017533476,0,0,0,0
2893,17,374.76941176470586,336.4289607466423,0,0,0,0
2894,11,230.33090909090913,152.12478624498587,0,0,0,0
2895,18,405.3061111111111,279.2846116845063,0,0,0,0
2896,9,382.84777777777776,204.8157044096949,0,0,0,0
2897,11,274.8818181818182,130.59328625498333,0,0,0,0
2898,14,322.74642857142857,195.9558503339516,0,0,0,0
2899,17,370.2529411764706,259.70192995193787,0,0,0,0
2900,24,379.69666666666666,269.4396025034594,0,0,0,0
2901,22,420.0763636363636,265.78650852526283,0,0,0,0
2902,22,396.99772727272733,290.5788929476001,0,0,0,0
2903,19,446.1252631578947,173.73432983084507,0,0,0,0
2904,17,472.23470588235296,231.37102442302603,0,0,0,0
2905,19,307.8484210526316,170.03592596436656,0,0,0,0
2906,13,328.80384615384617,156.52087334569592,0,0,0,0
2907,20,587.199,394.5807876962589,0,0,0,0
2908,20,432.18149999999997,305.21349002419606,0,0,0,0
2909,23,359.7269565217391,294.26209400634343,0,0,0,0
2910,21,345.47714285714284,196.89025391591844,0,0,0,0
2911,17,436.92470588235295,170.2311667778864,0,0,0,0
2912,13,356.71384615384613,162.7598124910759,0,0,0,0
2913,19,459.30368421052634,255.33250532570327,0,0,0,0
2914,21,388.6842857142857,248.39758697492624,0,0,0,0
2915,24,390.5058333333333,245.6177897316049,0,0,0,0
2916,22,444.88681818181817,301.1820725889358,0,0,0,0
2917,15,330.226,211.5817271820356,0,0,0,0
2918,26,330.3396153846154,226.57962226726204,0,0,0,0
2919,21,372.04,177.31816303711565,0,0,0,0
2920,23,470.40739130434787,280.9253512824976,0,0,0,0
2921,21,312.6447619047619,202.81973414408344,0,0,0,0
2922,14,378.57142857142856,241.99932074453505,0,0,0,0
2923,15,350.04200000000003,220.70558909098784,0,0,0,0
2924,18,491.4816666666667,285.7103922243641,0,0,0,0
2925,19,360.94947368421055,248.56824816226995,0,0,0,0
2926,21,477.93380952380954,404.889150056045,0,0,0,0
2927,7,317.4414285714286,183.03281637287816,0,0,0,0
2928,14,407.98071428571427,242.03392791874347,0,0,0,0
2929,18,433.18944444444446,239.47137229675562,0,0,0,0
2930,21,393.42809523809524,290.733600194553,0,0,0,0
2931,27,334.7907407407408,183.55089928703956,0,0,0,0
2932,20,414.1795,272.28505977146455,0,0,0,0
2933,11,383.88090909090903,240.19905451538037,0,0,0,0
2934,9,552.6555555555556,423.1041306584549,0,0,0,0
2935,13,476.92923076923074,372.33917572064775,0,0,0,0
2936,13,386.0253846153846,221.23515559468828,0,0,0,0
2937,15,462.0933333333333,341.66132508995264,0,0,0,0
2938,25,442.4556,290.9613236302034,0,0,0,0
2939,13,364.84615384615387,147.91827559310528,0,0,0,0
2940,26,431.265,218.72849593203966,0,0,0,0
2941,16,336.2075,199.1510119701881,0,0,0,0
2942,19,351.6342105263158,251.45225685407618,0,0,0,0
2943,21,351.4319047619048,197.82255125957727,0,0,0,0
2944,18,408.49611111111113,313.90974993068187,0,0,0,0
2945,12,504.9166666666667,244.59347116979401,0,0,0,0
2946,12,349.56916666666666,122.50357195189133,0,0,0,0
2947,16,387.7425,282.04425194683546,0,0,0,0
2948,18,411.97222222222223,228.50761182448247,0,0,0,0
2949,14,429.78714285714284,282.45797415414796,0,0,0,0
2950,21,330.9590476190476,195.81707104687956,0,0,0,0
2951,13,492.3253846153847,411.36535295217493,0,0,0,0
2952,18,410.1677777777778,397.3160538266671,0,0,0,0
2953,21,289.15238095238095,147.33351065184647,0,0,0,0
2954,14,414.09285714285716,189.58528568688968,0,0,0,0
2955,21,419.612380952381,265.5331983173041,0,0,0,0
2956,20,409.89750000000004,267.01061400017414,0,0,0,0
2957,19,455.6063157894737,281.8148010981779,0,0,0,0
2958,19,402.46631578947364,197.2017042792408,0,0,0,0
2959,15,417.2966666666667,218.37059492726783,0,0,0,0
2960,17,306.93176470588236,166.96843418602472,0,0,0,0
2961,12,317.63666666666666,198.20981237623485,0,0,0,0
2962,22,371.0109090909091,272.2311139606648,0,0,0,0
2963,19,420.57,255.57636053273376,0,0,0,0
2964,16,380.49375,232.99509439243033,0,0,0,0
2965,22,423.89909090909094,224.71096509858424,0,0,0,0
2966,16,355.08625,306.5527133274757,0,0,0,0
2967,17,371.9729411764706,249.49778409400764,0,0,0,0
2968,21,443.3723809523809,355.99088181079355,0,0,0,0
2969,19,417.6273684210526,291.94977035247734,0,0,0,0
2970,19,565.4810526315789,389.80888599272856,0,0,0,0
2971,11,482.8172727272727,341.71805321428656,0,0,0,0
2972,14,398.72214285714284,205.5740856090077,0,0,0,0
2973,17,257.98411764705884,201.73249442411202,0,0,0,0
2974,22,488.0640909090909,258.7142518416636,0,0,0,0
2975,25,404.2064,276.5359122122116,0,0,0,0
2976,22,356.2459090909091,257.3627939250365,0,0,0,0
2977,22,408.66818181818184,299.3506971405151,0,0,0,0
2978,18,376.5788888888889,269.74604021167124,0,0,0,0
2979,19,371.18947368421055,167.36690226388006,0,0,0,0
2980,16,432.883125,264.99840168666,0,0,0,0
2981,25,408.13239999999996,284.586383487053,0,0,0,0
2982,17,475.50470588235294,372.20386978608514,0,0,0,0
2983,15,195.032,154.7772172812696,0,0,0,0
2984,17,398.87823529411764,343.31366491943663,0,0,0,0
2985,17,305.0411764705882,130.61022173683554,0,0,0,0
2986,23,352.6173913043478,215.1284230249335,0,0,0,0
2987,19,305.7394736842105,197.81884867018277,0,0,0,0
2988,18,187.90111111111113,89.2173455288257,0,0,0,0
2989,22,354.3668181818182,167.93320475134703,0,0,0,0
2990,18,504.8744444444444,283.91190060029044,0,0,0,0
2991,9,277.68333333333334,146.54140112761456,0,0,0,0
2992,15,415.60400000000004,225.14307074391598,0,0,0,0
2993,18,394.32500000000005,248.29195769966714,0,0,0,0
2994,22,373.83409090909095,222.21493820294162,0,0,0,0
2995,14,286.73357142857145,255.0776978717085,0,0,0,0
2996,19,354.09,207.04466843248056,0,0,0,0
2997,20,312.9165,218.56888059087922,0,0,0,0
2998,23,327.79391304347826,197.1956424410326,0,0,0,0
2999,11,386.63000000000005,182.78667183358846,0,0,0,0
3000,19,430.9178947368421,347.1668594961362,0,0,0,0
3001,17,357.36,204.08178700764864,0,0,0,0
3002,13,319.5576923076923,136.54464370836288,0,0,0,0
3003,29,501.66172413793106,257.2308376438532,0,0,0,0
3004,15,399.4626666666666,265.91133260209557,0,0,0,0
3005,20,433.674,205.42530938031953,0,0,0,0
3006,18,534.9644444444444,314.29771997303266,0,0,0,0
3007,15,329.842,237.7165882923052,0,0,0,0
3008,13,353.03615384615387,255.5242745818716,0,0,0,0
3009,18,426.8488888888889,266.89012789054624,0,0,0,0
3010,22,496.1322727272727,326.84381948530677,0,0,0,0
3011,21,443.49380952380955,393.1993221603927,0,0,0,0
3012,16,449.739375,222.13890739998564,0,0,0,0
3013,11,436.4518181818182,407.27081981087406,0,0,0,0
3014,21,369.34666666666664,361.0738545523199,0,0,0,0
3015,17,350.7264705882353,263.7869388449517,0,0,0,0
3016,17,396.2105882352941,274.87337924451884,0,0,0,0
3017,19,484.1178947368421,231.86310710777846,0,0,0,0
3018,13,417.8553846153846,263.89169149527373,0,0,0,0
3019,14,413.1435714285714,294.60999109251304,0,0,0,0
3020,14,341.25357142857143,232.14589583176058,0,0,0,0
3021,16,400.093125,237.14092217810995,0,0,0,0
3022,19,408.22315789473686,247.90399196489946,0,0,0,0
3023,20,451.78100000000006,257.1606039015306,0,0,0,0
3024,16,367.229375,262.1147257754882,0,0,0,0
3025,16,467.4625,386.68859529503845,0,0,0,0
3026,19,928.3505263157895,2436.8791290511285,0,0,0,0
3027,21,430.6909523809524,242.16917748322652,0,0,0,0
3028,18,999.7394444444445,2307.499244541762,0,0,0,0
3029,16,367.005,268.91319956446915,0,0,0,0
3030,16,427.66,280.3626108051856,0,0,0,0
3031,18,286.9816666666667,168.9774907182742,0,0,0,0
3032,23,314.3886956521739,178.83235937371128,0,0,0,0
3033,19,342.0963157894737,201.65615062880323,0,0,0,0
3034,12,313.60083333333336,214.16012943816645,0,0,0,0
3035,15,443.318,289.75026960470626,0,0,0,0
3036,19,491.5889473684211,377.2710208421964,0,0,0,0
3037,22,424.5436363636364,304.94338207050015,0,0,0,0
3038,21,334.5314285714286,219.73483719909223,0,0,0,0
3039,12,453.2308333333333,305.5579248265467,0,0,0,0
3040,18,285.95722222222224,214.26456610165013,0,0,0,0
3041,16,363.864375,247.4029555191477,0,0,0,0
3042,16,435.614375,239.98344586056217,0,0,0,0
3043,14,431.7364285714285,277.96841039963886,0,0,0,0
3044,24,350.62625,275.8644541529484,0,0,0,0
3045,18,411.0472222222222,248.5045816212015,0,0,0,0
3046,24,340.815,219.63192305537007,0,0,0,0
3047,20,313.696,194.2131287117325,0,0,0,0
3048,15,291.6653333333333,304.68718423691905,0,0,0,0
3049,16,453.80625,362.03071457880134,0,0,0,0
3050,25,324.286,145.72999853153087,0,0,0,0
3051,18,399.355,255.94260031955082,0,0,0,0
3052,19,345.60210526315785,208.8471960569044,0,0,0,0
3053,22,408.48681818181814,173.06571427656576,0,0,0,0
3054,15,416.0213333333333,209.1879002831877,0,0,0,0
3055,14,351.48857142857145,256.0370615431943,0,0,0,0
3056,16,484.294375,328.983604131132,0,0,0,0
3057,18,380.4894444444445,286.57573083784825,0,0,0,0
3058,17,339.5658823529412,238.89401960009803,0,0,0,0
3059,22,377.415,177.36880948900074,0,0,0,0
3060,21,325.5723809523809,186.88869839979412,0,0,0,0
3061,17,501.8982352941177,323.17062416069814,0,0,0,0
3062,27,547.9977777777777,372.3240067401802,0,0,0,0
3063,19,274.9789473684211,193.19920823349625,0,0,0,0
3064,20,377.57,237.57551502627538,0,0,0,0
3065,18,284.1933333333334,148.6701002593026,0,0,0,0
3066,12,428.34666666666664,222.58980963996433,0,0,0,0
3067,16,427.325,344.08892052055387,0,0,0,0
3068,13,413.3569230769231,267.77138048327174,0,0,0,0
3069,20,501.48699999999997,360.05832895657346,0,0,0,0
3070,17,462.62882352941176,303.9152901498232,0,0,0,0
3071,21,337.09714285714284,248.8898643814905,0,0,0,0
3072,24,356.3108333333334,256.3791820058177,0,0,0,0
3073,21,362.93809523809523,214.96639721059947,0,0,0,0
3074,21,429.85190476190473,339.4116316807387,0,0,0,0
3075,12,339.10833333333335,242.83477767243764,0,0,0,0
3076,17,373.5888235294118,243.60250293030654,0,0,0,0
3077,14,423.1242857142857,207.88708489790062,0,0,0,0
3078,19,462.6605263157894,352.17718056434234,0,0,0,0
3079,20,517.3725000000001,363.27827518136826,0,0,0,0
3080,22,441.5204545454546,297.6568349241557,0,0,0,0
3081,16,463.531875,239.56180286146278,0,0,0,0
3082,19,460.0831578947368,244.04316648047575,0,0,0,0
3083,18,407.62611111111113,314.19214515853355,0,0,0,0
3084,13,367.58384615384614,341.48119760241025,0,0,0,0
3085,17,457.5894117647059,235.3785312932587,0,0,0,0
3086,18,396.3561111111111,199.3760059435129,0,0,0,0
3087,17,373.4335294117647,301.3636830835144,0,0,0,0
3088,23,381.79434782608695,249.27589481860892,0,0,0,0
3089,17,304.78764705882355,170.44437942278,0,0,0,0
3090,18,437.06888888888886,200.12331820068925,0,0,0,0
3091,21,457.6190476190476,319.24572294416197,0,0,0,0
3092,18,491.8016666666667,279.6311197164737,0,0,0,0
3093,22,372.4622727272727,267.9594987872034,0,0,0,0
3094,14,317.8442857142857,144.23472024616606,0,0,0,0
3095,13,283.2623076923077,109.10461388776207,0,0,0,0
3096,14,369.2635714285714,170.89342918101002,0,0,0,0
3097,17,415.00117647058823,223.91863448405573,0,0,0,0
3098,19,391.50736842105266,264.254655286228,0,0,0,0
3099,19,543.7936842105263,298.9739952643396,0,0,0,0
3100,19,321.98789473684207,175.31289337935638,0,0,0,0
3101,15,447.3686666666666,328.46652985992694,0,0,0,0
3102,18,357.96,227.92155078252506,0,0,0,0
3103,10,352.506,309.3199999418079,0,0,0,0
3104,17,422.4835294117647,190.59485459819734,0,0,0,0
3105,16,390.70187500000003,304.20759004376333,0,0,0,0
3106,15,352.05533333333335,245.61172422794118,0,0,0,0
3107,16,379.73875,206.29953335123545,0,0,0,0
3108,14,415.8985714285714,207.51591938441547,0,0,0,0
3109,24,472.395,365.66088862040834,0,0,0,0
3110,14,522.7464285714285,349.731380544047,0,0,0,0
3111,13,434.6430769230769,258.59216870123794,0,0,0,0
3112,16,307.36375,147.2394544557861,0,0,0,0
3113,19,415.53736842105263,209.89481987144,0,0,0,0
3114,11,359.11727272727273,296.8193104503114,0,0,0,0
3115,15,441.358,247.363901090411,0,0,0,0
3116,17,595.5688235294118,427.7368279662341,0,0,0,0
3117,23,366.6478260869565,198.9013596464015,0,0,0,0
3118,17,428.89235294117645,227.3263058075566,0,0,0,0
3119,15,331.53,248.5945786483152,0,0,0,0
3120,28,318.3335714285714,191.51722449978766,0,0,0,0
3121,16,320.464375,171.70448647198873,0,0,0,0
3122,19,366.9894736842105,184.12118647849667,0,0,0,0
3123,18,363.94444444444446,202.34759206271823,0,0,0,0
3124,21,427.6509523809524,267.59123875089,0,0,0,0
3125,18,424.18611111111113,338.8006537468913,0,0,0,0
3126,23,474.88347826086954,206.39514661063012,0,0,0,0
3127,18,365.44,242.1425161391989,0,0,0,0
3128,14,375.2521428571428,208.08880769581373,0,0,0,0
3129,14,282.1092857142857,226.09777753581008,0,0,0,0
3130,11,386.6127272727272,174.9396215368923,0,0,0,0
3131,19,587.8236842105263,1022.5077321195774,1,0,0,1
3132,19,362.9084210526316,282.44816238444355,0,0,0,0
3133,16,438.546875,261.7323863395288,0,0,0,0
3134,22,379.3390909090909,194.62660359376954,0,0,0,0
3135,17,473.01176470588234,297.8453714742778,0,0,0,0
3136,24,407.0308333333333,262.38339784744807,0,0,0,0
3137,18,445.95166666666665,288.15412174833733,0,0,0,0
3138,11,344.78181818181815,180.80818946749184,0,0,0,0
3139,21,386.2838095238095,213.86502239621873,0,0,0,0
3140,16,389.95187500000003,176.3487522715552,0,0,0,0
3141,22,367.3422727272727,221.69972421625158,0,0,0,0
3142,16,359.95625,131.9838237661627,0,0,0,0
3143,18,409.5288888888889,284.59367451955643,0,0,0,0
3144,13,355.32,243.15567118775832,0,0,0,0
3145,22,466.0263636363636,250.14212601031173,0,0,0,0
3146,9,417.1744444444445,254.16136541405294,0,0,0,0
3147,25,399.94,252.9171939588133,0,0,0,0
3148,23,376.94652173913045,216.20203787015063,0,0,0,0
3149,19,345.67315789473685,187.449831465231,0,0,0,0
3150,24,404.05916666666667,413.47545782586127,0,0,0,0
3151,17,385.81470588235294,232.00627261088403,0,0,0,0
3152,17,427.28058823529415,345.8752498580375,0,0,0,0
3153,12,456.42083333333335,258.4456012541882,0,0,0,0
3154,29,410.9741379310345,252.27977137484987,0,0,0,0
3155,15,320.5686666666667,214.53446066204737,0,0,0,0
3156,26,306.74615384615385,201.96643426525728,0,0,0,0
3157,19,446.238947368421,223.0829291139281,0,0,0,0
3158,16,485.80875,385.32570396475955,0,0,0,0
3159,18,448.9566666666667,286.6597384240301,0,0,0,0
3160,21,583.0,379.7964631721776,0,0,0,0
3161,11,280.7672727272727,127.30164985654494,0,0,0,0
3162,18,359.1738888888889,310.11731778543447,0,0,0,0
3163,33,412.45,311.8979865665093,0,0,0,0
3164,22,359.13454545454545,211.51473633869998,0,0,0,0
3165,18,311.30277777777775,173.16606287368452,0,0,0,0
3166,18,486.54333333333335,318.202416692408,0,0,0,0
3167,25,418.0976,325.5040721868776,0,0,0,0
3168,15,401.00533333333334,255.66205905104928,0,0,0,0
3169,12,445.10999999999996,281.0822248322841,0,0,0,0
3170,18,432.8066666666667,289.5674080033487,0,0,0,0
3171,16,490.945625,288.97635346531274,0,0,0,0
3172,18,328.5711111111111,284.5601079812857,0,0,0,0
3173,16,331.406875,233.8702638141163,0,0,0,0
3174,24,421.3854166666667,192.56037663503463,0,0,0,0
3175,24,377.9220833333334,270.34979355425145,0,0,0,0
3176,28,436.3107142857143,354.92330391758645,0,0,0,0
3177,18,392.41999999999996,227.62060612636407,0,0,0,0
3178,12,270.40333333333336,161.91491512176657,0,0,0,0
3179,17,587.4505882352942,289.5563541913648,0,0,0,0
3180,16,287.1725,190.26072471414062,0,0,0,0
3181,32,366.39625,282.5452065682366,0,0,0,0
3182,22,404.6777272727273,153.4312156793222,0,0,0,0
3183,19,344.77684210526314,213.08202994331683,0,0,0,0
3184,13,356.30538461538464,173.3639603491135,0,0,0,0
3185,22,325.90681818181815,204.91351750935777,0,0,0,0
3186,20,392.4855,216.96338846623414,0,0,0,0
3187,20,355.87,239.14762503524892,0,0,0,0
3188,20,413.459,226.964848443542,0,0,0,0
3189,20,402.447,288.4148043027611,0,0,0,0
3190,11,351.8127272727273,299.6526809822243,0,0,0,0
3191,25,374.664,254.30965973002284,0,0,0,0
3192,19,407.13684210526316,205.34161762017413,0,0,0,0
3193,13,388.1,249.29824437038022,0,0,0,0
3194,13,464.11846153846153,289.45098168365763,0,0,0,0
3195,24,446.89708333333334,325.17237854814744,0,0,0,0
3196,19,500.8773684210526,270.12642852525863,0,0,0,0
3197,18,290.13,258.92296351102834,0,0,0,0
3198,20,400.4225,361.039776629598,0,0,0,0
3199,15,450.47533333333337,297.02098239836334,0,0,0,0
3200,13,397.05692307692306,285.8395835855817,0,0,0,0
3201,13,447.91692307692307,396.2061312457019,0,0,0,0
3202,26,343.91692307692307,210.22419771738257,0,0,0,0
3203,11,410.8663636363636,246.99908340914698,0,0,0,0
3204,23,453.61695652173916,280.3438301743489,0,0,0,0
3205,21,353.23190476190473,212.86632404083463,0,0,0,0
3206,20,392.30949999999996,242.6213198067103,0,0,0,0
3207,16,383.349375,226.20506878352512,0,0,0,0
3208,11,420.19090909090914,276.1489984658987,0,0,0,0
3209,26,360.67769230769227,188.0325162818653,0,0,0,0
3210,17,367.2911764705882,325.4784794888606,0,0,0,0
3211,20,428.919,274.3872834863161,0,0,0,0
3212,19,379.46473684210525,271.4604937500778,0,0,0,0
3213,14,438.63142857142856,301.9561804977939,0,0,0,0
3214,24,382.39166666666665,251.62067568178003,0,0,0,0
3215,27,361.9281481481481,246.5691399698258,0,0,0,0
3216,17,404.05470588235295,251.50850054907275,0,0,0,0
3217,21,404.60285714285715,333.06041312626263,0,0,0,0
3218,19,394.78684210526313,247.201369759717,0,0,0,0
3219,21,357.87333333333333,210.89985963402344,0,0,0,0
3220,25,410.096,284.1737142946194,0,0,0,0
3221,14,363.3528571428571,329.01669068449957,0,0,0,0
3222,19,308.30315789473684,190.2213943098557,0,0,0,0
3223,20,450.4145,325.58549668980964,0,0,0,0
3224,20,393.9545,222.89376161021198,0,0,0,0
3225,17,406.5070588235294,240.8600714538656,0,0,0,0
3226,25,317.0944,139.46076784759217,0,0,0,0
3227,19,465.9410526315789,354.74461480864534,0,0,0,0
3228,19,474.54210526315785,310.8862898498751,0,0,0,0
3229,19,306.0805263157895,161.24669577924067,0,0,0,0
3230,15,291.0586666666667,156.131995818353,0,0,0,0
3231,18,409.0566666666666,313.28172997053844,0,0,0,0
3232,21,510.51714285714286,218.3151577998423,0,0,0,0
3233,20,310.5565,175.39211528101825,0,0,0,0
3234,18,366.3961111111111,251.81408084667208,0,0,0,0
3235,19,324.6331578947368,240.4904787709929,0,0,0,0
3236,15,832.7900000000001,1566.1561526233581,1,0,0,1
3237,17,403.6017647058824,337.09772912204363,0,0,0,0
3238,14,513.1371428571429,179.44327891838012,0,0,0,0
3239,22,465.6740909090909,308.76388137597206,0,0,0,0
3240,18,332.55277777777775,198.3553503971417,0,0,0,0
3241,14,425.38500000000005,267.1209075827969,0,0,0,0
3242,19,313.7447368421052,202.27432579930246,0,0,0,0
3243,20,256.28000000000003,180.26650598488894,0,0,0,0
3244,14,423.34142857142854,215.46486643856298,0,0,0,0
3245,19,436.7721052631579,352.21929859227055,0,0,0,0
3246,17,523.5582352941176,286.43078992058946,0,0,0,0
3247,15,455.8686666666666,302.5360250254872,0,0,0,0
3248,19,417.34473684210525,205.7119215225741,0,0,0,0
3249,19,447.0805263157895,221.64465404819492,0,0,0,0
3250,16,379.434375,239.02013678163058,0,0,0,0
3251,20,401.719,188.7623853393467,0,0,0,0
3252,21,408.78523809523807,210.79575532500303,0,0,0,0
3253,14,422.9871428571428,256.0068380065706,0,0,0,0
3254,22,348.16318181818184,210.05922447093474,0,0,0,0
3255,21,407.66285714285715,235.54384117536642,0,0,0,0
3256,12,407.8416666666667,217.15088854808354,0,0,0,0
3257,20,436.59049999999996,290.69379264915517,0,0,0,0
3258,18,353.31166666666667,310.6275076402246,0,0,0,0
3259,18,428.56,265.65163725785277,0,0,0,0
3260,19,329.0984210526316,224.12809726073493,0,0,0,0
3261,16,407.09749999999997,200.83405803984053,0,0,0,0
3262,19,386.34263157894736,273.0906387387877,0,0,0,0
3263,18,306.9538888888889,185.94134386171024,0,0,0,0
3264,21,452.90523809523813,313.399894894975,0,0,0,0
3265,13,301.66923076923075,123.28400760105723,0,0,0,0
3266,28,509.5996428571429,345.9662690358508,0,0,0,0
3267,15,374.83933333333334,202.76028692248605,0,0,0,0
3268,16,489.981875,350.8090713839002,0,0,0,0
3269,22,410.08590909090907,250.31937573753274,0,0,0,0
3270,20,298.104,189.35300389484186,0,0,0,0
3271,17,472.90176470588233,269.52421349777046,0,0,0,0
3272,19,414.8357894736842,295.9188762289206,0,0,0,0
3273,17,398.41294117647055,370.3675072739112,0,0,0,0
3274,8,460.88625,235.51140890291802,0,0,0,0
3275,27,332.82222222222225,203.37143734653358,0,0,0,0
3276,22,425.93409090909086,285.90559558674255,0,0,0,0
3277,19,372.9163157894737,279.9361543978523,0,0,0,0
3278,17,350.92117647058825,293.7147363540976,0,0,0,0
3279,18,295.85055555555556,217.35684784530466,0,0,0,0
3280,19,306.5184210526316,208.06411831232666,0,0,0,0
3281,18,705.4566666666666,1357.6819160163318,1,0,0,1
3282,12,439.9508333333333,328.04299478011353,0,0,0,0
3283,20,409.3155,308.20646097178104,0,0,0,0
3284,15,375.836,192.0041117893051,0,0,0,0
3285,17,519.4247058823529,309.66073589385746,0,0,0,0
3286,14,313.7107142857143,175.58860199195672,0,0,0,0
3287,17,421.9476470588235,235.12083505469394,0,0,0,0
3288,19,394.8015789473684,199.56479283584116,0,0,0,0
3289,15,408.726,178.99585562427603,0,0,0,0
3290,21,378.40761904761905,239.4565490141366,0,0,0,0
3291,13,433.33923076923077,258.9720238071922,0,0,0,0
3292,33,344.8278787878788,270.7008116068206,0,1,0,1
3293,23,343.51000000000005,334.8882121596373,0,0,0,0
3294,21,407.4457142857143,261.1269888035947,0,0,0,0
3295,19,392.0815789473684,242.76700285758417,0,0,0,0
3296,13,526.1776923076924,228.4929966660766,0,0,0,0
3297,15,435.38266666666664,246.02841533629595,0,0,0,0
3298,19,403.56105263157895,258.890836126872,0,0,0,0
3299,15,391.2933333333333,281.8851050497151,0,0,0,0
3300,16,304.39625,175.04647421738463,0,0,0,0
3301,13,468.32,280.1294958517468,0,0,0,0
3302,8,506.82125,236.97484278070002,0,0,0,0
3303,15,404.2246666666667,261.54389729365806,0,0,0,0
3304,19,344.00947368421055,262.61506421444017,0,0,0,0
3305,21,395.4690476190476,261.2234349019056,0,0,0,0
3306,22,382.22,216.62590005058775,0,0,0,0
3307,26,410.93346153846153,306.8919444758556,0,0,0,0
3308,19,540.6778947368421,324.92858541011833,0,0,0,0
3309,21,463.8619047619048,305.2603520746722,0,0,0,0
3310,19,373.87631578947367,236.8844397193776,0,0,0,0
3311,19,257.78789473684213,140.41950294063207,0,0,0,0
3312,12,364.2008333333333,252.71544836232744,0,0,0,0
3313,18,468.72277777777776,296.8612798711351,0,0,0,0
3314,16,338.4425,199.87934956180447,0,0,0,0
3315,17,243.66823529411764,128.06994973957623,0,0,0,0
3316,19,353.68631578947367,245.12567522568432,0,0,0,0
3317,20,391.5805,230.79024408486174,0,0,0,0
3318,25,347.8808,222.94642482749077,0,0,0,0
3319,23,374.744347826087,273.7614681310544,0,0,0,0
3320,14,373.92571428571426,228.44615488476197,0,0,0,0
3321,25,385.2708,284.0928989456794,0,0,0,0
3322,20,530.3325,343.5310999876868,0,0,0,0
3323,15,556.794,277.09624476704846,0,0,0,0
3324,16,356.938125,242.4275771292003,0,0,0,0
3325,18,496.8644444444444,348.7363572356985,0,0,0,0
3326,15,337.986,147.8962052612124,0,0,0,0
3327,15,416.59000000000003,224.5087893453913,0,0,0,0
3328,15,451.55199999999996,309.97864346220155,0,0,0,0
3329,28,396.75357142857143,256.7363706803187,0,0,0,0
3330,14,377.13714285714286,231.58983642356557,0,0,0,0
3331,19,309.05578947368423,240.72171221067677,0,0,0,0
3332,17,373.80176470588236,239.9985997810941,0,0,0,0
3333,14,373.2192857142857,175.9285118801013,0,0,0,0
3334,23,408.3456521739131,164.7778685494659,0,0,0,0
3335,14,402.6007142857143,213.27691200021374,0,0,0,0
3336,21,265.85571428571427,164.42231784475663,0,0,0,0
3337,18,536.0233333333333,457.16744650559326,0,0,0,0
3338,24,299.185,197.0480866861352,0,1,0,1
3339,19,339.1352631578947,256.7712512061726,0,0,0,0
3340,24,366.27291666666673,277.3619883755878,0,0,0,0
3341,26,308.93346153846153,255.19695517447977,0,1,0,1
3342,22,397.60318181818184,228.37704044739783,0,0,0,0
3343,19,488.4815789473684,297.78035079326435,0,0,0,0
3344,26,365.8784615384615,268.93309610802555,0,0,0,0
3345,16,448.763125,280.3508956584309,0,0,0,0
3346,15,364.3366666666667,317.5821519474222,0,0,0,0
3347,17,479.93529411764706,266.9387646262858,0,0,0,0
3348,28,304.18857142857144,185.13142024584832,0,1,0,1
3349,19,494.7821052631579,314.16592519473306,0,0,0,0
3350,12,483.47499999999997,357.5127902723668,0,0,0,0
3351,17,375.56176470588235,251.28186880673155,0,0,0,0
3352,23,490.2221739130435,297.40732741414075,0,0,0,0
3353,21,397.9038095238095,284.2031288235698,0,0,0,0
3354,20,406.581,248.02663461612335,0,0,0,0
3355,19,329.3652631578948,226.19540477366064,0,0,0,0
3356,23,362.47478260869565,213.9355601245906,0,0,0,0
3357,21,365.89285714285717,253.7098927091795,0,0,0,0
3358,12,379.11583333333334,176.57985981128257,0,0,0,0
3359,23,413.1613043478261,238.4905501783784,0,0,0,0
3360,15,475.0433333333333,315.0880107454989,0,0,0,0
3361,16,324.15125,153.65669371503964,0,0,0,0
3362,14,373.19642857142856,234.0637947107321,0,0,0,0
3363,19,386.4178947368421,193.7625865678476,0,0,0,0
3364,13,330.4392307692308,217.72735075924442,0,0,0,0
3365,21,468.35380952380956,387.18998915231936,0,0,0,0
3366,15,443.5506666666667,242.53801671673835,0,0,0,0
3367,22,519.2177272727273,275.79464573766097,0,0,0,0
3368,11,494.97181818181815,264.32973570620544,0,0,0,0
3369,21,374.9561904761905,220.83704848935002,0,0,0,0
3370,10,294.173,92.90548369714247,0,0,0,0
3371,17,297.46705882352944,248.32512913907385,0,0,0,0
3372,24,347.67375,206.53678366521262,0,0,0,0
3373,22,366.68454545454546,229.18534614680271,0,0,0,0
3374,18,293.55555555555554,123.2761465717527,0,0,0,0
3375,22,418.3013636363636,359.5236116572174,0,0,0,0
3376,20,448.41949999999997,250.25359986371825,0,0,0,0
3377,15,421.77599999999995,299.421751064726,0,0,0,0
3378,21,396.93666666666667,223.23491594822858,0,0,0,0
3379,19,456.2752631578947,263.2419280187639,0,0,0,0
3380,14,358.1692857142857,204.08051154470124,0,0,0,0
3381,17,377.24117647058824,255.87341265652876,0,0,0,0
3382,17,368.19529411764705,306.80224497065063,0,0,0,0
3383,16,369.823125,237.73610087444516,0,0,0,0
3384,19,387.8457894736842,237.3442600132113,0,0,0,0
3385,16,435.5425,288.47370312343895,0,0,0,0
3386,20,472.7215,319.27222148622633,0,0,0,0
3387,16,390.011875,142.70045721802853,0,0,0,0
3388,14,494.30428571428575,198.93027754590247,0,0,0,0
3389,19,390.1957894736842,193.37258221033434,0,0,0,0
3390,19,460.4678947368421,277.9514486679652,0,0,0,0
3391,13,425.42846153846153,243.737640596989,0,0,0,0
3392,16,330.394375,169.82029799794066,0,0,0,0
3393,22,421.4013636363636,263.84746628747894,0,0,0,0
3394,18,360.4455555555556,177.50035183759252,0,0,0,0
3395,10,366.407,165.83144080963658,0,0,0,0
3396,21,319.30285714285714,192.2945633320787,0,0,0,0
3397,20,473.75100000000003,291.0019885653704,0,0,0,0
3398,20,384.489,249.10665283970235,0,0,0,0
3399,17,339.08647058823533,178.8149584130173,0,0,0,0
3400,15,441.8486666666667,308.64460314665405,0,0,0,0
3401,15,255.07666666666668,195.7950498069062,0,0,0,0
3402,23,393.5186956521739,216.9819996001341,0,0,0,0
3403,24,419.0470833333333,274.45892131123446,0,0,0,0
3404,18,431.8755555555556,261.6431208986398,0,0,0,0
3405,20,358.5845,209.95228261381206,0,0,0,0
3406,28,363.17785714285714,226.83795195118506,0,1,0,1
3407,16,438.366875,230.86128133899885,0,0,0,0
3408,21,426.5771428571429,255.0149999723238,0,0,0,0
3409,23,475.5552173913044,376.7204611641572,0,0,0,0
3410,17,497.7376470588236,262.9826712146059,0,0,0,0
3411,25,359.16,296.8033017740874,0,0,0,0
3412,21,308.01761904761906,186.29848538363322,0,0,0,0
3413,20,345.7815,310.47088260052664,0,0,0,0
3414,15,276.22333333333336,173.2725347217177,0,0,0,0
3415,23,384.73478260869564,195.49629846088968,0,0,0,0
3416,18,507.1061111111111,336.2507499395007,0,0,0,0
3417,16,304.94,150.0936782063122,0,0,0,0
3418,28,403.8710714285714,246.77529232567736,0,0,0,0
3419,16,374.1025,234.57227941244463,0,0,0,0
3420,18,346.15277777777777,281.47699021422994,0,0,0,0
3421,22,404.8236363636364,241.7181119430695,0,0,0,0
3422,15,295.394,271.6356757816125,0,0,0,0
3423,17,339.16352941176467,155.05259578004978,0,0,0,0
3424,26,422.3234615384615,296.86987372017586,0,0,0,0
3425,15,413.49466666666666,166.41947041003218,0,0,0,0
3426,15,450.314,256.43544889633847,0,0,0,0
3427,23,329.60782608695655,190.48949490506587,0,0,0,0
3428,17,340.05176470588236,212.24926675506387,0,0,0,0
3429,14,400.2871428571429,250.22586001532326,0,0,0,0
3430,12,376.61999999999995,233.23258023555232,0,0,0,0
3431,19,426.08526315789476,321.2138092883965,0,0,0,0
3432,26,450.4115384615385,337.2032939054866,0,0,0,0
3433,12,296.3066666666667,148.1048374932057,0,0,0,0
3434,18,383.44111111111107,149.80763761455663,0,0,0,0
3435,21,382.36095238095237,246.3590889410312,0,0,0,0
3436,21,391.3247619047619,231.75802452063064,0,0,0,0
3437,19,363.51,248.84998245613977,0,0,0,0
3438,17,463.21411764705886,230.8585892873618,0,0,0,0
3439,11,297.24545454545455,179.3244810830425,0,0,0,0
3440,16,280.144375,106.42302587837544,0,0,0,0
3441,15,417.778,282.73007570708376,0,0,0,0
3442,19,425.0678947368421,311.516376465338,0,0,0,0
3443,23,341.92478260869564,211.7023327975138,0,0,0,0
3444,33,411.3087878787879,392.69887359884734,0,1,0,1
3445,16,402.888125,221.29123562679655,0,0,0,0
3446,18,440.0677777777778,298.7817533205198,0,0,0,0
3447,23,362.5626086956522,242.29962981933335,0,0,0,0
3448,17,329.7905882352941,218.8710603359777,0,0,0,0
3449,18,421.00888888888886,245.09711553425083,0,0,0,0
3450,20,423.80550000000005,314.0666864134908,0,0,0,0
3451,12,449.17333333333335,222.82638792467017,0,0,0,0
3452,21,348.31142857142856,221.48470552991574,0,0,0,0
3453,20,398.7405,223.29213932592882,0,0,0,0
3454,15,390.53799999999995,214.90184774139735,0,0,0,0
3455,28,456.5039285714286,272.52033534004767,0,0,0,0
3456,17,489.6035294117647,316.6063686130883,0,0,0,0
3457,29,395.41379310344826,237.1852094361441,0,0,0,0
3458,16,337.1625,287.27878064042596,0,0,0,0
3459,15,441.3726666666667,308.41639140328164,0,0,0,0
3460,14,490.38428571428574,287.59645317985513,0,0,0,0
3461,21,300.3495238095238,215.71147424006182,0,0,0,0
3462,8,285.54375,166.93302391509448,0,0,0,0
3463,19,340.1505263157895,210.0243507805122,0,0,0,0
3464,16,355.92562499999997,207.16917639844348,0,0,0,0
3465,20,444.108,312.3645105097569,0,0,0,0
3466,14,273.3607142857143,128.63758234803277,0,0,0,0
3467,22,349.8359090909091,248.88269476089786,0,0,0,0
3468,20,379.6105,198.52456222027038,0,0,0,0
3469,14,340.5521428571428,361.9517036286663,0,0,0,0
3470,13,261.31307692307695,180.3007709947513,0,0,0,0
3471,12,460.7091666666667,307.8540334438366,0,0,0,0
3472,18,330.3594444444445,150.67000281970974,0,0,0,0
3473,21,367.70142857142855,315.5126953794066,0,0,0,0
3474,18,324.5833333333333,210.96422750999497,0,0,0,0
3475,18,376.46555555555557,256.49690557419166,0,0,0,0
3476,19,378.43631578947367,174.35305673170674,0,0,0,0
3477,17,375.2823529411765,266.4529811856098,0,0,0,0
3478,8,298.53125,157.83139694286908,0,0,0,0
3479,17,463.5629411764706,385.3906790405672,0,0,0,0
3480,17,473.84117647058827,218.6936711981975,0,0,0,0
3481,20,859.2719999999999,1609.0289013519925,0,0,0,0
3482,12,402.5083333333334,206.02828215374262,0,0,0,0
3483,21,482.1147619047619,421.79442495151756,0,0,0,0
3484,16,352.7675,180.03399854263643,0,0,0,0
3485,27,414.0677777777778,230.254944682231,0,0,0,0
3486,23,367.245652173913,220.72044480520935,0,0,0,0
3487,18,318.305,230.31797219038052,0,0,0,0
3488,15,490.40400000000005,171.5146946007833,0,0,0,0
3489,23,361.0834782608696,232.23774332068487,0,0,0,0
3490,18,330.86611111111114,203.143166705949,0,0,0,0
3491,25,503.7256,337.6975706525588,0,0,0,0
3492,19,488.6426315789473,360.32333641711165,0,0,0,0
3493,16,388.1625,205.28510751817814,0,0,0,0
3494,24,437.96375000000006,266.86143094017433,0,0,0,0
3495,26,410.1469230769231,237.47400152063983,0,0,0,0
3496,25,389.0664,201.68813678310391,0,0,0,0
3497,20,321.2115,203.98530594812462,0,0,0,0
3498,12,398.44666666666666,273.0884855479793,0,0,0,0
3499,19,381.5494736842105,251.4458640589552,0,0,0,0
3500,17,307.8176470588235,145.23095908523297,0,0,0,0
3501,21,398.3038095238095,225.48623551014188,0,0,0,0
3502,16,425.530625,232.25042393580114,0,0,0,0
3503,18,280.5827777777778,197.10073667503002,0,0,0,0
3504,15,477.14933333333335,262.372531983734,0,0,0,0
3505,20,345.8575,220.74213473813737,0,0,0,0
3506,13,455.9746153846154,238.70337265560323,0,0,0,0
3507,14,506.0942857142857,298.5674176969149,0,0,0,0
3508,12,417.8425,226.07700694398363,0,0,0,0
3509,19,389.3773684210526,217.38066748986202,0,0,0,0
3510,20,414.101,275.76715413370033,0,0,0,0
3511,21,403.664761904762,286.6074787782237,0,0,0,0
3512,22,475.3763636363637,334.2212568935496,0,0,0,0
3513,21,366.92285714285714,248.50857341046282,0,0,0,0
3514,22,393.5481818181818,231.35415108436453,0,0,0,0
3515,25,339.3456,277.33443704062427,0,0,0,0
3516,28,353.7807142857143,315.8300061281675,0,0,0,0
3517,21,424.47333333333336,337.6691226959051,0,0,0,0
3518,13,504.44461538461536,319.8458794630118,0,0,0,0
3519,20,1019.3185,2286.169727135925,0,0,0,0
3520,27,404.03888888888883,239.3770427021763,0,0,0,0
3521,21,440.1771428571428,241.86076780114752,0,0,0,0
3522,15,372.5346666666667,205.5270464559078,0,0,0,0
3523,18,379.95722222222224,198.11492971408606,0,0,0,0
3524,19,296.5005263157895,188.01196368634805,0,0,0,0
3525,12,392.2383333333333,247.43332478445362,0,0,0,0
3526,19,467.4084210526316,322.2380435618357,0,0,0,0
3527,13,378.87461538461537,428.20225861897376,0,0,0,0
3528,13,360.43461538461537,267.92057754305836,0,0,0,0
3529,14,667.22,288.79587437694255,0,0,0,0
3530,29,387.48999999999995,256.10190057057775,0,0,0,0
3531,25,354.7864,178.72345307496713,0,0,0,0
3532,20,281.8235,178.34193837331134,0,0,0,0
3533,20,400.9015,230.52787059865443,0,0,0,0
3534,23,380.3747826086957,221.7350170394258,0,0,0,0
3535,17,333.2594117647059,240.01505667158835,0,0,0,0
3536,18,397.61722222222227,262.0003520100595,0,0,0,0
3537,12,364.9158333333333,188.43870349348506,0,0,0,0
3538,29,385.8927586206896,260.44629797776184,0,0,0,0
3539,20,349.959,199.468867869149,0,0,0,0
3540,18,399.495,223.6711134990142,0,0,0,0
3541,16,443.23312500000003,155.6702969306745,0,0,0,0
3542,18,453.525,320.2673104394377,0,0,0,0
3543,19,400.9963157894737,239.24399131673795,0,0,0,0
3544,19,433.0136842105263,239.38955460681163,0,0,0,0
3545,17,472.89294117647063,280.26263606428597,0,0,0,0
3546,18,748.5777777777778,1428.7324488843465,0,0,0,0
3547,15,267.446,137.6987411126187,0,0,0,0
3548,21,507.0519047619048,341.05650078792695,0,0,0,0
3549,22,416.21090909090907,223.16694441828017,0,0,0,0
3550,20,388.33000000000004,224.13799755953914,0,0,0,0
3551,11,349.5709090909091,288.93010968224087,0,0,0,0
3552,23,323.9486956521739,181.95618025525073,0,0,0,0
3553,18,380.09777777777776,196.84183674986812,0,0,0,0
3554,13,389.38230769230773,353.0127349882796,0,0,0,0
3555,16,343.67,193.45937280214673,0,0,0,0
3556,14,275.28642857142853,143.330220400661,0,0,0,0
3557,26,345.7296153846154,196.06778455972764,0,0,0,0
3558,15,441.7853333333333,201.18642892821794,0,0,0,0
3559,17,342.1447058823529,209.30476808367405,0,0,0,0
3560,19,406.01684210526315,201.18612613180468,0,0,0,0
3561,21,513.6842857142858,285.7287254017835,0,0,0,0
3562,23,392.1091304347826,208.20069475123282,0,0,0,0
3563,24,473.68416666666667,261.0663884582596,0,0,0,0
3564,15,513.1326666666666,250.26265337218996,0,0,0,0
3565,14,378.6121428571428,186.86022592066638,0,0,0,0
3566,19,304.7221052631579,122.38225845702286,0,0,0,0
3567,16,540.3125,351.86973304228655,0,0,0,0
3568,20,465.08599999999996,368.44027697036597,0,0,0,0
3569,14,294.995,154.5639817934862,0,0,0,0
3570,20,434.7195,261.28223472855944,0,0,0,0
3571,24,384.1325,237.0214552041299,0,0,0,0
3572,22,414.5086363636364,312.9791408137355,0,0,0,0
3573,12,457.39000000000004,240.65448932719562,0,0,0,0
3574,19,451.75210526315794,235.99302036019142,0,0,0,0
3575,19,407.2184210526316,284.91416129780777,0,0,0,0
3576,20,371.3105,223.81751686306865,0,0,0,0
3577,21,444.847619047619,275.2729307070446,0,0,0,0
3578,22,352.2613636363636,239.50219616179376,0,0,0,0
3579,26,368.6523076923077,235.1019669175924,0,0,0,0
3580,21,361.96238095238095,250.34367674220826,0,0,0,0
3581,16,432.83125,180.85467418188975,0,0,0,0
3582,26,431.7146153846154,333.40020907232116,0,0,0,0
3583,16,376.60125,192.06509735877967,0,0,0,0
3584,23,394.2743478260869,230.97325813262623,0,0,0,0
3585,17,413.3694117647059,263.5248811664121,0,0,0,0
3586,20,384.166,277.71504201969327,0,0,0,0
3587,13,278.0361538461538,185.95505733038175,0,0,0,0
3588,17,438.7317647058823,240.94747189902807,0,0,0,0
3589,11,239.4436363636364,176.47761605539395,0,0,0,0
3590,23,530.1578260869566,245.7882020545068,0,0,0,0
3591,14,801.2764285714286,1362.107500307662,1,0,0,1
3592,16,312.226875,241.3135289338009,0,0,0,0
3593,19,434.9242105263158,199.71992126648888,0,0,0,0
3594,25,371.05879999999996,195.43569652077386,0,0,0,0
3595,17,393.7811764705882,265.11728165834467,0,0,0,0
3596,20,446.544,337.0965394423384,0,0,0,0
3597,19,398.2784210526316,183.43343382512188,0,0,0,0
3598,19,352.50789473684216,214.36019594620208,0,0,0,0
3599,21,444.7347619047619,282.7515210454485,0,0,0,0
3600,13,386.1361538461539,253.7404688786271,0,0,0,0
3601,14,485.78499999999997,260.33155090466585,0,0,0,0
3602,22,523.8590909090909,434.7442289533749,0,0,0,0
3603,22,446.5309090909091,291.7852114594677,0,0,0,0
3604,16,384.215,200.9151270126269,0,0,0,0
3605,19,360.5284210526316,285.3097405916144,0,0,0,0
3606,21,432.69,246.2024089085665,0,0,0,0
3607,19,405.01684210526315,181.8208569488293,0,0,0,0
3608,23,419.3117391304348,274.61468987042116,0,0,0,0
3609,21,378.19714285714286,255.8270866023686,0,0,0,0
3610,17,442.89294117647063,445.0952872041553,0,0,0,0
3611,18,422.37611111111113,256.9070504014782,0,0,0,0
3612,14,416.57785714285717,212.90607530681453,0,0,0,0
3613,17,456.0847058823529,302.75195296630784,0,0,0,0
3614,14,437.11785714285713,370.0247725525293,0,0,0,0
3615,27,364.34111111111116,243.85682013918543,0,0,0,0
3616,16,549.4125,328.2350363782788,0,0,0,0
3617,23,441.9982608695652,225.43200480029404,0,0,0,0
3618,22,515.6754545454546,356.40804529649165,0,0,0,0
3619,16,358.255625,215.35945062757145,0,0,0,0
3620,19,392.1584210526316,257.4453961167638,0,0,0,0
3621,11,351.4281818181818,148.06031337496964,0,0,0,0
3622,14,376.28785714285715,213.46234091348597,0,0,0,0
3623,18,293.86555555555555,181.1461963050908,0,0,0,0
3624,21,327.93809523809523,192.00530696085923,0,0,0,0
3625,20,376.3055,240.15169937926734,0,0,0,0
3626,17,536.7405882352941,362.0846136645344,0,0,0,0
3627,12,272.59,168.02714354135375,0,0,0,0
3628,14,452.84357142857147,220.61448960337836,0,0,0,0
3629,16,259.184375,109.32195736497482,0,0,0,0
3630,18,390.2105555555556,229.12288128309916,0,0,0,0
3631,21,365.1947619047619,208.80927728931528,0,0,0,0
3632,12,361.29833333333335,172.33932197041455,0,0,0,0
3633,25,423.09839999999997,360.9335660609027,0,0,0,0
3634,24,409.1166666666666,229.1927481340155,0,0,0,0
3635,21,407.6433333333333,276.95157999245544,0,0,0,0
3636,16,360.94625,208.28091816927798,0,0,0,0
3637,26,445.74961538461537,251.8651930708595,0,0,0,0
3638,23,436.91217391304343,248.7669470907246,0,0,0,0
3639,13,383.66230769230765,278.413608038164,0,0,0,0
3640,25,474.15840000000003,368.10696266905893,0,0,0,0
3641,23,472.54434782608695,259.83326397529044,0,0,0,0
3642,20,407.4595,235.18265296307462,0,0,0,0
3643,19,429.3642105263158,283.1882253966857,0,0,0,0
3644,19,559.6584210526316,378.15170393936313,0,0,0,0
3645,16,525.928125,383.05237581202175,0,0,0,0
3646,29,415.37827586206896,207.95798120125906,0,0,0,0
3647,18,423.11555555555555,234.9598686116944,0,0,0,0
3648,11,403.8454545454546,161.6139112691183,0,0,0,0
3649,19,481.17105263157896,342.9587416630498,0,0,0,0
3650,23,420.60565217391303,233.00057097944762,0,0,0,0
3651,15,380.0586666666667,286.84075746812704,0,0,0,0
3652,23,430.4169565217391,257.75135051195616,0,0,0,0
3653,18,380.6122222222222,212.11176913639855,0,0,0,0
3654,24,549.36,233.0508314545706,0,0,0,0
3655,23,400.8434782608696,274.03307003874227,0,0,0,0
3656,16,403.9875,305.58352286036296,0,0,0,0
3657,25,406.2044,277.271824289162,0,0,0,0
3658,10,1271.2769999999998,2449.335108677659,1,0,0,1
3659,19,339.47052631578947,233.14120648843033,0,0,0,0
3660,19,364.1878947368421,237.5389612492177,0,0,0,0
3661,22,412.85636363636365,201.0084329652378,0,0,0,0
3662,24,458.6091666666667,269.736519062533,0,0,0,0
3663,18,355.1461111111111,197.49561027861094,0,0,0,0
3664,14,388.325,288.0238734338825,0,0,0,0
3665,22,382.97136363636366,249.0344579168888,0,0,0,0
3666,20,373.2605,257.81287556045373,0,0,0,0
3667,15,504.0066666666666,297.7912890748971,0,0,0,0
3668,21,757.0347619047619,1432.6890123108965,1,0,0,1
3669,22,476.28545454545457,212.28928161456886,0,0,0,0
3670,13,517.1161538461539,285.32682266369716,0,0,0,0
3671,17,470.4682352941177,352.6547856279531,0,0,0,0
3672,16,294.864375,211.60916272602512,0,0,0,0
3673,23,360.34999999999997,212.97961845740292,0,0,0,0
3674,18,528.0366666666666,289.4901389992028,0,0,0,0
3675,15,415.2566666666667,305.1066047720952,0,0,0,0
3676,15,368.5873333333333,172.08136821347702,0,0,0,0
3677,14,402.9114285714286,221.1526133968235,0,0,0,0
3678,19,355.6363157894737,228.46680353610572,0,0,0,0
3679,13,557.0707692307692,257.2845628261421,0,0,0,0
3680,16,408.573125,247.86617515099627,0,0,0,0
3681,16,365.8125,229.5912320162728,0,0,0,0
3682,25,377.1836,240.79908336835504,0,0,0,0
3683,18,370.21555555555557,240.45694847339257,0,0,0,0
3684,17,505.86882352941177,393.52043413394546,0,0,0,0
3685,21,382.75190476190477,151.5926093065618,0,0,0,0
3686,24,368.73,238.92820082610592,0,0,0,0
3687,16,326.234375,167.54976111474878,0,0,0,0
3688,18,366.5861111111111,226.99477593447654,0,0,0,0
3689,16,278.18375,158.52008973135707,0,0,0,0
3690,18,283.9561111111111,179.32026687648644,0,0,0,0
3691,15,380.88666666666666,152.19050717950702,0,0,0,0
3692,20,342.426,192.43526278725528,0,0,0,0
3693,19,246.54315789473682,173.62497968027262,0,0,0,0
3694,28,400.63107142857143,281.24779750679556,0,0,0,0
3695,19,333.0252631578947,281.1935666024651,0,0,0,0
3696,19,304.9978947368421,207.40091850222808,0,0,0,0
3697,15,289.94466666666665,167.05842514388667,0,0,0,0
3698,12,398.8883333333333,408.2187891076985,0,0,0,0
3699,15,339.6286666666667,198.0294919068593,0,0,0,0
3700,8,480.73375,372.92480900771073,0,0,0,0
3701,15,295.75399999999996,119.37519205150359,0,0,0,0
3702,20,446.7245,255.55555528054967,0,0,0,0
3703,19,315.22526315789474,189.40745576300566,0,0,0,0
3704,21,419.9976190476191,324.7052293697244,0,0,0,0
3705,18,475.02111111111117,326.14491930375715,0,0,0,0
3706,14,276.7035714285714,108.14342061798858,0,0,0,0
3707,9,463.04333333333335,307.6917201428151,0,0,0,0
3708,15,334.31533333333334,214.08862494666914,0,0,0,0
3709,18,400.88722222222225,250.53918548703345,0,0,0,0
3710,15,397.30933333333337,280.5784613607316,0,0,0,0
3711,11,428.7581818181818,198.4275480699639,0,0,0,0
3712,20,406.277,241.16535431317658,0,0,0,0
3713,18,357.56333333333333,221.40558389023928,0,0,0,0
3714,24,447.1091666666667,298.4849913998562,0,0,0,0
3715,9,331.9788888888889,201.17364906106172,0,0,0,0
3716,20,411.1555,244.03312522022495,0,0,0,0
3717,24,334.8170833333333,250.46079288116084,0,0,0,0
3718,16,342.060625,236.71627738890155,0,0,0,0
3719,16,406.935625,237.18842493808455,0,0,0,0
3720,18,490.9744444444444,405.5860055692014,0,0,0,0
3721,19,357.4315789473684,190.98790888329086,0,0,0,0
3722,21,413.0838095238095,205.85241216709446,0,0,0,0
3723,23,472.28956521739127,400.231262282829,0,0,0,0
3724,8,266.44,240.3801194982647,0,0,0,0
3725,16,448.016875,229.31381109515488,0,0,0,0
3726,21,355.9152380952381,228.80742478002568,0,0,0,0
3727,16,352.89625,214.9608070926826,0,0,0,0
3728,14,423.40000000000003,256.4996106931047,0,0,0,0
3729,20,334.485,201.61788389178173,0,0,0,0
3730,27,372.1370370370371,180.26112659581153,0,0,0,0
3731,14,301.6207142857143,265.5662873253597,0,0,0,0
3732,20,355.092,164.04242794472415,0,0,0,0
3733,18,419.3722222222222,231.22373408924284,0,0,0,0
3734,19,360.64526315789476,157.22467425105955,0,0,0,0
3735,24,479.49083333333334,325.1710585973259,0,0,0,0
3736,14,393.13642857142855,249.3143902673646,0,0,0,0
3737,18,412.80277777777775,195.72656479003086,0,0,0,0
3738,21,302.3519047619048,177.7487060998796,0,0,0,0
3739,23,411.0508695652174,332.7805833057734,0,0,0,0
3740,26,322.3565384615385,225.43537081598532,0,0,0,0
3741,19,390.8542105263158,200.92638346355892,0,0,0,0
3742,25,316.4724,162.48479944364027,0,0,0,0
3743,19,357.0821052631579,244.39286852328885,0,0,0,0
3744,22,429.74636363636364,284.8620278716357,0,0,0,0
3745,17,490.0511764705882,339.3272618836269,0,0,0,0
3746,20,500.80600000000004,283.500344962753,0,0,0,0
3747,18,283.0188888888889,157.67764073467842,0,0,0,0
3748,14,390.375,272.12313601304,0,0,0,0
3749,21,391.7871428571429,195.0266361818512,0,0,0,0
3750,22,465.1359090909091,308.68045857486953,0,0,0,0
3751,22,382.42954545454546,233.91872332611737,0,0,0,0
3752,19,478.93842105263155,283.7266307977148,0,0,0,0
3753,23,398.9021739130435,230.68720574681657,0,0,0,0
3754,18,423.3861111111111,262.8684668156065,0,0,0,0
3755,21,478.0919047619048,320.6889109048273,0,0,0,0
3756,10,478.929,205.7165999354452,0,0,0,0
3757,13,384.4746153846154,287.25674765095766,0,0,0,0
3758,19,437.5436842105263,226.12496084688564,0,0,0,0
3759,14,442.0214285714286,316.01779648931034,0,0,0,0
3760,24,470.1641666666667,196.28268542921842,0,0,0,0
3761,16,399.210625,245.2718395084511,0,0,0,0
3762,16,451.888125,256.04731948457174,0,0,0,0
3763,18,320.6222222222222,213.3442978316598,0,0,0,0
3764,17,425.47764705882355,264.27943946488796,0,0,0,0
3765,19,759.1136842105263,1798.0677319050037,1,0,0,1
3766,18,412.34777777777776,227.07101205852757,0,0,0,0
3767,24,357.16499999999996,206.86992686629608,0,0,0,0
3768,25,416.31840000000005,246.9152129080749,0,0,0,0
3769,28,418.29785714285714,326.24858596690984,0,0,0,0
3770,14,372.59000000000003,220.8546385230404,0,0,0,0
3771,23,475.7165217391304,314.9673583585765,0,0,0,0
3772,15,333.70666666666665,180.37128524857332,0,0,0,0
3773,14,249.51785714285714,112.06150824936479,0,0,0,0
3774,23,352.18217391304347,181.8079509658599,0,0,0,0
3775,12,378.23083333333335,277.4417260873093,0,0,0,0
3776,22,374.85,226.23046569613675,0,0,0,0
3777,30,361.48766666666666,189.58672741313464,0,0,0,0
3778,18,384.7911111111111,326.82122931673024,0,0,0,0
3779,20,303.01750000000004,192.72435974403953,0,0,0,0
3780,23,333.66913043478263,164.8631434781731,0,0,0,0
3781,18,377.1877777777778,137.08864583649492,0,0,0,0
3782,18,389.62333333333333,243.31633819645842,0,0,0,0
3783,16,263.59375,183.90801817331808,0,0,0,0
3784,19,330.60263157894735,187.4695563451108,0,0,0,0
3785,19,409.03578947368425,184.31418194615947,0,0,0,0
3786,18,346.5105555555556,188.26819532760592,0,0,0,0
3787,16,489.919375,321.0368130461978,0,0,0,0
3788,23,377.3282608695652,261.1331706678843,0,0,0,0
3789,14,431.4414285714286,219.08683630199297,0,0,0,0
3790,10,412.61,174.71711381544736,0,0,0,0
3791,17,488.35411764705884,346.6942908479665,0,0,0,0
3792,19,378.86,183.82334861147757,0,0,0,0
3793,14,431.6742857142857,240.56351566134666,0,0,0,0
3794,24,393.46416666666664,273.1106395296703,0,0,0,0
3795,9,371.1044444444444,202.36260843188893,0,0,0,0
3796,18,419.2638888888889,296.2057815689568,0,0,0,0
3797,17,329.7258823529412,191.4225879799124,0,0,0,0
3798,19,401.0678947368421,294.85240117689125,0,0,0,0
3799,26,317.59230769230766,168.8833385758368,0,0,0,0
3800,14,316.2492857142857,177.29669042371913,0,0,0,0
3801,11,325.01181818181817,226.94634090736002,0,0,0,0
3802,16,360.345625,292.8080964123249,0,0,0,0
3803,14,406.39142857142855,266.0984701694668,0,0,0,0
3804,17,436.5570588235294,293.3624195581236,0,0,0,0
3805,15,393.19733333333335,289.29836175286033,0,0,0,0
3806,23,423.76304347826084,283.8653651237224,0,0,0,0
3807,20,402.7025,318.7950673689133,0,0,0,0
3808,18,459.6116666666667,235.21190134878614,0,0,0,0
3809,23,399.5895652173913,207.8014083828547,0,0,0,0
3810,16,425.93625000000003,199.4749944502756,0,0,0,0
3811,16,500.096875,320.7559968207678,0,0,0,0
3812,24,289.51958333333334,144.87825105581948,0,0,0,0
3813,15,338.3206666666667,183.68072783924708,0,0,0,0
3814,8,454.99125,260.7842008940295,0,0,0,0
3815,13,389.1376923076923,309.13899318924354,0,0,0,0
3816,16,290.039375,136.6026314931721,0,0,0,0
3817,17,569.3364705882352,368.3122042018347,0,0,0,0
3818,11,411.55181818181813,303.0227172947504,0,0,0,0
3819,15,473.56666666666666,389.00816594113917,0,0,0,0
3820,24,497.385,321.80912142655825,0,0,0,0
3821,18,338.99611111111113,338.3953387047445,0,0,0,0
3822,18,423.1066666666667,363.68293147251825,0,0,0,0
3823,22,290.1881818181818,183.25854822270696,0,0,0,0
3824,18,347.6827777777778,161.41787085441567,0,0,0,0
3825,14,403.1242857142857,234.8956619654865,0,0,0,0
3826,18,392.02888888888884,244.53416021054517,0,0,0,0
3827,20,428.88199999999995,286.6466806994283,0,0,0,0
3828,16,321.4275,232.0041100794337,0,0,0,0
3829,20,404.231,260.11152252255187,0,0,0,0
3830,16,367.97375,294.6504090416939,0,0,0,0
3831,18,498.6677777777778,400.42300287120753,0,0,0,0
3832,23,469.87130434782614,357.699700323249,0,0,0,0
3833,26,389.6123076923077,204.232504105336,0,0,0,0
3834,13,462.29538461538465,328.7263238064661,0,0,0,0
3835,20,453.2245,272.9827321182606,0,0,0,0
3836,14,483.5021428571428,257.7597940824135,0,0,0,0
3837,25,355.5248,288.15975631749825,0,0,0,0
3838,21,386.70142857142855,260.71222707341184,0,0,0,0
3839,18,405.56166666666667,295.2379741506088,0,0,0,0
3840,19,317.03526315789475,198.18566166120252,0,0,0,0
3841,17,427.58588235294116,214.83507896438425,0,0,0,0
3842,22,490.05499999999995,294.93207377832243,0,0,0,0
3843,20,392.4705,206.3925632738495,0,0,0,0
3844,17,375.60764705882355,186.55471544103943,0,0,0,0
3845,18,341.23777777777775,147.72018900443564,0,0,0,0
3846,22,431.1831818181818,357.9316810432146,0,0,0,0
3847,22,417.86318181818183,221.96485576419857,0,0,0,0
3848,15,488.3293333333333,291.4514068008975,0,0,0,0
3849,20,290.87199999999996,159.62783816114293,0,0,0,0
3850,20,555.1054999999999,512.5362494641233,0,0,0,0
3851,18,320.7055555555555,180.11436336771712,0,0,0,0
3852,14,465.5057142857143,236.5939709929314,0,0,0,0
3853,14,317.7314285714286,137.80374677972517,0,0,0,0
3854,14,412.0942857142857,263.9854928837212,0,0,0,0
3855,18,361.49555555555554,226.80519872598998,0,0,0,0
3856,14,358.1985714285714,253.31149550524165,0,0,0,0
3857,16,411.4825,213.28045194356184,0,0,0,0
3858,15,475.738,294.6102388173229,0,0,0,0
3859,16,346.34625,232.3413560064964,0,0,0,0
3860,23,428.01521739130436,262.26861076036175,0,0,0,0
3861,22,327.91,217.8846825314211,0,0,0,0
3862,14,353.94571428571425,197.87531895883637,0,0,0,0
3863,16,507.81624999999997,322.9971760881781,0,0,0,0
3864,23,314.5269565217391,246.32064925064438,0,0,0,0
3865,18,329.13,201.8760271938091,0,0,0,0
3866,20,295.712,176.84559396829764,0,0,0,0
3867,13,434.40769230769234,327.4933151438443,0,0,0,0
3868,30,310.74666666666667,219.03938118267433,0,0,0,0
3869,24,408.96166666666664,308.20976121069816,0,0,0,0
3870,20,438.9625,336.96249791148864,0,0,0,0
3871,18,333.7627777777777,293.3603425217973,0,0,0,0
3872,26,486.28423076923076,260.1942862432591,0,0,0,0
3873,15,379.2273333333333,288.84596823605176,0,0,0,0
3874,18,394.3722222222222,318.2488169578352,0,0,0,0
3875,18,435.8594444444445,316.6831248963793,0,0,0,0
3876,14,474.14142857142855,307.60870993281486,0,0,0,0
3877,21,433.64285714285717,225.67793326611547,0,0,0,0
3878,12,471.55,305.4438025780411,0,0,0,0
3879,19,463.55368421052634,299.56941102734226,0,0,0,0
3880,16,333.2275,203.05810376897045,0,0,0,0
3881,19,403.3463157894737,224.6855867817943,0,0,0,0
3882,28,490.64428571428573,454.1744036587437,0,0,0,0
3883,13,333.4623076923077,186.5053203264163,0,0,0,0
3884,20,452.1005,288.96912238983253,0,0,0,0
3885,16,328.9625,166.574639820262,0,0,0,0
3886,16,334.43375,252.3360339129897,0,0,0,0
3887,16,464.199375,438.440826558567,0,0,0,0
3888,20,375.2985,169.58180778830615,0,0,0,0
3889,13,337.2823076923077,308.2085100945049,0,0,0,0
3890,15,526.3133333333333,373.5129523620597,0,0,0,0
3891,21,357.2009523809524,151.59772073625078,0,0,0,0
3892,23,403.78739130434786,264.2670478268294,0,0,0,0
3893,27,434.3440740740741,230.01629422570878,0,0,0,0
3894,20,330.7595,206.51018976009394,0,0,0,0
3895,24,406.6379166666666,245.42454728115473,0,0,0,0
3896,11,412.7736363636364,299.370676898685,0,0,0,0
3897,19,443.09473684210525,274.3173822105072,0,0,0,0
3898,21,355.50190476190477,195.2928749247445,0,0,0,0
3899,12,557.0266666666666,355.0646782942824,0,0,0,0
3900,20,328.37399999999997,256.7368235645211,0,0,0,0
3901,15,392.628,363.7179209992271,0,0,0,0
3902,17,487.32117647058817,344.43548249072137,0,0,0,0
3903,13,321.42384615384617,152.93851743748638,0,0,0,0
3904,16,329.6425,135.1987000908293,0,0,0,0
3905,14,423.9107142857143,339.40496129180224,0,0,0,0
3906,23,327.52086956521737,240.1570396892153,0,0,0,0
3907,18,274.40222222222224,133.82297384378762,0,0,0,0
3908,11,427.5136363636364,315.864189897342,0,0,0,0
3909,21,433.8647619047619,257.8310568425812,0,0,0,0
3910,14,427.96785714285716,165.50669719632708,0,0,0,0
3911,15,589.432,354.0996828804001,0,0,0,0
3912,20,430.149,276.96013315818584,0,0,0,0
3913,15,473.98400000000004,245.12729982058974,0,0,0,0
3914,22,393.21181818181816,258.7474712856035,0,0,0,0
3915,18,337.74277777777775,237.50728219959814,0,0,0,0
3916,29,452.73793103448276,310.3375859906079,0,0,0,0
3917,12,439.69,512.7555065200827,0,0,0,0
3918,17,396.2741176470588,259.167831815121,0,0,0,0
3919,20,368.57399999999996,196.44196159171298,0,0,0,0
3920,17,422.52764705882356,240.4664034141448,0,0,0,0
3921,23,427.13956521739135,276.16437739739206,0,0,0,0
3922,20,378.259,260.78330947167603,0,0,0,0
3923,11,363.1009090909091,108.18271542790622,0,0,0,0
3924,12,332.77500000000003,178.70011945062217,0,0,0,0
3925,15,384.44599999999997,243.89818571964275,0,0,0,0
3926,28,370.10714285714283,254.95115089333632,0,0,0,0
3927,20,292.7925,174.82273953565075,0,0,0,0
3928,16,417.603125,291.8683344360679,0,0,0,0
3929,16,302.823125,201.87331896262165,0,0,0,0
3930,13,404.41615384615386,127.43096583812685,0,0,0,0
3931,4,216.87,90.68278199305534,0,0,0,0
3932,23,537.0182608695652,359.9207923811568,0,0,0,0
3933,33,371.35818181818183,195.93960048728906,0,0,0,0
3934,20,489.28549999999996,313.0106102750354,0,0,0,0
3935,24,377.40166666666664,219.63113181853092,0,0,0,0
3936,16,415.47499999999997,275.075869897743,0,0,0,0
3937,18,486.41388888888895,362.0400052962055,0,0,0,0
3938,17,289.0352941176471,147.34595170460912,0,0,0,0
3939,15,370.866,324.59799616962107,0,0,0,0
3940,18,361.97444444444443,161.0967567858323,0,0,0,0
3941,14,429.53714285714284,317.64036018807207,0,0,0,0
3942,20,343.738,219.10753069212385,0,0,0,0
3943,20,462.38500000000005,254.50805428316008,0,0,0,0
3944,11,397.6827272727273,314.0384122738348,0,0,0,0
3945,19,342.7215789473684,204.45525216930034,0,0,0,0
3946,19,447.80263157894734,267.9445119077752,0,0,0,0
3947,17,440.59235294117644,278.5159441740627,0,0,0,0
3948,16,397.429375,262.69234535071513,0,0,0,0
3949,19,467.2752631578947,311.6865470370484,0,0,0,0
3950,15,364.90066666666667,209.97785084675527,0,0,0,0
3951,22,326.7309090909091,172.8575302461825,0,0,0,0
3952,20,464.009,324.23874250157087,0,0,0,0
3953,29,399.91172413793106,247.8330613617237,0,0,0,0
3954,29,391.8303448275862,231.8542021286409,0,0,0,0
3955,16,401.28249999999997,230.05767169614234,0,0,0,0
3956,22,431.4236363636364,249.28497809727457,0,0,0,0
3957,20,351.84499999999997,273.0434910504186,0,0,0,0
3958,15,336.08866666666665,224.35191356042012,0,0,0,0
3959,15,376.7846666666666,392.68607297036766,0,0,0,0
3960,17,336.87,161.41462627801297,0,0,0,0
3961,12,373.9608333333333,233.94459787373927,0,0,0,0
3962,19,491.4121052631579,300.15251138430386,0,0,0,0
3963,24,426.435,286.95146016646555,0,0,0,0
3964,17,421.37,209.59569778364195,0,0,0,0
3965,26,384.99038461538464,278.6245125540929,0,0,0,0
3966,18,425.00388888888887,266.8830202987171,0,0,0,0
3967,18,406.99055555555555,264.8751262067178,0,0,0,0
3968,18,458.6777777777778,267.6677942598821,0,0,0,0
3969,20,354.6245,227.2610609293857,0,0,0,0
3970,18,445.7966666666667,224.45316739924957,0,0,0,0
3971,21,359.0585714285714,231.8292943050106,0,0,0,0
3972,20,364.35,204.90364696608012,0,0,0,0
3973,14,330.0514285714286,212.03623648724167,0,0,0,0
3974,22,315.4627272727273,172.88683374818066,0,0,0,0
3975,15,385.8573333333333,202.1273685399602,0,0,0,0
3976,14,498.19,290.5886661588852,0,0,0,0
3977,20,398.4915,229.46319343796742,0,0,0,0
3978,27,361.48851851851856,240.73011788528754,0,0,0,0
3979,15,356.1666666666667,179.89826783181897,0,0,0,0
3980,19,341.10105263157897,182.96819559391182,0,0,0,0
3981,13,340.02461538461534,249.3375183165115,0,0,0,0
3982,12,471.8516666666667,235.39518696698576,0,0,0,0
3983,17,358.5164705882353,181.27089094829955,0,0,0,0
3984,19,398.49105263157895,213.70995986677926,0,0,0,0
3985,22,393.9763636363636,246.5737983305212,0,0,0,0
3986,20,431.76750000000004,217.70952078113152,0,0,0,0
3987,21,378.0985714285714,241.53899460958024,0,0,0,0
3988,26,424.4080769230769,319.6522028346918,0,0,0,0
3989,14,391.71999999999997,337.3889861865678,0,0,0,0
3990,18,332.5988888888889,243.67963209666385,0,0,0,0
3991,22,381.24499999999995,239.04315191936678,0,0,0,0
3992,16,305.79375,169.7535686986801,0,0,0,0
3993,14,391.61428571428576,214.04614371386253,0,0,0,0
3994,14,292.48357142857145,126.4678690761944,0,0,0,0
3995,17,307.5847058823529,243.50862241329233,0,0,0,0
3996,17,325.7594117647059,183.31471438872194,0,0,0,0
3997,17,464.50117647058823,328.4262565609149,0,0,0,0
3998,16,398.968125,212.57744362992597,0,0,0,0
3999,27,383.0603703703703,277.7089720670355,0,0,0,0
4000,21,387.0647619047619,235.6593182787602,0,0,0,0
4001,12,455.145,314.67841781994946,0,0,0,0
4002,14,341.6092857142857,234.65720653340531,0,0,0,0
4003,17,432.8158823529412,229.22515458563814,0,0,0,0
4004,14,459.67214285714283,218.50854890692082,0,0,0,0
4005,19,381.79894736842107,232.94058221142407,0,0,0,0
4006,12,551.6191666666667,525.2651499553714,0,0,0,0
4007,22,453.42681818181813,277.5273437042059,0,0,0,0
4008,16,394.284375,367.440239137073,0,0,0,0
4009,16,402.256875,198.6324877669421,0,0,0,0
4010,19,373.4763157894737,223.96987953530314,0,0,0,0
4011,24,346.80583333333334,259.8897582295979,0,0,0,0
4012,20,472.4585,293.34809824294064,0,0,0,0
4013,17,282.71529411764703,179.07466566696988,0,0,0,0
4014,17,378.80176470588236,207.6963416153862,0,0,0,0
4015,20,366.963,227.34051330768125,0,0,0,0
4016,18,469.12611111111113,280.04403296900153,0,0,0,0
4017,17,396.8723529411765,233.7706463113293,0,0,0,0
4018,32,396.57687500000003,263.50894939068843,0,0,0,0
4019,16,553.094375,387.5941678316501,0,0,0,0
4020,17,355.7647058823529,293.40297065575083,0,0,0,0
4021,24,411.99291666666664,320.44312809866864,0,0,0,0
4022,18,384.1,304.8079554407987,0,0,0,0
4023,18,455.14444444444445,321.79632868947505,0,0,0,0
4024,24,436.3933333333334,229.59263162658812,0,0,0,0
4025,20,267.6125,168.77223491661775,0,0,0,0
4026,12,621.2216666666667,442.0029106019049,0,0,0,0
4027,26,419.7888461538462,225.55640263966242,0,0,0,0
4028,14,401.4814285714286,198.28259544171306,0,0,0,0
4029,12,561.9183333333334,345.338310473303,0,0,0,0
4030,25,378.2892,200.42053685029381,0,0,0,0
4031,25,417.702,253.65447503247407,0,0,0,0
4032,21,426.58238095238096,272.78165061707995,0,0,0,0
4033,17,430.0417647058824,261.2640680644617,0,0,0,0
4034,24,377.15625,261.1002764075599,0,0,0,0
4035,28,394.4767857142857,197.81167506808038,0,0,0,0
4036,19,322.5968421052632,211.5960205588552,0,0,0,0
4037,29,367.02344827586205,296.60970056771237,0,0,0,0
4038,19,428.72,499.2855821018035,0,0,0,0
4039,17,348.11,238.73315733631281,0,0,0,0
4040,11,292.1554545454546,141.73501731711988,0,0,0,0
4041,15,324.1633333333333,146.49805885706783,0,0,0,0
4042,23,387.43347826086955,249.90310601630654,0,0,0,0
4043,22,320.87136363636364,243.90570132542942,0,0,0,0
4044,12,415.3958333333333,279.2468834937505,0,0,0,0
4045,14,329.76000000000005,162.60526568525194,0,0,0,0
4046,15,415.01599999999996,291.0965184218688,0,0,0,0
4047,13,430.45153846153846,254.0331914971911,0,0,0,0
4048,24,334.415,187.11725646413979,0,0,0,0
4049,22,339.6413636363636,285.7316182633858,0,0,0,0
4050,25,361.2944,245.67799505987506,0,0,0,0
4051,22,325.2336363636364,206.23849249540416,0,0,0,0
4052,26,418.3276923076923,278.4879722345113,0,0,0,0
4053,23,385.7108695652174,250.8797752417097,0,0,0,0
4054,20,476.07,257.71135134099154,0,0,0,0
4055,19,323.68894736842105,128.52373202497967,0,0,0,0
4056,20,418.082,239.57853542419028,0,0,0,0
4057,16,509.13624999999996,322.82545165450864,0,0,0,0
4058,20,418.764,276.1378036488304,0,0,0,0
4059,16,343.069375,226.9539584494163,0,0,0,0
4060,19,348.27,169.94495440087596,0,0,0,0
4061,18,328.98833333333334,211.9604558310609,0,0,0,0
4062,23,317.00739130434783,226.91107216584996,0,0,0,0
4063,17,396.98,318.8763437262715,0,0,0,0
4064,18,327.31388888888887,212.0561575814527,0,0,0,0
4065,16,445.2575,213.45436694701291,0,0,0,0
4066,22,303.7795454545454,219.90218204459734,0,0,0,0
4067,17,385.21117647058827,259.7788196972989,0,0,0,0
4068,27,402.9051851851852,247.39179832164513,0,0,0,0
4069,14,328.2264285714286,152.15355751942286,0,0,0,0
4070,12,416.3008333333333,284.6285842537702,0,0,0,0
4071,22,479.9304545454545,265.3735468675545,0,0,0,0
4072,16,387.74,234.45253917370997,0,0,0,0
4073,23,395.871304347826,230.8614469349688,0,0,0,0
4074,15,507.9493333333333,332.0435821889786,0,0,0,0
4075,17,338.6894117647059,185.62638302817993,0,0,0,0
4076,16,443.88437500000003,300.89915341291567,0,0,0,0
4077,11,346.31,191.39887128003846,0,0,0,0
4078,20,410.31850000000003,230.53126044584494,0,0,0,0
4079,18,497.0222222222222,249.50206856313625,0,0,0,0
4080,16,238.61124999999998,135.19755738709748,0,0,0,0
4081,16,243.35375,149.52376729449233,0,0,0,0
4082,11,427.3418181818182,280.44519473729565,0,0,0,0
4083,21,281.66857142857145,223.8980606114716,0,0,0,0
4084,26,499.4307692307693,322.9131998865124,0,0,0,0
4085,18,326.93888888888887,167.27514871176535,0,0,0,0
4086,18,465.055,348.7798442228437,0,0,0,0
4087,14,314.9985714285714,253.57260233531161,0,0,0,0
4088,23,405.78173913043474,251.52533020772654,0,0,0,0
4089,22,419.51545454545453,398.11296555497313,0,0,0,0
4090,18,507.245,346.34011670049296,0,0,0,0
4091,16,349.160625,239.9762200320261,0,0,0,0
4092,17,435.2752941176471,243.26354583207862,0,0,0,0
4093,21,452.8309523809524,271.23733415071786,0,0,0,0
4094,26,377.95461538461535,293.9860010433617,0,0,0,0
4095,11,372.1872727272727,82.22706965149061,0,0,0,0
4096,15,433.0153333333334,260.58253990797016,0,0,0,0
4097,26,440.9923076923077,292.05797208125136,0,0,0,0
4098,26,401.7188461538462,329.8424352664689,0,0,0,0
4099,13,355.50384615384615,197.4210246592667,0,0,0,0
4100,14,384.23214285714283,210.47797123209733,0,0,0,0
4101,31,431.1983870967742,320.1130702362968,0,0,0,0
4102,20,351.04049999999995,232.39503248725003,0,0,0,0
4103,17,431.0917647058823,269.4021745454684,0,0,0,0
4104,15,401.366,260.79644519049714,0,0,0,0
4105,14,298.44,172.61859819514567,0,0,0,0
4106,10,528.428,301.13669138117325,0,0,0,0
4107,16,505.779375,257.80249825372016,0,0,0,0
4108,18,385.595,184.35950122428363,0,0,0,0
4109,26,383.5123076923077,241.6916858680735,0,0,0,0
4110,15,319.14733333333334,163.8211663762924,0,0,0,0
4111,15,471.8586666666667,414.06803358653775,0,0,0,0
4112,19,290.2084210526316,230.9262802683132,0,0,0,0
4113,18,314.03055555555557,173.52220390973415,0,0,0,0
4114,20,368.193,304.18490685929834,0,0,0,0
4115,15,366.96000000000004,198.63209737267204,0,0,0,0
4116,14,397.4785714285714,141.044326662484,0,0,0,0
4117,17,348.2405882352941,286.8656765491593,0,0,0,0
4118,10,510.745,418.0619212568875,0,0,0,0
4119,16,357.481875,257.5157659546972,0,0,0,0
4120,20,435.672,290.25645930108084,0,0,0,0
4121,28,391.8096428571429,274.5085481557664,0,0,0,0
4122,15,393.64866666666666,252.54209892917967,0,0,0,0
4123,18,294.4194444444445,160.47098576351294,0,0,0,0
4124,14,375.7042857142857,234.16483686602012,0,0,0,0
4125,23,422.50521739130437,271.1421459688717,0,0,0,0
4126,18,340.9577777777778,202.0197533398805,0,0,0,0
4127,17,392.8158823529412,215.70449707763532,0,0,0,0
4128,13,347.3369230769231,255.8161952347401,0,0,0,0
4129,18,381.01222222222225,259.53576429967654,0,0,0,0
4130,23,484.3739130434783,302.82432260792547,0,0,0,0
4131,21,423.7552380952381,239.4376334469116,0,0,0,0
4132,15,459.218,304.2134422232741,0,0,0,0
4133,17,404.74411764705883,247.06319782262008,0,0,0,0
4134,21,380.6947619047619,312.4955879706685,0,0,0,0
4135,12,385.1958333333334,284.73812458287387,0,0,0,0
4136,23,390.6721739130434,190.19377272200748,0,0,0,0
4137,14,393.3771428571428,221.90093527867577,0,0,0,0
4138,11,588.4727272727273,450.6318667885008,0,0,0,0
4139,29,282.65241379310345,207.89056565240534,0,0,0,0
4140,17,384.60411764705884,232.10630913843877,0,0,0,0
4141,19,294.06263157894733,208.57208439245088,0,0,0,0
4142,15,522.996,353.3717309916004,0,0,0,0
4143,18,432.65555555555557,198.85660923339324,0,0,0,0
4144,21,379.757619047619,223.11117922311973,0,0,0,0
4145,24,423.7,226.97190046347143,0,0,0,0
4146,25,358.83,225.75077162215857,0,0,0,0
4147,20,378.4585,214.5318155723062,0,0,0,0
4148,24,439.15333333333336,318.44624678097387,0,0,0,0
4149,16,434.529375,285.23375176048046,0,0,0,0
4150,19,426.1168421052632,323.855589845595,0,0,0,0
4151,24,399.52875,229.75532564216556,0,0,0,0
4152,15,479.04533333333336,361.97580079091233,0,0,0,0
4153,20,305.56,163.15425722303414,0,0,0,0
4154,16,417.365,276.54611708537874,0,0,0,0
4155,14,368.5878571428571,223.80539595750128,0,0,0,0
4156,13,377.35,272.76810968575205,0,0,0,0
4157,16,334.974375,185.82997110829393,0,0,0,0
4158,22,338.03499999999997,256.91849948873954,0,0,0,0
4159,14,445.75714285714287,288.22770543018765,0,0,0,0
4160,11,352.5327272727273,169.7224860064167,0,0,0,0
4161,11,357.83454545454543,227.080725468585,0,0,0,0
4162,13,245.1546153846154,136.0569191758409,0,0,0,0
4163,14,365.795,203.4750814420703,0,0,0,0
4164,19,483.3636842105263,319.5052296946266,0,0,0,0
4165,23,381.87782608695653,245.16649276264275,0,0,0,0
4166,19,523.3194736842105,298.9944908394712,0,0,0,0
4167,19,376.05842105263156,268.7302724463433,0,0,0,0
4168,20,457.988,255.30500971582995,0,0,0,0
4169,13,377.9030769230769,168.45091772632236,0,0,0,0
4170,18,499.4122222222222,348.5975008445438,0,0,0,0
4171,21,388.0733333333333,239.14055003248876,0,0,0,0
4172,27,468.8548148148148,292.92429003350406,0,0,0,0
4173,19,382.03526315789475,270.77047870977407,0,0,0,0
4174,17,456.1688235294118,313.7814210539176,0,0,0,0
4175,15,366.3306666666667,272.09790961996674,0,0,0,0
4176,20,546.318,484.5145679399124,0,0,0,0
4177,19,427.5542105263158,263.2713874016254,0,0,0,0
4178,19,452.5305263157895,321.1290519807244,0,0,0,0
4179,23,404.6543478260869,391.3705927037318,0,0,0,0
4180,16,419.25374999999997,324.60246767921757,0,0,0,0
4181,17,411.9205882352941,301.4646105943955,0,0,0,0
4182,23,903.5691304347827,1700.2475371542944,1,0,0,1
4183,25,302.262,193.94736182789393,0,0,0,0
4184,20,383.899,298.3240434812454,0,0,0,0
4185,22,361.2013636363636,246.63413113162093,0,0,0,0
4186,20,362.4855,247.17319972996665,0,0,0,0
4187,18,470.47999999999996,293.8686794206631,0,0,0,0
4188,20,458.533,237.73886190734564,0,0,0,0
4189,16,345.696875,230.23727637805396,0,0,0,0
4190,10,511.20799999999997,296.66523985125065,0,0,0,0
4191,14,379.8442857142857,280.31723637729465,0,0,0,0
4192,19,396.3205263157895,206.8379714318403,0,0,0,0
4193,16,367.04312500000003,172.61156268189097,0,0,0,0
4194,27,376.1451851851852,245.64286954499423,0,0,0,0
4195,13,393.4184615384615,275.3496634867175,0,0,0,0
4196,21,513.6461904761904,373.90785128444986,0,0,0,0
4197,17,397.19705882352946,153.5688049191326,0,0,0,0
4198,14,413.69928571428574,217.7433150840124,0,0,0,0
4199,15,308.758,162.64956313907928,0,0,0,0
4200,18,402.00388888888887,151.57816759161625,0,0,0,0
4201,15,363.2366666666667,239.2542375707388,0,0,0,0
4202,19,373.8184210526316,258.213636218318,0,0,0,0
4203,18,431.13444444444445,259.59019597610694,0,0,0,0
4204,21,368.36333333333334,239.1096908938763,0,0,0,0
4205,17,388.7341176470588,246.58163976922592,0,0,0,0
4206,21,357.7085714285714,170.96699905135452,0,0,0,0
4207,16,465.59000000000003,174.70105233655568,0,0,0,0
4208,15,392.6413333333333,257.3385358334211,0,0,0,0
4209,17,364.13,211.43168113656782,0,0,0,0
4210,22,348.1177272727273,287.1822242842246,0,0,0,0
4211,15,305.092,237.38331250532335,0,0,0,0
4212,17,414.9688235294118,447.4288335509163,0,0,0,0
4213,18,404.44444444444446,257.64095335740706,0,0,0,0
4214,16,680.3975,956.9476755190171,1,0,0,1
4215,22,360.7440909090909,210.69609837305507,0,0,0,0
4216,21,526.9004761904762,316.89907455237886,0,0,0,0
4217,16,318.0225,139.9587071469654,0,0,0,0
4218,21,517.9642857142857,313.3438793246233,0,0,0,0
4219,20,534.933,212.10879970194543,0,0,0,0
4220,19,380.51842105263154,380.48153461333374,0,0,0,0
4221,19,400.4142105263158,277.9974103877075,0,0,0,0
4222,18,400.29999999999995,177.53150887784534,0,0,0,0
4223,15,384.51866666666666,238.94387898602648,0,0,0,0
4224,12,311.6975,194.0034580071964,0,0,0,0
4225,12,426.67083333333335,260.60288810942245,0,0,0,0
4226,22,332.2063636363636,159.74695596887705,0,0,0,0
4227,19,347.08473684210526,208.7791956102609,0,0,0,0
4228,12,375.9983333333334,252.2363238061128,0,0,0,0
4229,19,509.0373684210527,307.15348038745617,0,0,0,0
4230,21,445.8404761904762,235.72170925491557,0,0,0,0
4231,27,389.58481481481476,265.1793900903112,0,0,0,0
4232,23,750.6886956521739,1542.9451329119124,1,0,0,1
4233,16,413.745,224.51468145201554,0,0,0,0
4234,24,386.81874999999997,281.1302487773313,0,0,0,0
4235,17,396.40882352941173,272.79636298425874,0,0,0,0
4236,20,410.96750000000003,209.74870545190504,0,0,0,0
4237,24,333.1016666666667,266.32107069704836,0,0,0,0
4238,24,353.0154166666667,283.294136190332,0,0,0,0
4239,12,412.3341666666667,288.661947886518,0,0,0,0
4240,16,403.895,378.43266792125655,0,0,0,0
4241,19,399.36,269.13432332103923,0,0,0,0
4242,17,324.47764705882355,165.8137185316317,0,0,0,0
4243,22,376.8654545454546,279.19651620526537,0,0,0,0
4244,15,386.13,277.4356845108429,0,0,0,0
4245,23,451.11,330.5624280446624,0,0,0,0
4246,25,320.4296,197.20895075994906,0,0,0,0
4247,10,351.601,241.11317697089893,0,0,0,0
4248,15,363.8326666666666,283.9944341817674,0,0,0,0
4249,12,334.195,261.4300555438618,0,0,0,0
4250,17,495.0835294117647,302.5477195018639,0,0,0,0
4251,12,357.46583333333336,264.5432722151625,0,0,0,0
4252,15,385.96666666666664,295.9743107245777,0,0,0,0
4253,22,424.6259090909091,264.83931199638585,0,0,0,0
4254,17,412.8094117647059,257.3763755206071,0,0,0,0
4255,16,391.833125,229.17537156942575,0,0,0,0
4256,24,328.24041666666665,201.830646035217,0,0,0,0
4257,20,339.0235,238.39479097234906,0,0,0,0
4258,15,475.83799999999997,288.21410266675014,0,0,0,0
4259,26,356.0703846153846,180.34471333192758,0,0,0,0
4260,19,477.21421052631575,342.0896101949372,0,0,0,0
4261,20,504.276,284.70700503148845,0,0,0,0
4262,23,403.40000000000003,302.2434139822606,0,0,0,0
4263,29,373.4093103448276,298.5831233876727,0,0,0,0
4264,23,435.09521739130435,328.82531823433135,0,0,0,0
4265,22,453.74363636363637,358.1383865661868,0,0,0,0
4266,28,417.72464285714284,384.24238407251437,0,0,0,0
4267,21,492.90714285714284,374.7482740535604,0,0,0,0
4268,15,480.166,330.01854531323943,0,0,0,0
4269,21,460.37666666666667,315.7511029326336,0,0,0,0
4270,18,314.4511111111111,201.34955168917588,0,0,0,0
4271,20,350.8085,216.39628467871162,0,0,0,0
4272,17,349.36529411764707,152.25727136572826,0,0,0,0
4273,21,508.3861904761905,353.3569886305617,0,0,0,0
4274,27,475.1414814814815,440.6571938526608,0,0,0,0
4275,14,368.255,239.24801186664615,0,0,0,0
4276,10,442.11500000000007,318.8963148187824,0,0,0,0
4277,12,328.31583333333333,239.98215560253414,0,0,0,0
4278,21,376.05285714285714,152.10949327447554,0,0,0,0
4279,20,426.81000000000006,239.47861393034646,0,0,0,0
4280,16,320.681875,238.51257834280852,0,0,0,0
4281,20,356.9635,217.91947504238811,0,0,0,0
4282,19,433.8673684210526,227.74322431060514,0,0,0,0
4283,30,407.4786666666667,227.39839981455944,0,0,0,0
4284,18,467.6427777777778,293.49696377012816,0,0,0,0
4285,13,399.8361538461538,171.01414626769522,0,0,0,0
4286,15,403.776,232.85385782503153,0,0,0,0
4287,22,447.4359090909091,305.02004124407495,0,0,0,0
4288,31,335.0251612903226,217.29421585566607,0,0,0,0
4289,9,578.2933333333334,407.0194976219743,0,0,0,0
4290,19,374.9636842105263,222.05170486576992,0,0,0,0
4291,20,385.3265,184.08102928533947,0,0,0,0
4292,12,328.3383333333333,196.60770173255057,0,0,0,0
4293,15,376.678,264.2514937756581,0,0,0,0
4294,17,350.2576470588235,257.7977445602386,0,0,0,0
4295,19,367.3521052631579,228.0518589586922,0,0,0,0
4296,21,458.31,372.1317378998746,0,0,0,0
4297,16,299.545,180.6821431063402,0,0,0,0
4298,15,388.21733333333333,322.32137052878693,0,0,0,0
4299,19,386.23578947368424,168.33549947135762,0,0,0,0
4300,23,366.3760869565217,284.0029755162425,0,0,0,0
4301,20,412.43549999999993,263.59656455414984,0,0,0,0
4302,18,403.3022222222222,292.0662691459586,0,0,0,0
4303,13,428.72999999999996,257.33545984241607,0,0,0,0
4304,16,328.901875,259.11157807059556,0,0,0,0
4305,14,425.6542857142857,261.8538350660068,0,0,0,0
4306,16,341.234375,198.57856631471932,0,0,0,0
4307,16,475.4625,356.42260293260017,0,0,0,0
4308,15,333.87666666666667,273.4046930020689,0,0,0,0
4309,17,305.64588235294116,173.15455221747197,0,0,0,0
4310,20,313.704,201.0048843784648,0,0,0,0
4311,21,441.2052380952381,243.35465801443834,0,0,0,0
4312,20,491.8705,232.8887581115713,0,0,0,0
4313,22,549.565,366.20834788595914,0,0,0,0
4314,20,418.149,233.44263370044467,0,0,0,0
4315,23,393.0956521739131,163.62467151662202,0,0,0,0
4316,14,389.2478571428572,196.3762358032796,0,0,0,0
4317,11,368.2218181818182,363.4793218532191,0,0,0,0
4318,19,467.2194736842105,229.4255398868108,0,0,0,0
4319,25,383.2528,229.63632328566842,0,1,0,1
4320,15,340.514,171.60279911469974,0,0,0,0
4321,13,492.82076923076926,233.54388964756907,0,0,0,0
4322,20,487.017,317.17136377832094,0,0,0,0
4323,17,480.6205882352941,386.5964421867055,0,0,0,0
4324,23,338.42521739130433,311.124013815679,0,1,0,1
4325,15,348.9306666666667,175.20119761640393,0,0,0,0
4326,30,271.70099999999996,176.13727877898728,0,1,0,1
4327,21,337.9147619047619,195.43004807759218,0,0,0,0
4328,17,399.704705882353,295.66126152421447,0,0,0,0
4329,13,322.76461538461535,311.86317568435203,0,0,0,0
4330,17,450.66470588235296,319.45773639491114,0,0,0,0
4331,25,392.56080000000003,228.74189036413944,0,0,0,0
4332,19,432.5736842105263,252.73629558787007,0,0,0,0
4333,25,490.05519999999996,352.12363347120004,0,0,0,0
4334,22,334.5718181818182,225.71567860789273,0,0,0,0
4335,15,431.56266666666664,291.28249329397664,0,0,0,0
4336,16,424.0075,241.92799932262903,0,0,0,0
4337,11,399.5618181818182,231.45081361699064,0,0,0,0
4338,27,314.8825925925926,187.9954616984261,0,0,0,0
4339,30,383.655,248.1253607587638,0,0,0,0
4340,16,328.90749999999997,157.79158293061775,0,0,0,0
4341,24,363.77375,290.94471275788953,0,0,0,0
4342,23,453.70695652173913,307.1114636688513,0,0,0,0
4343,21,326.30380952380955,173.7754140228728,0,0,0,0
4344,18,372.16166666666663,181.3433605147368,0,0,0,0
4345,13,262.43461538461537,127.90001988424612,0,0,0,0
4346,21,327.75,252.3271825758506,0,0,0,0
4347,20,369.704,172.46147739132937,0,0,0,0
4348,20,318.7755,170.3026092423425,0,0,0,0
4349,17,290.64,151.53009532180494,0,0,0,0
4350,22,339.55454545454546,258.08308929362045,0,0,0,0
4351,20,313.901,153.17766263068515,0,0,0,0
4352,13,485.9323076923077,176.41158204406517,0,0,0,0
4353,16,489.16375,322.9706135601775,0,0,0,0
4354,16,386.855,245.23522977949153,0,0,0,0
4355,22,442.42681818181813,252.01622910198694,0,0,0,0
4356,19,363.6936842105263,276.3111186442315,0,0,0,0
4357,14,324.1614285714286,202.28365850448517,0,0,0,0
4358,17,480.98058823529414,270.53451656414404,0,0,0,0
4359,17,400.1482352941177,217.62298495158717,0,0,0,0
4360,21,352.86380952380955,252.84776772324955,0,0,0,0
4361,21,400.39904761904756,221.75197116007493,0,0,0,0
4362,18,352.4461111111111,205.75221057645714,0,0,0,0
4363,21,324.0676190476191,166.90223376931837,0,0,0,0
4364,14,360.2492857142857,182.2705406596111,0,0,0,0
4365,14,418.7142857142857,205.57180510240516,0,0,0,0
4366,21,468.71619047619043,262.9563856915511,0,0,0,0
4367,20,476.63050000000004,305.06989145890805,0,0,0,0
4368,10,430.67299999999994,161.63418326888666,0,0,0,0
4369,14,485.51142857142855,226.44366899193844,0,0,0,0
4370,17,469.92176470588237,387.6061171015402,0,0,0,0
4371,20,447.884,202.58396107293385,0,0,0,0
4372,23,442.71304347826083,297.1909117844269,0,0,0,0
4373,28,441.94964285714286,334.18452049602496,0,0,0,0
4374,16,438.845625,289.86394722284695,0,0,0,0
4375,15,462.0466666666667,271.58475354031845,0,0,0,0
4376,19,440.7868421052632,268.6350602789597,0,0,0,0
4377,11,402.0536363636364,275.09358163996507,0,0,0,0
4378,19,483.0384210526316,256.9163600179548,0,0,0,0
4379,21,431.33142857142855,225.42010083367447,0,0,0,0
4380,11,364.6054545454545,188.29884653553137,0,0,0,0
4381,18,418.2011111111111,222.108364115079,0,0,0,0
4382,28,377.4889285714286,227.35443921550086,0,0,0,0
4383,30,382.095,340.4326670650159,0,0,0,0
4384,17,360.91411764705884,164.62825209825712,0,0,0,0
4385,17,330.0064705882353,264.98830045075306,0,0,0,0
4386,14,332.8507142857143,216.59014799069845,0,0,0,0
4387,18,480.4938888888889,227.73920669970263,0,0,0,0
4388,19,417.2294736842105,314.8005355521708,0,0,0,0
4389,26,408.5480769230769,269.04828825980763,0,0,0,0
4390,9,294.5488888888889,179.07679572024995,0,0,0,0
4391,18,475.51500000000004,376.7532928301136,0,0,0,0
4392,17,340.55117647058825,160.203471464273,0,0,0,0
4393,18,314.46833333333336,163.23028338482072,0,0,0,0
4394,19,389.90473684210525,333.3060171005874,0,0,0,0
4395,21,319.3,168.2619799173725,0,0,0,0
4396,17,405.1929411764706,380.44794973301583,0,0,0,0
4397,15,397.148,286.020976787834,0,0,0,0
4398,20,380.8075,274.9193246731666,0,0,0,0
4399,20,344.2025,197.21396177438857,0,0,0,0
4400,14,398.81357142857144,276.29688935240716,0,0,0,0
4401,14,569.5,261.378265710281,0,0,0,0
4402,23,401.8195652173913,187.5638246728242,0,0,0,0
4403,14,333.265,192.96811538068005,0,0,0,0
4404,16,472.8175,375.9333552057465,0,0,0,0
4405,22,462.99409090909097,300.26282303492184,0,0,0,0
4406,18,298.42944444444447,249.15595099527127,0,0,0,0
4407,14,372.755,252.64721591720402,0,0,0,0
4408,20,398.813,197.08037934051183,0,0,0,0
4409,27,399.14074074074074,246.3924095140067,0,0,0,0
4410,19,434.41315789473686,257.0099226028899,0,0,0,0
4411,15,361.8006666666667,221.46342525623095,0,0,0,0
4412,23,414.55,318.06700051622977,0,0,0,0
4413,13,467.5169230769231,239.1972273245727,0,0,0,0
4414,22,355.15409090909094,255.39640699507052,0,0,0,0
4415,19,342.0394736842105,215.43918400557072,0,0,0,0
4416,16,263.3925,154.90844168814692,0,0,0,0
4417,23,391.01478260869567,193.84176027098164,0,0,0,0
4418,19,401.14157894736843,324.6413299281331,0,0,0,0
4419,6,378.42,93.60301134756993,0,0,0,0
4420,16,316.728125,178.2838993438117,0,0,0,0
4421,16,314.738125,188.7029250640656,0,0,0,0
4422,10,342.531,231.71325786195317,0,0,0,0
4423,23,413.96478260869566,284.3746715142996,0,0,0,0
4424,18,468.7805555555555,343.3192070633105,0,0,0,0
4425,12,405.93083333333334,229.07346079581592,0,0,0,0
4426,19,398.2289473684211,359.4583939308039,0,0,0,0
4427,19,328.0673684210526,202.97494605160944,0,0,0,0
4428,29,411.0179310344828,282.945117175841,0,0,0,0
4429,24,364.07124999999996,212.52357854115274,0,0,0,0
4430,14,307.0464285714285,259.0557738791051,0,0,0,0
4431,19,449.40263157894736,284.36000258830745,0,0,0,0
4432,23,389.0573913043478,256.1263988943468,0,0,0,0
4433,16,364.35125,210.8131690880281,0,0,0,0
4434,21,347.78190476190474,226.6733680161842,0,0,0,0
4435,19,270.8468421052632,210.97795018369075,0,0,0,0
4436,15,378.796,205.35102823539347,0,0,0,0
4437,19,313.9921052631579,215.77882983762373,0,0,0,0
4438,28,365.96250000000003,223.1967817328307,0,0,0,0
4439,14,379.27642857142854,175.95547369422522,0,0,0,0
4440,15,299.728,218.91745221125402,0,0,0,0
4441,25,412.2608,320.73113022492834,0,0,0,0
4442,14,409.68642857142856,197.7856119859923,0,0,0,0
4443,22,427.4122727272727,368.8069071766394,0,0,0,0
4444,32,384.2203125,356.79873485871184,0,1,0,1
4445,31,389.83612903225804,268.32165089655797,0,1,0,1
4446,19,408.9294736842105,347.081404549327,0,0,0,0
4447,21,400.02571428571434,278.07028511256823,0,0,0,0
4448,17,259.67823529411766,123.6172185910196,0,0,0,0
4449,16,392.61062499999997,212.18506970533858,0,0,0,0
4450,22,285.0109090909091,238.61453906608247,0,0,0,0
4451,16,330.269375,228.67213889291227,0,0,0,0
4452,14,303.01214285714286,190.79246822430503,0,0,0,0
4453,26,396.0353846153846,257.39226357435257,0,0,0,0
4454,27,440.80740740740737,242.81719175502593,0,0,0,0
4455,16,330.323125,282.0918164737935,0,0,0,0
4456,19,349.35421052631574,270.6372164922862,0,0,0,0
4457,15,424.28,202.2293828304879,0,0,0,0
4458,12,383.8541666666667,235.82626505750417,0,0,0,0
4459,25,447.156,349.5276531434959,0,0,0,0
4460,18,435.9144444444444,207.4522870504666,0,0,0,0
4461,14,429.2085714285714,276.2505720706977,0,0,0,0
4462,27,403.80740740740737,258.62567926398947,0,0,0,0
4463,17,387.9041176470588,173.7171792804691,0,0,0,0
4464,21,358.81428571428575,220.5803547478339,0,0,0,0
4465,18,321.005,209.20213413108382,0,0,0,0
4466,16,263.49875000000003,137.9054663018747,0,0,0,0
4467,17,388.3135294117647,240.81911862106293,0,0,0,0
4468,14,308.9578571428571,202.4716964057154,0,0,0,0
4469,12,347.1266666666667,203.64505425426412,0,0,0,0
4470,16,495.77375,414.9704059610005,0,0,0,0
4471,14,464.8471428571429,232.92672245728664,0,0,0,0
4472,16,451.98312500000003,165.72502412576188,0,0,0,0
4473,20,347.3395,181.0485222385149,0,0,0,0
4474,20,301.2795,203.0585389850671,0,0,0,0
4475,21,394.9233333333333,193.72723786006168,0,0,0,0
4476,18,288.53333333333336,147.20982813657514,0,0,0,0
4477,23,438.7256521739131,316.5946064225968,0,0,0,0
4478,16,460.01,285.26351446951645,0,0,0,0
4479,19,398.4089473684211,248.4900393830227,0,0,0,0
4480,18,488.74777777777774,324.5255046569368,0,0,0,0
4481,21,382.1404761904762,210.6305866287771,0,0,0,0
4482,16,352.435625,248.6999688874314,0,0,0,0
4483,26,369.4676923076923,218.3837885697086,0,0,0,0
4484,24,527.2379166666667,317.478715152412,0,0,0,0
4485,25,326.2956,228.62759194952827,0,0,0,0
4486,16,323.92625,156.01927452541725,0,0,0,0
4487,14,468.425,215.46117382257063,0,0,0,0
4488,17,428.04764705882354,244.63803055629694,0,0,0,0
4489,15,404.8206666666667,242.02490578358982,0,0,0,0
4490,14,343.13,232.30751888083913,0,0,0,0
4491,11,549.4345454545454,360.83791333162424,0,0,0,0
4492,16,485.523125,232.8520178063406,0,0,0,0
4493,20,480.34250000000003,243.68500154656618,0,0,0,0
4494,19,454.3931578947368,258.6656066908868,0,0,0,0
4495,17,396.8735294117647,300.8154562467743,0,0,0,0
4496,19,478.49842105263156,290.13036785234755,0,0,0,0
4497,21,283.50476190476195,213.58897259788358,0,0,0,0
4498,30,353.7323333333333,256.7822148135566,0,0,0,0
4499,20,541.5944999999999,397.4180049076162,0,0,0,0
4500,25,424.5296,282.70117276700495,0,0,0,0
4501,17,481.7070588235294,387.91338206546465,0,0,0,0
4502,10,260.194,163.09472481965804,0,0,0,0
4503,20,433.7215,269.85235209786487,0,0,0,0
4504,15,324.68199999999996,268.40009312467345,0,0,0,0
4505,23,407.9217391304348,276.34355318747674,0,0,0,0
4506,19,436.83263157894737,318.87628958813457,0,0,0,0
4507,27,506.1488888888889,300.26521778234087,0,0,0,0
4508,17,455.24882352941177,232.41556819583397,0,0,0,0
4509,19,382.41999999999996,264.7897247966672,0,0,0,0
4510,33,337.12333333333333,219.07386743269763,0,0,0,0
4511,14,289.105,162.82866116390124,0,0,0,0
4512,16,397.21625,260.9302970592674,0,0,0,0
4513,15,502.78866666666664,278.2732367504205,0,0,0,0
4514,17,480.0523529411765,258.729579507467,0,0,0,0
4515,20,333.06100000000004,252.58985988950545,0,0,0,0
4516,18,373.9872222222223,284.42628908042536,0,0,0,0
4517,20,464.428,338.52245187874905,0,0,0,0
4518,19,361.6636842105263,243.12487686286752,0,0,0,0
4519,27,371.14444444444445,215.3069716119089,0,0,0,0
4520,12,437.8775,300.6005191314269,0,0,0,0
4521,26,335.46307692307687,203.25087756020662,0,0,0,0
4522,18,304.5988888888889,232.76138141139995,0,0,0,0
4523,18,403.8066666666667,259.90628488403706,0,0,0,0
4524,18,360.33833333333337,196.86334225802418,0,0,0,0
4525,12,369.77416666666664,455.68106204629447,0,0,0,0
4526,31,423.68612903225807,301.4147645491863,0,0,0,0
4527,17,505.7641176470588,392.01421590457693,0,0,0,0
4528,19,364.5126315789474,222.1042633739035,0,0,0,0
4529,16,423.23312500000003,198.34563288357103,0,0,0,0
4530,20,417.8295,302.020379717578,0,0,0,0
4531,19,450.42052631578946,243.10287312324317,0,0,0,0
4532,27,694.435925925926,1688.0247331285677,0,0,1,1
4533,17,416.6041176470588,303.11996126672216,0,0,0,0
4534,12,268.3391666666667,188.47288750455735,0,0,0,0
4535,23,401.3239130434783,265.0321260385506,0,0,0,0
4536,15,351.79200000000003,172.79066414595437,0,0,0,0
4537,22,374.84,189.21159365305095,0,0,0,0
4538,19,389.63684210526316,206.66033800857184,0,0,0,0
4539,17,385.14294117647063,165.1905633526359,0,0,0,0
4540,16,464.74875,352.14686525786016,0,0,0,0
4541,23,500.9247826086957,305.046840706395,0,0,0,0
4542,14,385.9507142857143,219.72928738610167,0,0,0,0
4543,23,411.2404347826087,202.99506525332646,0,0,0,0
4544,21,314.0266666666667,190.14927788283887,0,0,0,0
4545,26,424.74115384615385,279.6128974455567,0,0,0,0
4546,20,326.8655,181.5632077672952,0,0,0,0
4547,20,406.88649999999996,204.30713272607497,0,0,0,0
4548,14,361.65142857142854,208.75499808754438,0,0,0,0
4549,23,466.135652173913,283.6586462607613,0,0,0,0
4550,15,353.71200000000005,210.44089923143105,0,0,0,0
4551,21,359.17904761904765,194.98317512043272,0,0,0,0
4552,15,483.58866666666665,253.58524685968794,0,0,0,0
4553,19,365.4536842105263,220.23832976335643,0,0,0,0
4554,16,381.55375,280.3253749635189,0,0,0,0
4555,18,385.4127777777778,242.4107088944883,0,0,0,0
4556,10,400.183,201.77725367592853,0,0,0,0
4557,17,388.9647058823529,197.68174467526,0,0,0,0
4558,19,476.8236842105263,335.5443077999579,0,0,0,0
4559,13,315.69615384615383,188.81962750561962,0,0,0,0
4560,18,381.13722222222225,254.65055716512018,0,0,0,0
4561,19,545.1657894736842,428.63537018279914,0,0,0,0
4562,21,442.07952380952383,321.0896960348825,0,0,0,0
4563,20,402.4995,282.3081554520698,0,0,0,0
4564,19,364.74,205.5779157195124,0,0,0,0
4565,18,507.9094444444445,319.61682233004876,0,0,0,0
4566,26,342.8765384615385,250.70898198052268,0,0,0,0
4567,14,399.0457142857143,253.90267521558852,0,0,0,0
4568,16,411.844375,295.5521604338385,0,0,0,0
4569,24,364.7366666666667,275.34387139337036,0,0,0,0
4570,11,531.1754545454546,269.53013717017825,0,0,0,0
4571,33,415.6227272727273,295.8292646235553,0,0,0,0
4572,21,412.60523809523806,245.68993951182503,0,0,0,0
4573,21,381.9442857142857,271.9154300525814,0,0,0,0
4574,24,476.97166666666664,388.30110001418007,0,0,0,0
4575,25,410.5732,219.38950072817985,0,0,0,0
4576,24,584.0866666666667,390.6213804916752,0,0,0,0
4577,20,286.0365,185.17082900054749,0,0,0,0
4578,24,396.17541666666665,385.6400895910932,0,0,0,0
4579,19,360.0942105263158,337.55414948553516,0,0,0,0
4580,22,435.86045454545456,329.77806499188716,0,0,0,0
4581,19,303.6921052631579,204.27652969698102,0,0,0,0
4582,20,479.47749999999996,319.0185545524743,0,0,0,0
4583,20,308.672,165.88064891963734,0,0,0,0
4584,14,520.2271428571429,372.94106536381037,0,0,0,0
4585,17,333.56470588235294,234.20980413792515,0,0,0,0
4586,20,384.5645,228.98328881110515,0,0,0,0
4587,18,449.5361111111111,316.96394605939525,0,0,0,0
4588,20,364.7055,226.15922924954896,0,0,0,0
4589,26,430.8707692307692,294.3640275750036,0,0,0,0
4590,15,451.6153333333333,268.34124237288285,0,0,0,0
4591,21,307.37714285714287,197.86570125894445,0,0,0,0
4592,29,319.64482758620693,176.48919501205944,0,0,0,0
4593,10,342.351,198.44521608998286,0,0,0,0
4594,15,473.33,337.9501012477039,0,0,0,0
4595,20,353.5745,236.48185950459285,0,0,0,0
4596,18,405.69111111111107,234.57643525414747,0,0,0,0
4597,23,423.624347826087,214.10423558197033,0,0,0,0
4598,15,351.8873333333333,208.3506218682558,0,0,0,0
4599,20,397.4755,245.73692206249757,0,0,0,0
4600,16,395.031875,258.1500580626205,0,0,0,0
4601,19,485.0515789473684,338.95619486055864,0,0,0,0
4602,22,339.15727272727275,196.12056039779148,0,0,0,0
4603,13,330.83384615384614,187.03708807607205,0,0,0,0
4604,15,375.71666666666664,209.41631460376303,0,0,0,0
4605,13,522.2661538461539,243.0225268614623,0,0,0,0
4606,18,465.14000000000004,201.16351806428514,0,0,0,0
4607,21,354.3247619047619,248.3237442115213,0,0,0,0
4608,14,355.8228571428572,223.93164963024418,0,0,0,0
4609,17,339.2811764705882,244.91731257429709,0,0,0,0
4610,19,419.0231578947368,298.1721265883822,0,0,0,0
4611,18,415.87666666666667,233.00786465029222,0,0,0,0
4612,15,360.4713333333333,258.0035058642077,0,0,0,0
4613,19,651.6231578947369,1336.531680125653,1,0,0,1
4614,15,366.956,249.44891444408674,0,0,0,0
4615,19,422.9063157894737,240.56756674713472,0,0,0,0
4616,18,408.69777777777773,255.1782116385758,0,0,0,0
4617,22,421.3481818181818,265.04654269900266,0,0,0,0
4618,26,332.25076923076927,248.4485414902632,0,0,0,0
4619,25,598.6932,651.0557384907685,1,0,0,1
4620,16,536.9293749999999,918.7591034070679,1,0,0,1
4621,18,450.385,364.94944042900585,0,0,0,0
4622,19,380.5736842105263,202.0185561620392,0,0,0,0
4623,16,323.968125,150.62641199415984,0,0,0,0
4624,19,314.91473684210524,185.48153170566096,0,0,0,0
4625,19,448.0468421052631,347.6568661929178,0,0,0,0
4626,15,325.67133333333334,225.43136303146073,0,0,0,0
4627,26,372.6530769230769,220.6993163136256,0,0,0,0
4628,20,354.909,220.14785635794868,0,0,0,0
4629,27,377.5166666666667,247.47826593685164,0,0,0,0
4630,19,383.2942105263158,173.6277059299063,0,0,0,0
4631,15,308.4433333333333,260.7240747780858,0,0,0,0
4632,23,411.1134782608696,211.09095899756187,0,0,0,0
4633,19,311.39157894736843,185.74912411107957,0,0,0,0
4634,26,317.6588461538461,176.60090422120035,0,0,0,0
4635,21,495.98190476190473,392.2475896265016,0,0,0,0
4636,27,378.29555555555555,264.76745295298264,0,0,0,0
4637,20,256.78049999999996,123.16137988326543,0,0,0,0
4638,11,338.52727272727276,146.21189592760152,0,0,0,0
4639,21,577.8790476190476,571.8708549922519,1,0,0,1
4640,18,430.57,230.67034847735988,0,0,0,0
4641,20,461.28200000000004,323.3411283242514,0,0,0,0
4642,17,372.03647058823526,196.03600608475205,0,0,0,0
4643,18,378.46888888888884,247.45276538920606,0,0,0,0
4644,15,345.53933333333333,228.74322569106943,0,0,0,0
4645,19,346.10052631578947,191.94833486544692,0,0,0,0
4646,18,473.6077777777778,238.05687377309079,0,0,0,0
4647,10,395.32800000000003,253.56812310698672,0,0,0,0
4648,12,311.94666666666666,185.41281479145098,0,0,0,0
4649,16,477.364375,420.29508629308214,0,0,0,0
4650,18,396.36833333333334,213.3809298010901,0,0,0,0
4651,18,479.2149999999999,290.77036428635967,0,0,0,0
4652,17,450.1576470588235,230.59766652381464,0,0,0,0
4653,16,514.66875,464.73312919721724,0,0,0,0
4654,14,325.9371428571429,199.13621441575296,0,0,0,0
4655,12,588.0375,268.1750040279979,0,0,0,0
4656,17,472.1376470588235,267.24420560558053,0,0,0,0
4657,15,282.99666666666667,130.30122366612255,0,0,0,0
4658,15,483.7433333333333,330.1735985339968,0,0,0,0
4659,22,379.7231818181818,242.31766472933018,0,0,0,0
4660,23,532.2660869565217,316.87269259242754,0,0,0,0
4661,18,301.25722222222225,224.6916729853392,0,0,0,0
4662,18,281.62888888888887,194.70312880236955,0,0,0,0
4663,20,412.83549999999997,269.71439143054636,0,0,0,0
4664,21,335.9747619047619,302.306118483504,0,0,0,0
4665,19,353.82526315789477,312.92224054057056,0,0,0,0
4666,16,434.065,265.3290444664889,0,0,0,0
4667,16,350.445,169.5304570718784,0,0,0,0
4668,24,471.70875,296.8874351544776,0,0,0,0
4669,16,357.08375,205.813759041852,0,0,0,0
4670,19,757.0542105263157,1559.0084284513255,1,0,0,1
4671,22,455.9472727272727,338.32046576611106,0,0,0,0
4672,22,546.9963636363636,474.81258747335295,0,0,0,0
4673,24,319.41875,189.29767103939108,0,0,0,0
4674,22,455.26545454545453,306.01017512386545,0,0,0,0
4675,18,351.38,187.6344096907601,0,0,0,0
4676,17,400.73117647058825,242.50759573021864,0,0,0,0
4677,12,345.55833333333334,232.7031283929997,0,0,0,0
4678,22,435.02409090909094,284.27458517904654,0,0,0,0
4679,12,394.3966666666667,266.1205131243278,0,0,0,0
4680,15,427.9373333333333,318.65320818441825,0,0,0,0
4681,16,448.126875,211.7164404551153,0,0,0,0
4682,19,329.35473684210524,291.1149706571619,0,0,0,0
4683,19,396.038947368421,211.38268827923238,0,0,0,0
4684,14,498.51928571428573,372.8630154142075,0,0,0,0
4685,19,397.7557894736842,261.17547527961847,0,0,0,0
4686,11,639.4254545454545,449.5505600316759,0,0,0,0
4687,15,368.5133333333333,212.81101966037588,0,0,0,0
4688,21,444.53476190476187,369.0381396681178,0,0,0,0
4689,25,379.69519999999994,208.146499929641,0,0,0,0
4690,12,385.08500000000004,308.7579671981492,0,0,0,0
4691,17,438.0988235294118,359.56174143601305,0,0,0,0
4692,24,649.9716666666667,997.4113090089207,1,0,0,1
4693,19,506.6321052631579,275.3650058334811,0,0,0,0
4694,19,286.2057894736842,172.06156916136584,0,0,0,0
4695,14,338.4842857142857,261.1097157385401,0,0,0,0
4696,27,451.1551851851852,238.33967034885893,0,0,0,0
4697,18,406.6644444444444,302.3062376726661,0,0,0,0
4698,17,509.65,317.754509145587,0,0,0,0
4699,21,410.43476190476196,246.94625668677378,0,0,0,0
4700,26,357.49115384615385,259.1204996689159,0,0,0,0
4701,21,275.7761904761905,154.73402440735856,0,0,0,0
4702,18,382.81611111111107,173.92499562036286,0,0,0,0
4703,14,300.07642857142855,177.87934344088183,0,0,0,0
4704,22,314.75681818181823,240.9001352953762,0,0,0,0
4705,13,364.34461538461534,207.60134661692294,0,0,0,0
4706,18,381.1538888888889,193.6389693085474,0,0,0,0
4707,26,352.76461538461535,250.04075881944914,0,0,0,0
4708,15,510.242,208.99980995844615,0,0,0,0
4709,14,415.8707142857143,209.8099696481926,0,0,0,0
4710,29,549.2279310344828,469.25227626717617,0,0,0,0
4711,20,460.58000000000004,313.69102776458243,0,0,0,0
4712,13,251.90615384615387,132.3190001786743,0,0,0,0
4713,14,424.35857142857145,198.72552865904342,0,0,0,0
4714,23,433.72043478260866,230.68858735228667,0,0,0,0
4715,27,405.7622222222222,249.5744081035693,0,0,0,0
4716,21,430.89142857142855,282.69164936688304,0,0,0,0
4717,15,803.1193333333333,1649.3454347729048,1,0,0,1
4718,13,388.9146153846154,136.00785930997824,0,0,0,0
4719,20,386.6765,221.63397583121144,0,0,0,0
4720,20,367.95799999999997,239.5148301170515,0,0,0,0
4721,21,404.5395238095238,257.0700504027238,0,0,0,0
4722,24,427.87083333333334,254.65755898717316,0,0,0,0
4723,20,411.4615,188.64402922634474,0,0,0,0
4724,18,394.24333333333334,248.1558157242699,0,0,0,0
4725,23,394.65173913043475,248.6805861664836,0,0,0,0
4726,26,406.91653846153844,225.24070910476587,0,0,0,0
4727,15,486.6126666666667,268.47976853552467,0,0,0,0
4728,16,398.730625,273.5752832966812,0,0,0,0
4729,15,415.51533333333333,225.1571599532696,0,0,0,0
4730,13,511.08384615384614,342.2909867245987,0,0,0,0
4731,14,460.62928571428574,207.2371325133286,0,0,0,0
4732,12,314.29333333333335,170.4899277735263,0,0,0,0
4733,18,273.27,198.81273732390045,0,0,0,0
4734,15,502.4353333333333,385.3320360220377,0,0,0,0
4735,24,397.31125,288.39720128832306,0,0,0,0
4736,10,351.433,190.4541300707339,0,0,0,0
4737,12,385.8883333333333,226.6954725997461,0,0,0,0
4738,17,380.4270588235294,175.36915141443794,0,0,0,0
4739,19,324.5994736842105,229.04528843081357,0,0,0,0
4740,25,411.36159999999995,211.5239999939488,0,0,0,0
4741,18,291.95166666666665,138.73334523666455,0,0,0,0
4742,16,649.4712499999999,584.3479789461392,1,0,0,1
4743,12,473.5508333333333,348.55822436761645,0,0,0,0
4744,14,364.46214285714285,238.0880247237074,0,0,0,0
4745,12,477.7816666666667,326.561591761629,0,0,0,0
4746,13,427.21999999999997,424.3310555903982,0,0,0,0
4747,28,360.7375,232.6928934335217,0,0,0,0
4748,19,431.5968421052632,278.58807731417124,0,0,0,0
4749,17,395.6058823529412,178.2086893655803,0,0,0,0
4750,14,381.13642857142855,149.73691188248162,0,0,0,0
4751,17,328.6776470588235,195.7354882767412,0,0,0,0
4752,27,393.63518518518515,234.41835864413468,0,0,0,0
4753,19,398.8421052631579,248.84957943513098,0,0,0,0
4754,18,419.8261111111111,266.3432918067059,0,0,0,0
4755,17,475.30882352941177,294.40783321345145,0,0,0,0
4756,16,456.09,231.34095911122185,0,0,0,0
4757,22,309.2213636363636,177.93164206554306,0,0,0,0
4758,15,488.11333333333334,350.63556717607656,0,0,0,0
4759,21,390.03714285714284,232.5236502900677,0,0,0,0
4760,20,336.415,221.47136770923686,0,0,0,0
4761,18,412.8961111111111,274.12963774541436,0,0,0,0
4762,9,407.1677777777778,156.26430812908526,0,0,0,0
4763,19,526.9421052631578,269.9896982747959,0,0,0,0
4764,19,365.07473684210527,294.07014257018096,0,0,0,0
4765,20,373.49699999999996,268.62334342160216,0,0,0,0
4766,24,427.4266666666667,297.8978902614488,0,0,0,0
4767,17,483.1617647058824,310.0399555889396,0,0,0,0
4768,25,483.48720000000003,264.80102079138584,0,0,0,0
4769,20,417.07250000000005,298.9724283420629,0,0,0,0
4770,16,443.75875,247.59722170985174,0,0,0,0
4771,17,507.09470588235297,383.1377022631703,0,0,0,0
4772,24,412.4604166666666,294.5300791158572,0,0,0,0
4773,22,376.0995454545455,271.268617048209,0,0,0,0
4774,9,489.75,304.5706583226807,0,0,0,0
4775,20,412.5425,253.50710713656528,0,0,0,0
4776,15,445.86733333333336,255.83924214153606,0,0,0,0
4777,28,325.6689285714286,201.61624281468292,0,0,0,0
4778,21,489.4042857142857,265.9574876083882,0,0,0,0
4779,26,362.7780769230769,217.54695369433784,0,0,0,0
4780,21,318.88666666666666,300.85155902052327,0,0,0,0
4781,16,334.82625,219.16112200487908,0,0,0,0
4782,26,439.3665384615385,292.92997801971904,0,0,0,0
4783,17,375.94117647058823,258.2194733368895,0,0,0,0
4784,18,828.6605555555556,1838.7964954419754,1,0,0,1
4785,21,410.70904761904757,256.64024243518054,0,0,0,0
4786,16,373.463125,224.79476716882084,0,0,0,0
4787,15,306.01599999999996,226.67954219705558,0,0,0,0
4788,17,309.17411764705884,212.84174192712857,0,0,0,0
4789,22,384.6972727272727,226.10881011305997,0,0,0,0
4790,17,291.16411764705884,183.62479548889652,0,0,0,0
4791,23,511.3195652173913,351.9167397142616,0,0,0,0
4792,14,327.2157142857142,176.1143976719308,0,0,0,0
4793,16,443.213125,295.268964287621,0,0,0,0
4794,21,455.74333333333334,255.71246753100178,0,0,0,0
4795,21,337.5757142857143,173.30862494876774,0,0,0,0
4796,23,298.59434782608696,184.7485458159181,0,0,0,0
4797,17,405.21117647058827,289.61409526313895,0,0,0,0
4798,17,380.46176470588233,278.48939638141667,0,0,0,0
4799,19,475.8,249.60633725929304,0,0,0,0
4800,20,396.62649999999996,179.03985889390674,0,0,0,0
4801,14,412.19,303.34457799670656,0,0,0,0
4802,17,372.9935294117647,345.61893175510977,0,0,0,0
4803,23,282.3386956521739,238.39291675544445,0,0,0,0
4804,17,313.7164705882353,188.11285226571633,0,0,0,0
4805,12,380.8966666666667,254.48383086597505,0,0,0,0
4806,18,392.1872222222222,252.46042884217096,0,0,0,0
4807,25,348.87199999999996,190.08763679945108,0,0,0,0
4808,14,325.81928571428574,159.8112064935321,0,0,0,0
4809,25,403.20599999999996,326.0356185081624,0,0,0,0
4810,22,387.6986363636364,255.7000783463358,0,0,0,0
4811,20,359.9045,261.93373842395715,0,0,0,0
4812,18,438.9477777777778,352.4047856837922,0,0,0,0
4813,17,473.3658823529412,386.0894963005769,0,0,0,0
4814,17,343.9305882352941,238.81420322995834,0,0,0,0
4815,13,404.7246153846154,274.6176400187494,0,0,0,0
4816,14,427.9657142857142,241.52788646194782,0,0,0,0
4817,19,484.3094736842105,291.1409992728914,0,0,0,0
4818,21,359.13952380952384,192.02422950977007,0,0,0,0
4819,14,285.7214285714286,174.81597589045055,0,0,0,0
4820,23,372.16782608695655,216.7500835154851,0,0,0,0
4821,17,244.3929411764706,196.20522889130822,0,0,0,0
4822,19,462.9421052631579,291.27861902451934,0,0,0,0
4823,12,353.47749999999996,169.6764506899824,0,0,0,0
4824,20,398.6465,185.49111817752888,0,0,0,0
4825,14,317.4707142857143,225.6841891880993,0,0,0,0
4826,28,375.62142857142857,259.8106040356855,0,0,0,0
4827,18,511.49611111111113,384.22024112536303,0,0,0,0
4828,18,396.1011111111111,259.39488399582956,0,0,0,0
4829,21,432.4819047619048,249.23976617705077,0,0,0,0
4830,19,450.98368421052635,257.55631535872584,0,0,0,0
4831,13,477.07384615384615,281.33005722921206,0,0,0,0
4832,22,412.5627272727272,234.86619312787482,0,0,0,0
4833,17,373.3741176470588,227.19910586658207,0,0,0,0
4834,20,439.3855,338.80951629898175,0,0,0,0
4835,22,428.10727272727274,178.15229968617035,0,0,0,0
4836,11,190.3381818181818,102.18340754991684,0,0,0,0
4837,16,380.805625,219.13246747027094,0,0,0,0
4838,19,379.5457894736842,337.10055584453215,0,0,0,0
4839,16,387.23375,236.35428666186175,0,0,0,0
4840,19,380.64526315789476,227.00515712594026,0,0,0,0
4841,23,380.43347826086955,228.49803617477295,0,0,0,0
4842,32,365.3390625,177.9917269910208,0,1,0,1
4843,15,343.5793333333333,226.03584646294982,0,0,0,0
4844,17,329.16705882352943,134.45901583162168,0,0,0,0
4845,16,414.34749999999997,288.1687954025383,0,0,0,0
4846,26,352.12115384615385,230.5237816252858,0,0,0,0
4847,17,397.01882352941175,292.1844724883953,0,0,0,0
4848,16,388.775625,287.74422011937855,0,0,0,0
4849,24,346.1379166666666,221.69041736129782,0,0,0,0
4850,11,345.0790909090909,195.85167307079126,0,0,0,0
4851,23,453.58782608695657,329.87392686556603,0,0,0,0
4852,16,351.920625,244.58629084304658,0,0,0,0
4853,23,370.7378260869565,238.08205463401137,0,0,0,0
4854,16,368.015625,260.9853745655288,0,0,0,0
4855,24,454.17,392.1523881307707,0,0,0,0
4856,13,517.4307692307692,200.74257765612083,0,0,0,0
4857,21,439.1690476190476,284.05571009431975,0,0,0,0
4858,23,409.0343478260869,260.17831829637765,0,0,0,0
4859,24,298.4266666666667,159.51622918130377,0,0,0,0
4860,15,453.03266666666667,180.43620292563847,0,0,0,0
4861,15,472.482,260.6313625589471,0,0,0,0
4862,21,343.15142857142854,225.88985190396957,0,0,0,0
4863,16,346.865625,197.59581770525753,0,0,0,0
4864,11,341.46636363636367,240.1690841610902,0,0,0,0
4865,15,389.678,292.6000170243786,0,0,0,0
4866,25,360.9224,263.99212564438363,0,0,0,0
4867,11,394.92,120.47749446567717,0,0,0,0
4868,23,303.58782608695657,163.05806914306748,0,0,0,0
4869,20,256.5315,191.76363691469246,0,0,0,0
4870,18,394.5677777777778,237.9508007167204,0,0,0,0
4871,22,440.89772727272725,208.80397766874384,0,0,0,0
4872,20,489.6925,346.79930941215844,0,0,0,0
4873,10,542.085,308.6627140180686,0,0,0,0
4874,16,324.698125,153.72495000075415,0,0,0,0
4875,19,409.5036842105263,325.7989184695067,0,0,0,0
4876,20,338.277,269.667075819426,0,0,0,0
4877,16,483.706875,376.002413667764,0,0,0,0
4878,15,456.934,276.0488085296994,0,0,0,0
4879,14,553.7192857142857,306.51181777413444,0,0,0,0
4880,22,425.1318181818182,300.558407704973,0,0,0,0
4881,19,498.9226315789474,331.50226211567787,0,0,0,0
4882,14,316.6771428571429,194.62614045646484,0,0,0,0
4883,14,383.03428571428566,185.37735651962487,0,0,0,0
4884,12,402.9491666666667,196.92587329831886,0,0,0,0
4885,21,355.7247619047619,223.8338154507246,0,0,0,0
4886,24,340.485,204.8674672806788,0,0,0,0
4887,19,319.31157894736845,201.74756515228464,0,0,0,0
4888,15,342.1013333333333,262.5413419601229,0,0,0,0
4889,15,357.57533333333333,239.90139285038669,0,0,0,0
4890,19,507.8752631578947,257.6274708580593,0,0,0,0
4891,20,331.0355,210.17171066713516,0,0,0,0
4892,19,363.358947368421,197.29781194653924,0,0,0,0
4893,15,360.4713333333333,244.41257015864716,0,0,0,0
4894,12,336.31916666666666,265.67215882418986,0,0,0,0
4895,20,272.16999999999996,168.7364504782533,0,0,0,0
4896,14,470.0135714285714,293.59964267706795,0,0,0,0
4897,15,383.21733333333333,340.02038075124585,0,0,0,0
4898,19,410.6642105263158,262.07035472249953,0,0,0,0
4899,18,364.395,184.60290933815514,0,0,0,0
4900,15,594.516,256.52190203567426,0,0,0,0
4901,21,386.2795238095238,287.1592106841179,0,0,0,0
4902,19,424.23526315789474,219.91363887165542,0,0,0,0
4903,31,353.65032258064514,241.75849126741335,0,1,0,1
4904,16,378.8225,308.001162934087,0,0,0,0
4905,16,513.35375,233.23911673095816,0,0,0,0
4906,11,518.7190909090909,295.1000545101623,0,0,0,0
4907,16,389.760625,377.8678041899831,0,0,0,0
4908,22,354.56863636363636,213.99323127136213,0,0,0,0
4909,17,432.1976470588235,247.0570870093034,0,0,0,0
4910,20,337.36199999999997,183.94351183447606,0,0,0,0
4911,11,317.8627272727272,172.87973234650258,0,0,0,0
4912,17,339.33647058823533,213.55981264221631,0,0,0,0
4913,19,361.7821052631579,189.58769751278552,0,0,0,0
4914,20,440.56949999999995,218.24130613783916,0,0,0,0
4915,14,434.0457142857143,254.4571912835602,0,0,0,0
4916,16,534.736875,334.4304700292488,0,0,0,0
4917,8,512.70875,343.6458871221035,0,0,0,0
4918,21,427.1738095238095,299.2472765436988,0,0,0,0
4919,21,312.2909523809524,203.73884838672794,0,0,0,0
4920,24,441.79791666666665,333.22255558384154,0,0,0,0
4921,24,339.6745833333333,213.42463131003979,0,0,0,0
4922,23,350.9430434782609,289.372781139917,0,0,0,0
4923,16,474.3275,348.3237443546592,0,0,0,0
4924,18,381.7277777777778,285.25395968730027,0,0,0,0
4925,13,305.06384615384616,193.33541955481894,0,0,0,0
4926,20,396.72999999999996,268.3118947791916,0,0,0,0
4927,12,332.8325,188.72044563873666,0,0,0,0
4928,19,460.93894736842105,302.506665901235,0,0,0,0
4929,17,447.0976470588235,296.5742849812012,0,0,0,0
4930,27,393.2151851851852,304.45091776618017,0,0,0,0
4931,18,315.42277777777775,167.13144939124203,0,0,0,0
4932,18,316.25166666666667,179.83266960798122,0,0,0,0
4933,22,408.83,284.86037429845277,0,0,0,0
4934,18,326.5872222222222,94.68492762875071,0,0,0,0
4935,20,336.952,195.23128715961494,0,0,0,0
4936,15,335.188,221.37521177704912,0,0,0,0
4937,20,405.7045,351.6235669501548,0,0,0,0
4938,24,259.51666666666665,129.34328808338776,0,1,0,1
4939,10,335.712,153.4405805385264,0,0,0,0
4940,17,324.07,171.08359095517503,0,0,0,0
4941,14,429.2757142857143,230.0913381282152,0,0,0,0
4942,19,376.13894736842104,256.25729245376425,0,0,0,0
4943,21,362.3442857142857,306.00614605672513,0,0,0,0
4944,13,442.7153846153846,294.9932695350962,0,0,0,0
4945,21,347.08666666666664,211.0613280842761,0,0,0,0
4946,13,310.5246153846154,233.89056575229577,0,0,0,0
4947,26,368.99923076923073,223.71607796014538,0,0,0,0
4948,19,370.05842105263156,250.1060631067749,0,0,0,0
4949,23,323.06,144.85183194351154,0,0,0,0
4950,18,367.9711111111111,249.80389503877475,0,0,0,0
4951,21,413.26238095238097,224.4052418729236,0,0,0,0
4952,11,429.7018181818182,297.75529317692406,0,0,0,0
4953,22,508.5981818181818,411.5745547134848,0,0,0,0
4954,20,503.128,317.1520183382096,0,0,0,0
4955,11,533.9681818181817,317.22707091918727,0,0,0,0
4956,20,398.92150000000004,256.58390207249937,0,0,0,0
4957,20,268.3075,158.81804154046856,0,0,0,0
4958,17,330.2658823529412,207.03294404113336,0,0,0,0
4959,23,380.9030434782609,218.81583394807015,0,0,0,0
4960,24,441.2829166666666,238.24579294080533,0,0,0,0
4961,18,462.2483333333333,269.7335191804024,0,0,0,0
4962,18,541.7361111111111,272.930812012839,0,0,0,0
4963,13,488.88692307692304,318.9640898616987,0,0,0,0
4964,22,385.89,214.21885646141513,0,0,0,0
4965,21,429.58952380952377,250.7712529373598,0,0,0,0
4966,15,344.67,164.08723106933093,0,0,0,0
4967,27,330.264074074074,206.7787849147232,0,0,0,0
4968,21,295.21238095238095,220.7944351633278,0,0,0,0
4969,20,368.034,275.96693795453103,0,0,0,0
4970,19,453.52736842105264,432.1803370651034,0,0,0,0
4971,19,406.0415789473684,271.45251276600965,0,0,0,0
4972,19,482.23368421052635,223.55919452093138,0,0,0,0
4973,16,337.121875,165.74962779817744,0,0,0,0
4974,19,448.05,312.95710111266385,0,0,0,0
4975,26,322.3903846153846,254.85287029187236,0,0,0,0
4976,16,390.678125,194.61100881690726,0,0,0,0
4977,11,363.80545454545455,209.6264350246815,0,0,0,0
4978,28,408.03785714285715,282.5059840245758,0,0,0,0
4979,16,261.735,155.94881724463318,0,0,0,0
4980,18,311.38388888888886,219.4525517468637,0,0,0,0
4981,15,379.21066666666667,268.1084338463741,0,0,0,0
4982,17,338.8635294117647,219.5152467421093,0,0,0,0
4983,16,348.349375,178.41957944928402,0,0,0,0
4984,11,545.4009090909091,277.0892654478811,0,0,0,0
4985,14,390.265,210.31487814193542,0,0,0,0
4986,17,390.03705882352943,267.0418658466849,0,0,0,0
4987,21,494.15761904761905,301.5718494962963,0,0,0,0
4988,23,435.874347826087,267.95578848216053,0,0,0,0
4989,27,748.4270370370369,2072.5224845973544,0,0,1,1
4990,10,457.588,333.8594660572019,0,0,0,0
4991,25,283.3348,184.3845445175924,0,0,0,0
4992,17,335.51235294117646,208.7583810654123,0,0,0,0
4993,16,361.210625,265.2084281623783,0,0,0,0
4994,17,500.30411764705883,337.72656029708975,0,0,0,0
4995,15,241.494,126.56370900591261,0,0,0,0
4996,24,348.1541666666667,323.60654713603293,0,0,0,0
4997,18,332.85,193.10202317830735,0,0,0,0
4998,16,406.15250000000003,270.9528021515001,0,0,0,0
4999,20,987.3195,2403.9209911652147,0,0,0,0
5000,12,371.65916666666664,211.12947526175878,0,0,0,0
