user_id,signup_date,home_city,age_bracket,home_country
1,2024-10-10,Manila,25-34,TH
2,2024-06-10,Jakarta,35-44,PH
3,2024-11-10,Ho Chi Minh City,18-24,SG
4,2024-09-12,Singapore,25-34,MY
5,2024-02-05,Jakarta,25-34,PH
6,2024-12-23,Kuala Lumpur,35-44,MM
7,2024-10-05,Singapore,55+,MY
8,2024-10-14,Mumbai,45-54,ID
9,2024-02-17,Yangon,35-44,ID
10,2024-06-14,Bengaluru,25-34,IN
11,2024-05-16,Singapore,35-44,MY
12,2024-12-05,Bangkok,25-34,VN
13,2024-08-24,Singapore,18-24,MY
14,2024-10-28,Kuala Lumpur,35-44,MM
15,2024-06-11,Singapore,35-44,MY
16,2024-03-24,Singapore,25-34,MY
17,2024-07-22,Hanoi,45-54,IN
18,2024-01-25,Kuala Lumpur,35-44,MM
19,2024-10-30,Hanoi,25-34,IN
20,2024-08-19,Bangkok,18-24,VN
21,2024-10-04,Jakarta,18-24,PH
22,2024-05-10,Jakarta,25-34,PH
23,2024-12-21,Singapore,25-34,MY
24,2024-11-22,Ho Chi Minh City,18-24,SG
25,2024-10-12,Bengaluru,18-24,IN
26,2024-03-13,Jakarta,25-34,PH
27,2024-06-20,Yangon,35-44,ID
28,2024-01-17,Kuala Lumpur,35-44,MM
29,2024-02-27,Kuala Lumpur,25-34,MM
30,2024-09-07,Mumbai,18-24,ID
31,2024-09-29,Bengaluru,18-24,IN
32,2024-12-20,Jakarta,18-24,PH
33,2024-04-29,Hanoi,25-34,IN
34,2024-05-16,Ho Chi Minh City,18-24,SG
35,2024-06-21,Kuala Lumpur,25-34,MM
36,2024-03-11,Bangkok,55+,VN
37,2024-02-18,Bangkok,25-34,VN
38,2024-06-23,Singapore,35-44,MY
39,2024-03-24,Yangon,18-24,ID
40,2024-09-02,Bangkok,25-34,VN
41,2024-06-09,Ho Chi Minh City,45-54,SG
42,2024-10-31,Yangon,25-34,ID
43,2024-09-13,Manila,35-44,TH
44,2024-04-25,Hanoi,55+,IN
45,2024-10-31,Ho Chi Minh City,25-34,SG
46,2024-10-21,Hanoi,25-34,IN
47,2024-05-22,Bangkok,25-34,VN
48,2024-04-16,Singapore,18-24,MY
49,2024-09-07,Manila,18-24,TH
50,2024-02-22,Singapore,18-24,MY
51,2024-03-14,Manila,45-54,TH
52,2024-01-04,Singapore,35-44,MY
53,2024-10-15,Kuala Lumpur,25-34,MM
54,2024-08-31,Bangkok,25-34,VN
55,2024-09-15,Bangkok,35-44,VN
56,2024-10-12,Manila,45-54,TH
57,2024-06-17,Kuala Lumpur,25-34,MM
58,2024-07-27,Ho Chi Minh City,25-34,SG
59,2024-02-22,Ho Chi Minh City,45-54,SG
60,2024-02-12,Bengaluru,45-54,IN
61,2024-09-01,Mumbai,45-54,ID
62,2024-06-21,Bengaluru,25-34,IN
63,2024-07-26,Hanoi,18-24,IN
64,2024-10-07,Hanoi,25-34,IN
65,2024-08-20,Bengaluru,25-34,IN
66,2024-07-22,Bengaluru,45-54,IN
67,2024-07-24,Kuala Lumpur,18-24,MM
68,2024-04-21,Ho Chi Minh City,35-44,SG
69,2024-01-13,Manila,45-54,TH
70,2024-06-09,Singapore,55+,MY
71,2024-03-20,Jakarta,35-44,PH
72,2024-05-30,Mumbai,45-54,ID
73,2024-11-08,Manila,18-24,TH
74,2024-03-27,Hanoi,25-34,IN
75,2024-01-23,Kuala Lumpur,18-24,MM
76,2024-04-13,Mumbai,55+,ID
77,2024-04-18,Ho Chi Minh City,45-54,SG
78,2024-08-30,Hanoi,18-24,IN
79,2024-07-23,Yangon,18-24,ID
80,2024-10-14,Kuala Lumpur,25-34,MM
81,2024-08-31,Mumbai,25-34,ID
82,2024-05-29,Jakarta,45-54,PH
83,2024-10-25,Jakarta,18-24,PH
84,2024-03-02,Mumbai,35-44,ID
85,2024-01-10,Mumbai,25-34,ID
86,2024-02-03,Manila,25-34,TH
87,2024-09-21,Ho Chi Minh City,18-24,SG
88,2024-06-18,Manila,55+,TH
89,2024-02-29,Bangkok,35-44,VN
90,2024-07-02,Jakarta,25-34,PH
91,2024-02-26,Mumbai,25-34,ID
92,2024-09-12,Yangon,45-54,ID
93,2024-06-12,Ho Chi Minh City,35-44,SG
94,2024-05-20,Jakarta,35-44,PH
95,2024-04-21,Hanoi,35-44,IN
96,2024-08-19,Hanoi,45-54,IN
97,2024-05-13,Yangon,25-34,ID
98,2024-02-02,Mumbai,35-44,ID
99,2024-02-14,Singapore,25-34,MY
100,2024-12-18,Yangon,25-34,ID
101,2024-11-28,Hanoi,55+,IN
102,2024-09-13,Jakarta,55+,PH
103,2024-04-08,Hanoi,25-34,IN
104,2024-12-20,Bangkok,25-34,VN
105,2024-10-12,Bangkok,45-54,VN
106,2024-09-19,Ho Chi Minh City,55+,SG
107,2024-06-14,Kuala Lumpur,35-44,MM
108,2024-04-10,Mumbai,18-24,ID
109,2024-02-06,Ho Chi Minh City,25-34,SG
110,2024-11-26,Hanoi,45-54,IN
111,2024-06-16,Ho Chi Minh City,35-44,SG
112,2024-03-15,Jakarta,35-44,PH
113,2024-04-22,Bengaluru,35-44,IN
114,2024-07-31,Ho Chi Minh City,25-34,SG
115,2024-03-06,Kuala Lumpur,25-34,MM
116,2024-11-09,Ho Chi Minh City,35-44,SG
117,2024-10-04,Yangon,25-34,ID
118,2024-09-20,Singapore,35-44,MY
119,2024-06-07,Ho Chi Minh City,35-44,SG
120,2024-08-17,Bengaluru,45-54,IN
121,2024-08-02,Ho Chi Minh City,25-34,SG
122,2024-08-26,Mumbai,35-44,ID
123,2024-02-01,Kuala Lumpur,18-24,MM
124,2024-06-01,Mumbai,18-24,ID
125,2024-01-17,Yangon,25-34,ID
126,2024-06-30,Manila,18-24,TH
127,2024-05-01,Bangkok,45-54,VN
128,2024-02-23,Mumbai,45-54,ID
129,2024-02-08,Jakarta,18-24,PH
130,2024-08-03,Yangon,35-44,ID
131,2024-03-04,Jakarta,25-34,PH
132,2024-12-04,Ho Chi Minh City,35-44,SG
133,2024-08-01,Yangon,45-54,ID
134,2024-05-07,Singapore,25-34,MY
135,2024-08-04,Bengaluru,18-24,IN
136,2024-01-10,Manila,18-24,TH
137,2024-12-16,Manila,25-34,TH
138,2024-06-26,Jakarta,45-54,PH
139,2024-10-13,Jakarta,25-34,PH
140,2024-02-01,Ho Chi Minh City,25-34,SG
141,2024-06-27,Manila,18-24,TH
142,2024-06-29,Jakarta,45-54,PH
143,2024-12-09,Bangkok,25-34,VN
144,2024-07-28,Manila,35-44,TH
145,2024-06-22,Jakarta,35-44,PH
146,2024-04-08,Bangkok,25-34,VN
147,2024-05-02,Yangon,18-24,ID
148,2024-07-10,Ho Chi Minh City,25-34,SG
149,2024-06-10,Ho Chi Minh City,25-34,SG
150,2024-01-09,Yangon,35-44,ID
151,2024-10-29,Singapore,35-44,MY
152,2024-11-24,Jakarta,25-34,PH
153,2024-02-22,Manila,25-34,TH
154,2024-07-22,Bangkok,18-24,VN
155,2024-02-10,Bangkok,18-24,VN
156,2024-09-03,Mumbai,35-44,ID
157,2024-04-13,Mumbai,35-44,ID
158,2024-08-29,Manila,35-44,TH
159,2024-09-23,Yangon,18-24,ID
160,2024-10-08,Kuala Lumpur,25-34,MM
161,2024-02-10,Hanoi,25-34,IN
162,2024-12-01,Mumbai,55+,ID
163,2024-03-26,Bangkok,35-44,VN
164,2024-01-15,Ho Chi Minh City,45-54,SG
165,2024-07-22,Bangkok,18-24,VN
166,2024-05-16,Bangkok,25-34,VN
167,2024-10-30,Manila,35-44,TH
168,2024-10-23,Bengaluru,25-34,IN
169,2024-04-26,Hanoi,35-44,IN
170,2024-12-14,Yangon,25-34,ID
171,2024-04-17,Bengaluru,55+,IN
172,2024-07-07,Bangkok,18-24,VN
173,2024-04-04,Ho Chi Minh City,45-54,SG
174,2024-12-08,Kuala Lumpur,25-34,MM
175,2024-03-02,Yangon,25-34,ID
176,2024-01-18,Bangkok,25-34,VN
177,2024-06-08,Kuala Lumpur,25-34,MM
178,2024-12-29,Yangon,55+,ID
179,2024-11-22,Hanoi,45-54,IN
180,2024-10-01,Jakarta,55+,PH
181,2024-11-22,Hanoi,55+,IN
182,2024-11-23,Bangkok,35-44,VN
183,2024-07-09,Bengaluru,25-34,IN
184,2024-04-26,Kuala Lumpur,45-54,MM
185,2024-10-09,Hanoi,18-24,IN
186,2024-08-30,Manila,35-44,TH
187,2024-05-17,Bangkok,25-34,VN
188,2024-02-05,Manila,35-44,TH
189,2024-09-30,Mumbai,25-34,ID
190,2024-04-06,Yangon,25-34,ID
191,2024-12-08,Bengaluru,18-24,IN
192,2024-03-29,Ho Chi Minh City,25-34,SG
193,2024-02-15,Bengaluru,25-34,IN
194,2024-10-31,Singapore,25-34,MY
195,2024-02-26,Yangon,25-34,ID
196,2024-03-07,Singapore,25-34,MY
197,2024-08-07,Singapore,25-34,MY
198,2024-11-16,Hanoi,35-44,IN
199,2024-03-13,Yangon,18-24,ID
200,2024-04-24,Hanoi,25-34,IN
201,2024-10-11,Jakarta,18-24,PH
202,2024-12-21,Ho Chi Minh City,25-34,SG
203,2024-07-02,Hanoi,25-34,IN
204,2024-02-23,Jakarta,35-44,PH
205,2024-01-07,Singapore,25-34,MY
206,2024-03-25,Bengaluru,25-34,IN
207,2024-02-19,Hanoi,18-24,IN
208,2024-09-05,Singapore,25-34,MY
209,2024-02-15,Kuala Lumpur,25-34,MM
210,2024-07-04,Hanoi,35-44,IN
211,2024-09-11,Jakarta,25-34,PH
212,2024-08-01,Bangkok,35-44,VN
213,2024-03-14,Hanoi,25-34,IN
214,2024-10-21,Mumbai,25-34,ID
215,2024-09-19,Hanoi,25-34,IN
216,2024-09-27,Jakarta,18-24,PH
217,2024-02-18,Ho Chi Minh City,25-34,SG
218,2024-02-16,Ho Chi Minh City,35-44,SG
219,2024-12-05,Singapore,35-44,MY
220,2024-05-26,Hanoi,25-34,IN
221,2024-04-20,Manila,18-24,TH
222,2024-06-28,Mumbai,45-54,ID
223,2024-08-30,Bangkok,18-24,VN
224,2024-12-15,Singapore,25-34,MY
225,2024-04-15,Kuala Lumpur,45-54,MM
226,2024-12-04,Kuala Lumpur,25-34,MM
227,2024-01-11,Manila,18-24,TH
228,2024-07-22,Yangon,25-34,ID
229,2024-08-20,Bengaluru,35-44,IN
230,2024-02-09,Mumbai,18-24,ID
231,2024-02-22,Bengaluru,35-44,IN
232,2024-06-02,Yangon,25-34,ID
233,2024-12-19,Mumbai,25-34,ID
234,2024-08-06,Singapore,25-34,MY
235,2024-12-07,Hanoi,35-44,IN
236,2024-10-21,Kuala Lumpur,25-34,MM
237,2024-06-20,Yangon,35-44,ID
238,2024-10-14,Bengaluru,25-34,IN
239,2024-01-08,Bangkok,18-24,VN
240,2024-02-10,Ho Chi Minh City,25-34,SG
241,2024-10-30,Singapore,25-34,MY
242,2024-10-18,Singapore,25-34,MY
243,2024-03-26,Ho Chi Minh City,35-44,SG
244,2024-07-13,Manila,45-54,TH
245,2024-08-10,Mumbai,35-44,ID
246,2024-11-13,Bangkok,25-34,VN
247,2024-08-09,Jakarta,25-34,PH
248,2024-05-31,Ho Chi Minh City,35-44,SG
249,2024-05-17,Kuala Lumpur,25-34,MM
250,2024-06-05,Ho Chi Minh City,35-44,SG
251,2024-08-26,Ho Chi Minh City,45-54,SG
252,2024-11-13,Bengaluru,25-34,IN
253,2024-06-15,Singapore,45-54,MY
254,2024-04-01,Bangkok,45-54,VN
255,2024-03-28,Mumbai,25-34,ID
256,2024-09-30,Jakarta,45-54,PH
257,2024-10-26,Kuala Lumpur,18-24,MM
258,2024-02-09,Yangon,18-24,ID
259,2024-01-26,Ho Chi Minh City,25-34,SG
260,2024-08-05,Yangon,25-34,ID
261,2024-02-24,Mumbai,25-34,ID
262,2024-10-29,Jakarta,45-54,PH
263,2024-04-24,Yangon,25-34,ID
264,2024-02-23,Mumbai,25-34,ID
265,2024-12-03,Singapore,35-44,MY
266,2024-03-02,Jakarta,18-24,PH
267,2024-04-14,Manila,35-44,TH
268,2024-02-27,Bangkok,25-34,VN
269,2024-02-13,Manila,55+,TH
270,2024-01-09,Hanoi,35-44,IN
271,2024-01-22,Yangon,18-24,ID
272,2024-03-05,Ho Chi Minh City,18-24,SG
273,2024-01-21,Ho Chi Minh City,18-24,SG
274,2024-08-04,Bengaluru,55+,IN
275,2024-09-06,Jakarta,35-44,PH
276,2024-05-24,Bengaluru,25-34,IN
277,2024-04-27,Hanoi,18-24,IN
278,2024-07-04,Jakarta,45-54,PH
279,2024-11-16,Manila,18-24,TH
280,2024-11-07,Hanoi,35-44,IN
281,2024-01-17,Kuala Lumpur,35-44,MM
282,2024-03-08,Singapore,25-34,MY
283,2024-03-28,Bengaluru,25-34,IN
284,2024-04-02,Ho Chi Minh City,25-34,SG
285,2024-07-28,Ho Chi Minh City,25-34,SG
286,2024-06-01,Manila,55+,TH
287,2024-01-19,Kuala Lumpur,35-44,MM
288,2024-05-17,Yangon,45-54,ID
289,2024-07-11,Jakarta,25-34,PH
290,2024-02-08,Manila,25-34,TH
291,2024-11-01,Manila,35-44,TH
292,2024-01-20,Hanoi,25-34,IN
293,2024-12-04,Bengaluru,18-24,IN
294,2024-02-07,Hanoi,25-34,IN
295,2024-11-04,Kuala Lumpur,35-44,MM
296,2024-11-26,Bangkok,35-44,VN
297,2024-12-24,Ho Chi Minh City,25-34,SG
298,2024-10-20,Hanoi,45-54,IN
299,2024-10-12,Kuala Lumpur,25-34,MM
300,2024-08-23,Jakarta,25-34,PH
301,2024-10-12,Bengaluru,18-24,IN
302,2024-02-20,Singapore,35-44,MY
303,2024-07-15,Mumbai,25-34,ID
304,2024-07-07,Bengaluru,25-34,IN
305,2024-11-10,Yangon,25-34,ID
306,2024-06-18,Bangkok,35-44,VN
307,2024-05-21,Singapore,35-44,MY
308,2024-08-22,Jakarta,25-34,PH
309,2024-04-08,Mumbai,45-54,ID
310,2024-02-22,Bengaluru,18-24,IN
311,2024-06-24,Manila,18-24,TH
312,2024-06-02,Bengaluru,25-34,IN
313,2024-03-26,Bangkok,35-44,VN
314,2024-05-15,Manila,25-34,TH
315,2024-05-14,Ho Chi Minh City,25-34,SG
316,2024-04-30,Ho Chi Minh City,25-34,SG
317,2024-05-19,Manila,25-34,TH
318,2024-09-08,Bangkok,35-44,VN
319,2024-04-19,Bengaluru,55+,IN
320,2024-12-13,Manila,25-34,TH
321,2024-12-01,Yangon,35-44,ID
322,2024-06-25,Yangon,25-34,ID
323,2024-04-30,Bangkok,25-34,VN
324,2024-07-15,Yangon,25-34,ID
325,2024-11-06,Ho Chi Minh City,55+,SG
326,2024-08-27,Mumbai,18-24,ID
327,2024-10-21,Hanoi,35-44,IN
328,2024-07-14,Bangkok,18-24,VN
329,2024-08-20,Singapore,35-44,MY
330,2024-04-16,Singapore,18-24,MY
331,2024-09-26,Manila,55+,TH
332,2024-03-15,Kuala Lumpur,35-44,MM
333,2024-09-11,Ho Chi Minh City,18-24,SG
334,2024-11-11,Manila,35-44,TH
335,2024-02-19,Jakarta,35-44,PH
336,2024-08-13,Kuala Lumpur,25-34,MM
337,2024-02-05,Jakarta,25-34,PH
338,2024-09-22,Mumbai,35-44,ID
339,2024-02-01,Hanoi,35-44,IN
340,2024-12-08,Manila,25-34,TH
341,2024-02-21,Singapore,45-54,MY
342,2024-12-16,Kuala Lumpur,25-34,MM
343,2024-10-20,Hanoi,18-24,IN
344,2024-08-05,Singapore,25-34,MY
345,2024-10-13,Kuala Lumpur,18-24,MM
346,2024-10-18,Hanoi,25-34,IN
347,2024-12-12,Yangon,25-34,ID
348,2024-04-03,Bengaluru,25-34,IN
349,2024-08-04,Kuala Lumpur,18-24,MM
350,2024-02-05,Mumbai,35-44,ID
351,2024-08-13,Hanoi,25-34,IN
352,2024-03-04,Bengaluru,35-44,IN
353,2024-07-26,Jakarta,25-34,PH
354,2024-07-28,Mumbai,25-34,ID
355,2024-06-20,Singapore,25-34,MY
356,2024-07-10,Bengaluru,35-44,IN
357,2024-10-06,Bengaluru,18-24,IN
358,2024-10-19,Ho Chi Minh City,25-34,SG
359,2024-06-29,Yangon,45-54,ID
360,2024-08-07,Ho Chi Minh City,35-44,SG
361,2024-12-06,Bangkok,35-44,VN
362,2024-02-14,Singapore,18-24,MY
363,2024-02-13,Ho Chi Minh City,18-24,SG
364,2024-02-03,Manila,25-34,TH
365,2024-08-29,Ho Chi Minh City,35-44,SG
366,2024-06-02,Bengaluru,25-34,IN
367,2024-10-10,Jakarta,18-24,PH
368,2024-09-02,Singapore,18-24,MY
369,2024-05-02,Manila,25-34,TH
370,2024-11-24,Bengaluru,35-44,IN
371,2024-10-06,Mumbai,18-24,ID
372,2024-04-09,Hanoi,18-24,IN
373,2024-05-13,Manila,25-34,TH
374,2024-04-25,Bengaluru,18-24,IN
375,2024-02-28,Kuala Lumpur,25-34,MM
376,2024-02-24,Ho Chi Minh City,18-24,SG
377,2024-12-08,Bangkok,35-44,VN
378,2024-06-09,Hanoi,35-44,IN
379,2024-05-20,Manila,55+,TH
380,2024-09-24,Ho Chi Minh City,45-54,SG
381,2024-07-21,Kuala Lumpur,25-34,MM
382,2024-12-08,Singapore,18-24,MY
383,2024-10-12,Jakarta,25-34,PH
384,2024-06-24,Singapore,35-44,MY
385,2024-05-18,Kuala Lumpur,18-24,MM
386,2024-12-27,Mumbai,25-34,ID
387,2024-09-19,Mumbai,25-34,ID
388,2024-12-14,Singapore,18-24,MY
389,2024-02-14,Mumbai,35-44,ID
390,2024-11-07,Hanoi,35-44,IN
391,2024-08-21,Mumbai,25-34,ID
392,2024-02-15,Yangon,45-54,ID
393,2024-08-03,Singapore,18-24,MY
394,2024-09-08,Bangkok,18-24,VN
395,2024-01-06,Jakarta,25-34,PH
396,2024-06-15,Manila,35-44,TH
397,2024-10-29,Kuala Lumpur,25-34,MM
398,2024-04-18,Kuala Lumpur,18-24,MM
399,2024-06-17,Jakarta,55+,PH
400,2024-06-11,Ho Chi Minh City,25-34,SG
401,2024-04-21,Yangon,25-34,ID
402,2024-12-02,Jakarta,35-44,PH
403,2024-10-13,Singapore,45-54,MY
404,2024-02-11,Mumbai,35-44,ID
405,2024-12-30,Hanoi,55+,IN
406,2024-11-17,Mumbai,18-24,ID
407,2024-04-14,Jakarta,35-44,PH
408,2024-11-02,Bangkok,35-44,VN
409,2024-02-09,Manila,25-34,TH
410,2024-12-31,Mumbai,25-34,ID
411,2024-08-31,Singapore,55+,MY
412,2024-08-26,Bengaluru,18-24,IN
413,2024-02-04,Yangon,25-34,ID
414,2024-11-24,Bengaluru,45-54,IN
415,2024-01-12,Manila,45-54,TH
416,2024-03-29,Yangon,55+,ID
417,2024-02-23,Mumbai,45-54,ID
418,2024-10-11,Bengaluru,18-24,IN
419,2024-03-14,Kuala Lumpur,45-54,MM
420,2024-11-29,Bengaluru,25-34,IN
421,2024-08-28,Hanoi,35-44,IN
422,2024-01-15,Bangkok,25-34,VN
423,2024-01-03,Hanoi,35-44,IN
424,2024-01-20,Jakarta,25-34,PH
425,2024-08-10,Mumbai,45-54,ID
426,2024-10-20,Yangon,18-24,ID
427,2024-03-29,Kuala Lumpur,18-24,MM
428,2024-11-07,Yangon,25-34,ID
429,2024-01-22,Manila,18-24,TH
430,2024-10-20,Bangkok,35-44,VN
431,2024-12-05,Ho Chi Minh City,25-34,SG
432,2024-10-09,Bangkok,25-34,VN
433,2024-09-12,Jakarta,18-24,PH
434,2024-11-02,Manila,18-24,TH
435,2024-01-16,Singapore,35-44,MY
436,2024-03-15,Bengaluru,25-34,IN
437,2024-02-16,Manila,18-24,TH
438,2024-07-04,Jakarta,25-34,PH
439,2024-09-29,Bengaluru,18-24,IN
440,2024-08-18,Mumbai,35-44,ID
441,2024-11-07,Bangkok,18-24,VN
442,2024-02-27,Mumbai,25-34,ID
443,2024-09-26,Manila,35-44,TH
444,2024-03-12,Ho Chi Minh City,25-34,SG
445,2024-04-09,Hanoi,25-34,IN
446,2024-09-17,Bengaluru,25-34,IN
447,2024-12-24,Bangkok,45-54,VN
448,2024-08-12,Mumbai,25-34,ID
449,2024-01-21,Bangkok,25-34,VN
450,2024-08-13,Bangkok,45-54,VN
451,2024-01-17,Kuala Lumpur,35-44,MM
452,2024-11-19,Bangkok,35-44,VN
453,2024-09-16,Yangon,45-54,ID
454,2024-03-05,Mumbai,18-24,ID
455,2024-02-04,Bengaluru,35-44,IN
456,2024-03-08,Bengaluru,35-44,IN
457,2024-12-24,Manila,25-34,TH
458,2024-06-17,Mumbai,25-34,ID
459,2024-10-14,Bengaluru,18-24,IN
460,2024-08-21,Jakarta,45-54,PH
461,2024-07-28,Yangon,18-24,ID
462,2024-02-23,Hanoi,25-34,IN
463,2024-12-12,Bengaluru,35-44,IN
464,2024-04-20,Yangon,35-44,ID
465,2024-07-30,Jakarta,18-24,PH
466,2024-09-13,Bangkok,35-44,VN
467,2024-08-25,Manila,25-34,TH
468,2024-12-10,Bangkok,45-54,VN
469,2024-02-25,Kuala Lumpur,18-24,MM
470,2024-07-05,Kuala Lumpur,18-24,MM
471,2024-05-28,Ho Chi Minh City,35-44,SG
472,2024-06-23,Singapore,18-24,MY
473,2024-02-14,Kuala Lumpur,25-34,MM
474,2024-02-19,Mumbai,18-24,ID
475,2024-04-12,Manila,35-44,TH
476,2024-04-22,Mumbai,45-54,ID
477,2024-06-06,Kuala Lumpur,35-44,MM
478,2024-08-12,Bangkok,55+,VN
479,2024-08-20,Singapore,45-54,MY
480,2024-05-31,Ho Chi Minh City,25-34,SG
481,2024-05-30,Jakarta,25-34,PH
482,2024-03-21,Mumbai,45-54,ID
483,2024-08-03,Yangon,45-54,ID
484,2024-04-26,Jakarta,55+,PH
485,2024-01-15,Mumbai,35-44,ID
486,2024-06-02,Manila,18-24,TH
487,2024-06-23,Yangon,45-54,ID
488,2024-03-24,Jakarta,45-54,PH
489,2024-07-28,Yangon,35-44,ID
490,2024-07-26,Bangkok,45-54,VN
491,2024-09-14,Hanoi,25-34,IN
492,2024-08-25,Singapore,45-54,MY
493,2024-08-27,Bengaluru,18-24,IN
494,2024-04-26,Ho Chi Minh City,45-54,SG
495,2024-10-15,Bangkok,18-24,VN
496,2024-07-20,Jakarta,25-34,PH
497,2024-06-07,Ho Chi Minh City,18-24,SG
498,2024-08-17,Mumbai,25-34,ID
499,2024-05-12,Singapore,25-34,MY
500,2024-07-07,Hanoi,55+,IN
501,2024-09-26,Bengaluru,25-34,IN
502,2024-11-20,Bangkok,45-54,VN
503,2024-12-03,Singapore,25-34,MY
504,2024-07-03,Bengaluru,18-24,IN
505,2024-07-09,Manila,35-44,TH
506,2024-10-19,Jakarta,35-44,PH
507,2024-04-25,Bengaluru,25-34,IN
508,2024-11-02,Hanoi,35-44,IN
509,2024-06-30,Bangkok,45-54,VN
510,2024-02-13,Kuala Lumpur,25-34,MM
511,2024-01-28,Ho Chi Minh City,55+,SG
512,2024-11-04,Hanoi,35-44,IN
513,2024-01-22,Yangon,35-44,ID
514,2024-04-13,Singapore,25-34,MY
515,2024-05-02,Manila,18-24,TH
516,2024-03-05,Bangkok,25-34,VN
517,2024-04-25,Hanoi,35-44,IN
518,2024-09-29,Bangkok,35-44,VN
519,2024-01-07,Ho Chi Minh City,25-34,SG
520,2024-10-29,Mumbai,35-44,ID
521,2024-11-09,Yangon,18-24,ID
522,2024-05-16,Singapore,25-34,MY
523,2024-02-27,Manila,45-54,TH
524,2024-08-08,Ho Chi Minh City,25-34,SG
525,2024-02-14,Bangkok,25-34,VN
526,2024-05-14,Mumbai,25-34,ID
527,2024-12-16,Hanoi,25-34,IN
528,2024-12-30,Hanoi,35-44,IN
529,2024-10-09,Hanoi,55+,IN
530,2024-04-24,Manila,25-34,TH
531,2024-09-08,Jakarta,25-34,PH
532,2024-09-15,Bengaluru,25-34,IN
533,2024-05-22,Kuala Lumpur,25-34,MM
534,2024-08-22,Manila,25-34,TH
535,2024-01-05,Hanoi,18-24,IN
536,2024-03-18,Hanoi,45-54,IN
537,2024-07-11,Mumbai,25-34,ID
538,2024-03-01,Yangon,25-34,ID
539,2024-03-02,Mumbai,18-24,ID
540,2024-11-02,Bangkok,35-44,VN
541,2024-12-28,Bangkok,18-24,VN
542,2024-07-22,Yangon,25-34,ID
543,2024-11-03,Singapore,45-54,MY
544,2024-12-28,Hanoi,25-34,IN
545,2024-02-22,Ho Chi Minh City,45-54,SG
546,2024-06-13,Hanoi,18-24,IN
547,2024-05-24,Hanoi,35-44,IN
548,2024-01-31,Hanoi,55+,IN
549,2024-10-03,Bangkok,25-34,VN
550,2024-06-08,Manila,35-44,TH
551,2024-06-21,Yangon,25-34,ID
552,2024-02-25,Kuala Lumpur,35-44,MM
553,2024-03-08,Yangon,45-54,ID
554,2024-11-28,Ho Chi Minh City,35-44,SG
555,2024-01-18,Yangon,45-54,ID
556,2024-03-26,Kuala Lumpur,25-34,MM
557,2024-04-17,Kuala Lumpur,25-34,MM
558,2024-06-28,Mumbai,25-34,ID
559,2024-08-03,Ho Chi Minh City,35-44,SG
560,2024-06-30,Kuala Lumpur,45-54,MM
561,2024-02-01,Kuala Lumpur,35-44,MM
562,2024-03-30,Yangon,25-34,ID
563,2024-11-04,Manila,25-34,TH
564,2024-08-21,Manila,35-44,TH
565,2024-08-25,Yangon,45-54,ID
566,2024-09-02,Yangon,18-24,ID
567,2024-10-06,Mumbai,18-24,ID
568,2024-01-23,Manila,25-34,TH
569,2024-05-14,Yangon,18-24,ID
570,2024-07-16,Mumbai,55+,ID
571,2024-05-04,Kuala Lumpur,25-34,MM
572,2024-11-05,Mumbai,25-34,ID
573,2024-06-26,Mumbai,25-34,ID
574,2024-10-08,Kuala Lumpur,25-34,MM
575,2024-11-07,Singapore,55+,MY
576,2024-07-04,Ho Chi Minh City,25-34,SG
577,2024-11-28,Hanoi,18-24,IN
578,2024-08-03,Manila,25-34,TH
579,2024-11-07,Ho Chi Minh City,55+,SG
580,2024-05-05,Singapore,55+,MY
581,2024-07-02,Kuala Lumpur,18-24,MM
582,2024-07-13,Manila,35-44,TH
583,2024-02-09,Singapore,18-24,MY
584,2024-05-26,Bangkok,25-34,VN
585,2024-12-01,Ho Chi Minh City,18-24,SG
586,2024-08-19,Hanoi,35-44,IN
587,2024-03-06,Manila,45-54,TH
588,2024-05-04,Singapore,18-24,MY
589,2024-03-11,Yangon,25-34,ID
590,2024-01-11,Kuala Lumpur,18-24,MM
591,2024-12-05,Yangon,25-34,ID
592,2024-06-13,Ho Chi Minh City,18-24,SG
593,2024-04-23,Jakarta,25-34,PH
594,2024-08-07,Yangon,55+,ID
595,2024-01-04,Singapore,18-24,MY
596,2024-04-12,Jakarta,45-54,PH
597,2024-09-14,Manila,18-24,TH
598,2024-08-20,Jakarta,25-34,PH
599,2024-12-25,Hanoi,25-34,IN
600,2024-08-15,Bengaluru,45-54,IN
601,2024-06-24,Kuala Lumpur,18-24,MM
602,2024-10-05,Ho Chi Minh City,18-24,SG
603,2024-11-26,Bengaluru,35-44,IN
604,2024-09-21,Singapore,35-44,MY
605,2024-12-18,Kuala Lumpur,35-44,MM
606,2024-10-13,Kuala Lumpur,18-24,MM
607,2024-11-13,Ho Chi Minh City,25-34,SG
608,2024-02-12,Manila,35-44,TH
609,2024-09-25,Mumbai,35-44,ID
610,2024-06-10,Bengaluru,35-44,IN
611,2024-07-21,Manila,25-34,TH
612,2024-08-27,Singapore,25-34,MY
613,2024-12-20,Bengaluru,45-54,IN
614,2024-12-26,Yangon,35-44,ID
615,2024-04-16,Ho Chi Minh City,18-24,SG
616,2024-09-25,Jakarta,45-54,PH
617,2024-10-01,Yangon,25-34,ID
618,2024-05-07,Mumbai,25-34,ID
619,2024-02-16,Yangon,25-34,ID
620,2024-01-16,Jakarta,35-44,PH
621,2024-10-11,Manila,25-34,TH
622,2024-06-28,Bangkok,25-34,VN
623,2024-12-26,Yangon,35-44,ID
624,2024-06-19,Jakarta,18-24,PH
625,2024-12-23,Yangon,45-54,ID
626,2024-05-31,Manila,25-34,TH
627,2024-10-17,Jakarta,25-34,PH
628,2024-02-01,Singapore,35-44,MY
629,2024-07-22,Singapore,35-44,MY
630,2024-10-20,Manila,25-34,TH
631,2024-12-04,Mumbai,35-44,ID
632,2024-10-28,Manila,45-54,TH
633,2024-01-15,Ho Chi Minh City,35-44,SG
634,2024-05-17,Bengaluru,35-44,IN
635,2024-01-19,Bengaluru,25-34,IN
636,2024-02-10,Yangon,25-34,ID
637,2024-09-04,Bengaluru,25-34,IN
638,2024-09-18,Bangkok,18-24,VN
639,2024-10-10,Kuala Lumpur,35-44,MM
640,2024-11-12,Manila,25-34,TH
641,2024-09-27,Bangkok,25-34,VN
642,2024-10-20,Bengaluru,25-34,IN
643,2024-01-19,Kuala Lumpur,25-34,MM
644,2024-03-27,Singapore,25-34,MY
645,2024-08-15,Hanoi,35-44,IN
646,2024-11-10,Hanoi,25-34,IN
647,2024-01-03,Manila,25-34,TH
648,2024-07-07,Bengaluru,18-24,IN
649,2024-09-05,Manila,35-44,TH
650,2024-01-12,Mumbai,18-24,ID
651,2024-05-27,Ho Chi Minh City,25-34,SG
652,2024-11-23,Mumbai,25-34,ID
653,2024-09-03,Yangon,25-34,ID
654,2024-03-28,Singapore,45-54,MY
655,2024-11-08,Jakarta,35-44,PH
656,2024-05-08,Yangon,55+,ID
657,2024-11-08,Kuala Lumpur,45-54,MM
658,2024-04-20,Bangkok,18-24,VN
659,2024-08-04,Mumbai,25-34,ID
660,2024-05-25,Manila,25-34,TH
661,2024-04-11,Ho Chi Minh City,25-34,SG
662,2024-11-20,Kuala Lumpur,25-34,MM
663,2024-03-10,Jakarta,25-34,PH
664,2024-02-01,Kuala Lumpur,25-34,MM
665,2024-05-05,Jakarta,25-34,PH
666,2024-09-19,Jakarta,35-44,PH
667,2024-10-22,Bangkok,35-44,VN
668,2024-12-31,Mumbai,55+,ID
669,2024-04-19,Bangkok,18-24,VN
670,2024-05-29,Manila,25-34,TH
671,2024-02-20,Jakarta,55+,PH
672,2024-07-29,Kuala Lumpur,35-44,MM
673,2024-12-31,Manila,25-34,TH
674,2024-09-13,Singapore,25-34,MY
675,2024-08-06,Kuala Lumpur,18-24,MM
676,2024-05-24,Singapore,45-54,MY
677,2024-12-01,Jakarta,35-44,PH
678,2024-07-01,Hanoi,25-34,IN
679,2024-02-20,Jakarta,25-34,PH
680,2024-05-14,Jakarta,25-34,PH
681,2024-01-26,Hanoi,25-34,IN
682,2024-03-15,Manila,35-44,TH
683,2024-01-08,Singapore,25-34,MY
684,2024-06-15,Bengaluru,18-24,IN
685,2024-08-20,Singapore,25-34,MY
686,2024-05-06,Hanoi,45-54,IN
687,2024-06-03,Kuala Lumpur,25-34,MM
688,2024-12-17,Ho Chi Minh City,25-34,SG
689,2024-10-02,Hanoi,35-44,IN
690,2024-07-17,Jakarta,35-44,PH
691,2024-04-14,Manila,35-44,TH
692,2024-11-24,Bengaluru,45-54,IN
693,2024-03-27,Singapore,18-24,MY
694,2024-04-29,Kuala Lumpur,45-54,MM
695,2024-11-28,Kuala Lumpur,45-54,MM
696,2024-07-13,Kuala Lumpur,25-34,MM
697,2024-09-28,Mumbai,35-44,ID
698,2024-08-04,Singapore,18-24,MY
699,2024-08-27,Kuala Lumpur,25-34,MM
700,2024-04-20,Jakarta,18-24,PH
701,2024-03-30,Bangkok,18-24,VN
702,2024-04-28,Yangon,55+,ID
703,2024-02-27,Bangkok,25-34,VN
704,2024-11-16,Kuala Lumpur,25-34,MM
705,2024-04-14,Ho Chi Minh City,25-34,SG
706,2024-07-24,Singapore,25-34,MY
707,2024-10-17,Singapore,25-34,MY
708,2024-10-14,Singapore,25-34,MY
709,2024-06-10,Kuala Lumpur,35-44,MM
710,2024-06-23,Yangon,55+,ID
711,2024-12-30,Jakarta,25-34,PH
712,2024-09-04,Yangon,55+,ID
713,2024-10-25,Singapore,35-44,MY
714,2024-11-26,Ho Chi Minh City,35-44,SG
715,2024-10-15,Manila,25-34,TH
716,2024-03-09,Bangkok,18-24,VN
717,2024-07-25,Singapore,45-54,MY
718,2024-02-08,Manila,25-34,TH
719,2024-08-27,Jakarta,25-34,PH
720,2024-12-15,Hanoi,35-44,IN
721,2024-07-07,Bangkok,25-34,VN
722,2024-06-08,Singapore,35-44,MY
723,2024-01-15,Bengaluru,25-34,IN
724,2024-12-17,Bengaluru,45-54,IN
725,2024-02-08,Hanoi,25-34,IN
726,2024-01-16,Mumbai,18-24,ID
727,2024-03-31,Kuala Lumpur,35-44,MM
728,2024-01-25,Yangon,18-24,ID
729,2024-06-16,Bangkok,45-54,VN
730,2024-07-08,Hanoi,35-44,IN
731,2024-04-25,Bangkok,25-34,VN
732,2024-01-20,Yangon,18-24,ID
733,2024-02-11,Jakarta,45-54,PH
734,2024-05-21,Bangkok,35-44,VN
735,2024-01-24,Manila,45-54,TH
736,2024-09-12,Kuala Lumpur,18-24,MM
737,2024-03-17,Bengaluru,45-54,IN
738,2024-04-21,Hanoi,25-34,IN
739,2024-05-24,Bengaluru,35-44,IN
740,2024-06-02,Manila,25-34,TH
741,2024-01-02,Ho Chi Minh City,18-24,SG
742,2024-02-11,Mumbai,55+,ID
743,2024-11-11,Bangkok,55+,VN
744,2024-01-02,Yangon,25-34,ID
745,2024-07-05,Hanoi,45-54,IN
746,2024-06-28,Bengaluru,18-24,IN
747,2024-05-02,Ho Chi Minh City,18-24,SG
748,2024-06-07,Ho Chi Minh City,18-24,SG
749,2024-10-12,Bengaluru,25-34,IN
750,2024-11-04,Singapore,18-24,MY
751,2024-04-06,Ho Chi Minh City,25-34,SG
752,2024-04-28,Singapore,18-24,MY
753,2024-03-30,Jakarta,35-44,PH
754,2024-06-25,Jakarta,35-44,PH
755,2024-09-07,Kuala Lumpur,35-44,MM
756,2024-03-25,Kuala Lumpur,18-24,MM
757,2024-05-01,Mumbai,35-44,ID
758,2024-12-06,Jakarta,25-34,PH
759,2024-01-19,Ho Chi Minh City,35-44,SG
760,2024-06-18,Hanoi,25-34,IN
761,2024-09-17,Jakarta,25-34,PH
762,2024-02-25,Jakarta,18-24,PH
763,2024-01-19,Hanoi,35-44,IN
764,2024-02-21,Singapore,45-54,MY
765,2024-12-02,Yangon,35-44,ID
766,2024-01-05,Kuala Lumpur,55+,MM
767,2024-03-10,Yangon,45-54,ID
768,2024-01-13,Mumbai,18-24,ID
769,2024-02-11,Jakarta,35-44,PH
770,2024-08-15,Jakarta,25-34,PH
771,2024-03-30,Bengaluru,25-34,IN
772,2024-07-27,Kuala Lumpur,18-24,MM
773,2024-08-04,Singapore,55+,MY
774,2024-11-07,Bengaluru,35-44,IN
775,2024-01-03,Mumbai,25-34,ID
776,2024-11-08,Mumbai,25-34,ID
777,2024-08-14,Bangkok,25-34,VN
778,2024-03-01,Bangkok,35-44,VN
779,2024-10-10,Jakarta,45-54,PH
780,2024-11-09,Yangon,25-34,ID
781,2024-04-03,Jakarta,25-34,PH
782,2024-12-02,Ho Chi Minh City,25-34,SG
783,2024-06-15,Bangkok,25-34,VN
784,2024-08-09,Manila,25-34,TH
785,2024-12-26,Hanoi,18-24,IN
786,2024-05-12,Yangon,18-24,ID
787,2024-10-24,Bengaluru,25-34,IN
788,2024-04-27,Bangkok,45-54,VN
789,2024-10-19,Mumbai,25-34,ID
790,2024-08-08,Bangkok,25-34,VN
791,2024-03-20,Singapore,35-44,MY
792,2024-06-01,Bangkok,45-54,VN
793,2024-04-26,Manila,25-34,TH
794,2024-01-30,Manila,18-24,TH
795,2024-01-12,Jakarta,35-44,PH
796,2024-05-07,Manila,25-34,TH
797,2024-01-08,Manila,35-44,TH
798,2024-03-02,Singapore,25-34,MY
799,2024-09-22,Bengaluru,18-24,IN
800,2024-09-16,Bengaluru,25-34,IN
801,2024-09-27,Ho Chi Minh City,35-44,SG
802,2024-04-26,Singapore,25-34,MY
803,2024-11-21,Jakarta,18-24,PH
804,2024-08-05,Jakarta,25-34,PH
805,2024-02-16,Singapore,35-44,MY
806,2024-02-23,Manila,18-24,TH
807,2024-09-10,Kuala Lumpur,35-44,MM
808,2024-03-05,Mumbai,35-44,ID
809,2024-07-05,Mumbai,25-34,ID
810,2024-12-28,Ho Chi Minh City,55+,SG
811,2024-01-03,Manila,45-54,TH
812,2024-01-08,Kuala Lumpur,25-34,MM
813,2024-12-29,Ho Chi Minh City,18-24,SG
814,2024-08-02,Manila,25-34,TH
815,2024-02-17,Mumbai,18-24,ID
816,2024-11-24,Mumbai,25-34,ID
817,2024-11-18,Kuala Lumpur,45-54,MM
818,2024-07-15,Jakarta,45-54,PH
819,2024-08-15,Ho Chi Minh City,25-34,SG
820,2024-04-10,Hanoi,25-34,IN
821,2024-01-20,Hanoi,18-24,IN
822,2024-08-06,Jakarta,25-34,PH
823,2024-04-18,Mumbai,18-24,ID
824,2024-08-31,Kuala Lumpur,45-54,MM
825,2024-11-02,Singapore,45-54,MY
826,2024-01-08,Manila,18-24,TH
827,2024-08-06,Ho Chi Minh City,35-44,SG
828,2024-03-26,Mumbai,25-34,ID
829,2024-11-15,Kuala Lumpur,35-44,MM
830,2024-04-03,Kuala Lumpur,25-34,MM
831,2024-08-11,Jakarta,18-24,PH
832,2024-07-22,Bangkok,35-44,VN
833,2024-05-25,Manila,18-24,TH
834,2024-09-05,Bengaluru,25-34,IN
835,2024-09-22,Mumbai,18-24,ID
836,2024-07-26,Yangon,35-44,ID
837,2024-10-04,Bangkok,35-44,VN
838,2024-12-25,Mumbai,18-24,ID
839,2024-06-03,Bengaluru,25-34,IN
840,2024-07-07,Manila,35-44,TH
841,2024-01-06,Yangon,18-24,ID
842,2024-10-18,Manila,25-34,TH
843,2024-07-09,Yangon,35-44,ID
844,2024-05-29,Bangkok,25-34,VN
845,2024-02-05,Kuala Lumpur,35-44,MM
846,2024-11-21,Kuala Lumpur,25-34,MM
847,2024-05-25,Bengaluru,35-44,IN
848,2024-09-07,Bengaluru,18-24,IN
849,2024-02-25,Yangon,18-24,ID
850,2024-12-17,Yangon,18-24,ID
851,2024-03-07,Mumbai,45-54,ID
852,2024-03-14,Singapore,45-54,MY
853,2024-11-10,Yangon,35-44,ID
854,2024-11-30,Yangon,18-24,ID
855,2024-03-19,Jakarta,25-34,PH
856,2024-06-21,Hanoi,35-44,IN
857,2024-09-25,Singapore,35-44,MY
858,2024-11-17,Yangon,18-24,ID
859,2024-05-19,Mumbai,45-54,ID
860,2024-07-08,Singapore,18-24,MY
861,2024-09-28,Bengaluru,18-24,IN
862,2024-09-24,Manila,45-54,TH
863,2024-10-13,Bengaluru,25-34,IN
864,2024-07-28,Bangkok,25-34,VN
865,2024-02-09,Hanoi,25-34,IN
866,2024-11-26,Singapore,55+,MY
867,2024-11-12,Manila,18-24,TH
868,2024-10-19,Bangkok,35-44,VN
869,2024-02-07,Manila,25-34,TH
870,2024-03-16,Kuala Lumpur,18-24,MM
871,2024-09-29,Jakarta,25-34,PH
872,2024-01-10,Bengaluru,25-34,IN
873,2024-12-24,Ho Chi Minh City,18-24,SG
874,2024-05-18,Hanoi,25-34,IN
875,2024-09-20,Bangkok,35-44,VN
876,2024-11-20,Jakarta,25-34,PH
877,2024-05-25,Bengaluru,35-44,IN
878,2024-04-27,Yangon,35-44,ID
879,2024-08-11,Kuala Lumpur,25-34,MM
880,2024-08-01,Mumbai,25-34,ID
881,2024-05-30,Bengaluru,25-34,IN
882,2024-08-08,Mumbai,25-34,ID
883,2024-12-08,Manila,18-24,TH
884,2024-06-20,Hanoi,25-34,IN
885,2024-03-13,Mumbai,18-24,ID
886,2024-05-18,Hanoi,25-34,IN
887,2024-05-24,Bengaluru,55+,IN
888,2024-02-18,Kuala Lumpur,25-34,MM
889,2024-03-01,Jakarta,25-34,PH
890,2024-09-07,Yangon,25-34,ID
891,2024-05-04,Bangkok,35-44,VN
892,2024-12-15,Jakarta,25-34,PH
893,2024-03-30,Jakarta,25-34,PH
894,2024-02-07,Hanoi,35-44,IN
895,2024-10-03,Bangkok,18-24,VN
896,2024-11-18,Manila,25-34,TH
897,2024-04-12,Kuala Lumpur,25-34,MM
898,2024-03-15,Ho Chi Minh City,35-44,SG
899,2024-03-09,Singapore,55+,MY
900,2024-07-10,Bangkok,35-44,VN
901,2024-06-20,Bengaluru,25-34,IN
902,2024-04-05,Bengaluru,18-24,IN
903,2024-01-18,Bengaluru,25-34,IN
904,2024-06-25,Ho Chi Minh City,35-44,SG
905,2024-12-17,Ho Chi Minh City,45-54,SG
906,2024-08-27,Kuala Lumpur,35-44,MM
907,2024-06-30,Hanoi,18-24,IN
908,2024-02-11,Mumbai,35-44,ID
909,2024-04-03,Yangon,45-54,ID
910,2024-04-18,Yangon,35-44,ID
911,2024-10-07,Singapore,35-44,MY
912,2024-11-16,Ho Chi Minh City,25-34,SG
913,2024-11-26,Mumbai,35-44,ID
914,2024-12-26,Mumbai,25-34,ID
915,2024-12-25,Bengaluru,18-24,IN
916,2024-12-14,Singapore,35-44,MY
917,2024-01-28,Bangkok,45-54,VN
918,2024-02-21,Mumbai,45-54,ID
919,2024-04-22,Mumbai,25-34,ID
920,2024-07-21,Bengaluru,18-24,IN
921,2024-02-06,Singapore,25-34,MY
922,2024-11-05,Singapore,45-54,MY
923,2024-08-14,Singapore,35-44,MY
924,2024-07-17,Mumbai,55+,ID
925,2024-03-02,Bengaluru,25-34,IN
926,2024-04-03,Mumbai,25-34,ID
927,2024-02-29,Kuala Lumpur,35-44,MM
928,2024-11-07,Kuala Lumpur,25-34,MM
929,2024-08-02,Jakarta,55+,PH
930,2024-09-26,Bengaluru,25-34,IN
931,2024-04-19,Manila,18-24,TH
932,2024-05-16,Hanoi,18-24,IN
933,2024-05-28,Mumbai,45-54,ID
934,2024-10-05,Kuala Lumpur,35-44,MM
935,2024-10-09,Bangkok,35-44,VN
936,2024-03-17,Mumbai,35-44,ID
937,2024-12-10,Yangon,25-34,ID
938,2024-02-15,Ho Chi Minh City,35-44,SG
939,2024-11-24,Singapore,45-54,MY
940,2024-02-07,Bengaluru,18-24,IN
941,2024-04-07,Manila,35-44,TH
942,2024-11-05,Singapore,25-34,MY
943,2024-03-07,Singapore,25-34,MY
944,2024-05-31,Bengaluru,25-34,IN
945,2024-06-14,Singapore,45-54,MY
946,2024-03-31,Yangon,18-24,ID
947,2024-09-17,Kuala Lumpur,25-34,MM
948,2024-11-07,Jakarta,35-44,PH
949,2024-11-16,Yangon,18-24,ID
950,2024-05-04,Singapore,35-44,MY
951,2024-07-13,Bengaluru,45-54,IN
952,2024-04-01,Mumbai,18-24,ID
953,2024-03-31,Yangon,18-24,ID
954,2024-02-29,Jakarta,55+,PH
955,2024-12-10,Bengaluru,18-24,IN
956,2024-11-21,Bangkok,18-24,VN
957,2024-10-11,Ho Chi Minh City,55+,SG
958,2024-07-08,Ho Chi Minh City,45-54,SG
959,2024-06-29,Singapore,35-44,MY
960,2024-07-13,Yangon,25-34,ID
961,2024-07-15,Kuala Lumpur,45-54,MM
962,2024-06-08,Bengaluru,35-44,IN
963,2024-02-19,Bengaluru,35-44,IN
964,2024-02-16,Bengaluru,45-54,IN
965,2024-12-14,Manila,35-44,TH
966,2024-06-25,Manila,25-34,TH
967,2024-12-14,Yangon,25-34,ID
968,2024-03-01,Manila,25-34,TH
969,2024-07-22,Bengaluru,25-34,IN
970,2024-03-17,Hanoi,25-34,IN
971,2024-04-03,Jakarta,25-34,PH
972,2024-01-12,Yangon,35-44,ID
973,2024-02-14,Kuala Lumpur,25-34,MM
974,2024-12-01,Hanoi,18-24,IN
975,2024-04-28,Hanoi,25-34,IN
976,2024-08-10,Mumbai,25-34,ID
977,2024-06-19,Singapore,35-44,MY
978,2024-05-27,Bangkok,25-34,VN
979,2024-07-14,Singapore,25-34,MY
980,2024-03-10,Kuala Lumpur,35-44,MM
981,2024-12-27,Ho Chi Minh City,18-24,SG
982,2024-10-26,Manila,18-24,TH
983,2024-09-28,Yangon,35-44,ID
984,2024-06-21,Singapore,25-34,MY
985,2024-02-26,Hanoi,35-44,IN
986,2024-12-03,Jakarta,35-44,PH
987,2024-05-05,Hanoi,45-54,IN
988,2024-01-20,Manila,18-24,TH
989,2024-05-05,Bangkok,35-44,VN
990,2024-10-17,Hanoi,35-44,IN
991,2024-08-16,Manila,18-24,TH
992,2024-10-02,Jakarta,45-54,PH
993,2024-10-17,Yangon,25-34,ID
994,2024-03-19,Yangon,45-54,ID
995,2024-12-04,Manila,35-44,TH
996,2024-06-09,Manila,25-34,TH
997,2024-08-22,Jakarta,18-24,PH
998,2024-01-02,Bengaluru,45-54,IN
999,2024-12-29,Ho Chi Minh City,25-34,SG
1000,2024-04-13,Jakarta,18-24,PH
1001,2024-01-24,Hanoi,18-24,IN
1002,2024-06-17,Mumbai,35-44,ID
1003,2024-02-18,Singapore,18-24,MY
1004,2024-02-26,Ho Chi Minh City,25-34,SG
1005,2024-08-19,Singapore,35-44,MY
1006,2024-05-24,Mumbai,25-34,ID
1007,2024-12-03,Bangkok,25-34,VN
1008,2024-04-27,Singapore,25-34,MY
1009,2024-09-23,Manila,45-54,TH
1010,2024-06-18,Hanoi,45-54,IN
1011,2024-08-29,Ho Chi Minh City,25-34,SG
1012,2024-08-07,Manila,25-34,TH
1013,2024-06-22,Bengaluru,25-34,IN
1014,2024-12-13,Mumbai,55+,ID
1015,2024-05-06,Bangkok,25-34,VN
1016,2024-03-06,Bangkok,25-34,VN
1017,2024-09-05,Hanoi,45-54,IN
1018,2024-11-05,Kuala Lumpur,18-24,MM
1019,2024-01-16,Mumbai,25-34,ID
1020,2024-06-14,Ho Chi Minh City,18-24,SG
1021,2024-11-22,Bangkok,35-44,VN
1022,2024-10-01,Mumbai,25-34,ID
1023,2024-12-29,Singapore,55+,MY
1024,2024-07-13,Ho Chi Minh City,25-34,SG
1025,2024-08-29,Bengaluru,18-24,IN
1026,2024-04-21,Bangkok,35-44,VN
1027,2024-12-12,Kuala Lumpur,35-44,MM
1028,2024-05-14,Manila,35-44,TH
1029,2024-09-27,Manila,35-44,TH
1030,2024-05-28,Mumbai,25-34,ID
1031,2024-07-25,Jakarta,35-44,PH
1032,2024-09-20,Yangon,18-24,ID
1033,2024-07-05,Singapore,18-24,MY
1034,2024-11-28,Mumbai,45-54,ID
1035,2024-06-03,Bangkok,35-44,VN
1036,2024-08-25,Mumbai,25-34,ID
1037,2024-05-05,Bangkok,18-24,VN
1038,2024-05-29,Mumbai,45-54,ID
1039,2024-06-10,Singapore,18-24,MY
1040,2024-02-16,Ho Chi Minh City,25-34,SG
1041,2024-02-04,Singapore,18-24,MY
1042,2024-09-01,Bangkok,18-24,VN
1043,2024-08-28,Jakarta,25-34,PH
1044,2024-08-30,Jakarta,55+,PH
1045,2024-01-09,Jakarta,25-34,PH
1046,2024-04-30,Bangkok,25-34,VN
1047,2024-03-14,Bangkok,35-44,VN
1048,2024-10-12,Singapore,25-34,MY
1049,2024-11-11,Bengaluru,35-44,IN
1050,2024-04-01,Jakarta,35-44,PH
1051,2024-09-01,Hanoi,35-44,IN
1052,2024-02-18,Yangon,35-44,ID
1053,2024-04-11,Yangon,35-44,ID
1054,2024-02-21,Manila,35-44,TH
1055,2024-04-14,Mumbai,35-44,ID
1056,2024-09-04,Mumbai,18-24,ID
1057,2024-11-29,Mumbai,35-44,ID
1058,2024-03-15,Yangon,35-44,ID
1059,2024-07-17,Hanoi,25-34,IN
1060,2024-09-14,Hanoi,45-54,IN
1061,2024-12-14,Kuala Lumpur,25-34,MM
1062,2024-08-11,Manila,25-34,TH
1063,2024-04-04,Bangkok,45-54,VN
1064,2024-08-17,Hanoi,25-34,IN
1065,2024-04-27,Hanoi,25-34,IN
1066,2024-12-23,Ho Chi Minh City,25-34,SG
1067,2024-05-26,Hanoi,45-54,IN
1068,2024-09-08,Manila,25-34,TH
1069,2024-01-10,Bangkok,35-44,VN
1070,2024-05-27,Hanoi,35-44,IN
1071,2024-11-16,Manila,35-44,TH
1072,2024-08-11,Kuala Lumpur,45-54,MM
1073,2024-06-12,Bangkok,35-44,VN
1074,2024-12-08,Jakarta,25-34,PH
1075,2024-11-08,Jakarta,55+,PH
1076,2024-04-28,Singapore,25-34,MY
1077,2024-07-18,Bangkok,18-24,VN
1078,2024-06-28,Manila,25-34,TH
1079,2024-08-19,Kuala Lumpur,35-44,MM
1080,2024-05-02,Bengaluru,18-24,IN
1081,2024-03-31,Bengaluru,25-34,IN
1082,2024-11-30,Yangon,25-34,ID
1083,2024-12-04,Singapore,25-34,MY
1084,2024-11-04,Ho Chi Minh City,18-24,SG
1085,2024-12-24,Bengaluru,45-54,IN
1086,2024-09-29,Ho Chi Minh City,25-34,SG
1087,2024-10-07,Bangkok,18-24,VN
1088,2024-10-06,Ho Chi Minh City,25-34,SG
1089,2024-06-25,Bengaluru,25-34,IN
1090,2024-06-16,Ho Chi Minh City,35-44,SG
1091,2024-03-29,Ho Chi Minh City,25-34,SG
1092,2024-08-24,Jakarta,18-24,PH
1093,2024-04-16,Bengaluru,45-54,IN
1094,2024-04-05,Yangon,25-34,ID
1095,2024-08-02,Kuala Lumpur,18-24,MM
1096,2024-05-30,Singapore,35-44,MY
1097,2024-03-21,Kuala Lumpur,35-44,MM
1098,2024-10-25,Singapore,35-44,MY
1099,2024-11-11,Mumbai,25-34,ID
1100,2024-03-03,Bangkok,25-34,VN
1101,2024-01-04,Hanoi,25-34,IN
1102,2024-05-03,Jakarta,18-24,PH
1103,2024-10-19,Yangon,25-34,ID
1104,2024-11-03,Bengaluru,55+,IN
1105,2024-02-21,Manila,35-44,TH
1106,2024-10-10,Manila,25-34,TH
1107,2024-02-13,Singapore,25-34,MY
1108,2024-05-23,Mumbai,35-44,ID
1109,2024-12-31,Jakarta,25-34,PH
1110,2024-03-12,Singapore,18-24,MY
1111,2024-02-27,Jakarta,18-24,PH
1112,2024-06-04,Hanoi,35-44,IN
1113,2024-08-15,Hanoi,35-44,IN
1114,2024-12-07,Manila,18-24,TH
1115,2024-12-24,Ho Chi Minh City,18-24,SG
1116,2024-01-27,Manila,35-44,TH
1117,2024-02-21,Manila,25-34,TH
1118,2024-10-16,Singapore,35-44,MY
1119,2024-04-09,Jakarta,18-24,PH
1120,2024-11-19,Mumbai,35-44,ID
1121,2024-08-31,Jakarta,45-54,PH
1122,2024-02-11,Yangon,35-44,ID
1123,2024-10-31,Jakarta,18-24,PH
1124,2024-03-06,Manila,35-44,TH
1125,2024-06-04,Singapore,25-34,MY
1126,2024-07-21,Mumbai,18-24,ID
1127,2024-07-02,Jakarta,25-34,PH
1128,2024-09-08,Mumbai,45-54,ID
1129,2024-08-27,Yangon,25-34,ID
1130,2024-12-29,Yangon,45-54,ID
1131,2024-12-31,Kuala Lumpur,25-34,MM
1132,2024-07-08,Jakarta,25-34,PH
1133,2024-02-05,Singapore,18-24,MY
1134,2024-09-23,Singapore,35-44,MY
1135,2024-12-23,Hanoi,18-24,IN
1136,2024-04-27,Mumbai,25-34,ID
1137,2024-06-18,Kuala Lumpur,25-34,MM
1138,2024-06-05,Mumbai,25-34,ID
1139,2024-01-20,Ho Chi Minh City,25-34,SG
1140,2024-09-03,Hanoi,18-24,IN
1141,2024-05-09,Bengaluru,25-34,IN
1142,2024-10-15,Mumbai,55+,ID
1143,2024-10-31,Hanoi,18-24,IN
1144,2024-10-27,Bengaluru,25-34,IN
1145,2024-06-02,Singapore,25-34,MY
1146,2024-04-28,Ho Chi Minh City,25-34,SG
1147,2024-10-01,Manila,35-44,TH
1148,2024-10-20,Hanoi,25-34,IN
1149,2024-06-29,Hanoi,25-34,IN
1150,2024-11-22,Manila,35-44,TH
1151,2024-02-23,Bengaluru,25-34,IN
1152,2024-11-17,Mumbai,45-54,ID
1153,2024-02-06,Mumbai,55+,ID
1154,2024-02-27,Yangon,18-24,ID
1155,2024-07-14,Ho Chi Minh City,25-34,SG
1156,2024-01-26,Singapore,18-24,MY
1157,2024-01-21,Jakarta,18-24,PH
1158,2024-01-02,Hanoi,25-34,IN
1159,2024-06-09,Kuala Lumpur,25-34,MM
1160,2024-10-10,Kuala Lumpur,25-34,MM
1161,2024-01-14,Bangkok,25-34,VN
1162,2024-08-27,Singapore,25-34,MY
1163,2024-10-28,Ho Chi Minh City,55+,SG
1164,2024-03-03,Manila,45-54,TH
1165,2024-02-24,Ho Chi Minh City,18-24,SG
1166,2024-11-11,Manila,35-44,TH
1167,2024-10-28,Yangon,25-34,ID
1168,2024-07-16,Kuala Lumpur,35-44,MM
1169,2024-10-27,Kuala Lumpur,25-34,MM
1170,2024-02-04,Kuala Lumpur,45-54,MM
1171,2024-05-24,Bangkok,18-24,VN
1172,2024-09-27,Yangon,25-34,ID
1173,2024-04-04,Jakarta,55+,PH
1174,2024-10-02,Ho Chi Minh City,18-24,SG
1175,2024-07-04,Bengaluru,18-24,IN
1176,2024-10-01,Jakarta,35-44,PH
1177,2024-06-19,Ho Chi Minh City,35-44,SG
1178,2024-05-15,Bangkok,35-44,VN
1179,2024-03-22,Yangon,35-44,ID
1180,2024-03-18,Singapore,35-44,MY
1181,2024-10-02,Bangkok,18-24,VN
1182,2024-02-14,Bangkok,35-44,VN
1183,2024-02-02,Singapore,35-44,MY
1184,2024-03-06,Kuala Lumpur,45-54,MM
1185,2024-03-06,Jakarta,25-34,PH
1186,2024-10-28,Ho Chi Minh City,18-24,SG
1187,2024-05-26,Ho Chi Minh City,35-44,SG
1188,2024-12-28,Bengaluru,25-34,IN
1189,2024-02-21,Yangon,18-24,ID
1190,2024-08-27,Ho Chi Minh City,35-44,SG
1191,2024-06-13,Jakarta,25-34,PH
1192,2024-05-24,Singapore,25-34,MY
1193,2024-11-16,Singapore,18-24,MY
1194,2024-12-23,Yangon,18-24,ID
1195,2024-11-15,Bengaluru,35-44,IN
1196,2024-03-12,Bangkok,25-34,VN
1197,2024-03-22,Mumbai,18-24,ID
1198,2024-08-28,Ho Chi Minh City,25-34,SG
1199,2024-04-16,Ho Chi Minh City,18-24,SG
1200,2024-09-26,Bangkok,18-24,VN
1201,2024-07-26,Yangon,25-34,ID
1202,2024-07-21,Ho Chi Minh City,25-34,SG
1203,2024-10-30,Bangkok,18-24,VN
1204,2024-09-17,Bengaluru,25-34,IN
1205,2024-01-11,Jakarta,25-34,PH
1206,2024-01-20,Hanoi,25-34,IN
1207,2024-08-08,Bangkok,18-24,VN
1208,2024-06-27,Yangon,18-24,ID
1209,2024-04-05,Ho Chi Minh City,18-24,SG
1210,2024-06-02,Ho Chi Minh City,25-34,SG
1211,2024-10-04,Bangkok,35-44,VN
1212,2024-10-29,Ho Chi Minh City,18-24,SG
1213,2024-07-24,Bengaluru,35-44,IN
1214,2024-05-21,Bengaluru,35-44,IN
1215,2024-04-09,Bangkok,18-24,VN
1216,2024-07-10,Ho Chi Minh City,18-24,SG
1217,2024-04-25,Ho Chi Minh City,18-24,SG
1218,2024-07-25,Bangkok,18-24,VN
1219,2024-09-04,Jakarta,25-34,PH
1220,2024-01-26,Kuala Lumpur,18-24,MM
1221,2024-01-02,Singapore,35-44,MY
1222,2024-03-19,Bengaluru,25-34,IN
1223,2024-11-23,Bangkok,35-44,VN
1224,2024-08-24,Kuala Lumpur,35-44,MM
1225,2024-03-04,Kuala Lumpur,25-34,MM
1226,2024-11-21,Jakarta,45-54,PH
1227,2024-06-21,Yangon,55+,ID
1228,2024-06-23,Singapore,25-34,MY
1229,2024-12-08,Bangkok,18-24,VN
1230,2024-01-23,Singapore,25-34,MY
1231,2024-03-20,Hanoi,25-34,IN
1232,2024-08-02,Jakarta,25-34,PH
1233,2024-03-13,Mumbai,25-34,ID
1234,2024-09-06,Bangkok,25-34,VN
1235,2024-03-20,Bengaluru,35-44,IN
1236,2024-02-07,Hanoi,25-34,IN
1237,2024-03-17,Yangon,25-34,ID
1238,2024-06-04,Singapore,25-34,MY
1239,2024-03-06,Yangon,35-44,ID
1240,2024-02-20,Bengaluru,35-44,IN
1241,2024-11-11,Singapore,18-24,MY
1242,2024-04-27,Bangkok,35-44,VN
1243,2024-05-12,Jakarta,18-24,PH
1244,2024-01-22,Manila,35-44,TH
1245,2024-05-11,Ho Chi Minh City,25-34,SG
1246,2024-04-07,Singapore,25-34,MY
1247,2024-08-11,Mumbai,35-44,ID
1248,2024-03-16,Singapore,45-54,MY
1249,2024-11-21,Yangon,35-44,ID
1250,2024-12-06,Bengaluru,25-34,IN
1251,2024-02-07,Hanoi,35-44,IN
1252,2024-02-10,Singapore,25-34,MY
1253,2024-02-13,Manila,35-44,TH
1254,2024-08-15,Kuala Lumpur,35-44,MM
1255,2024-02-15,Singapore,18-24,MY
1256,2024-11-08,Kuala Lumpur,25-34,MM
1257,2024-10-03,Bengaluru,25-34,IN
1258,2024-10-27,Bengaluru,18-24,IN
1259,2024-07-12,Singapore,25-34,MY
1260,2024-12-30,Manila,18-24,TH
1261,2024-01-18,Jakarta,25-34,PH
1262,2024-05-27,Bangkok,18-24,VN
1263,2024-04-29,Kuala Lumpur,25-34,MM
1264,2024-12-13,Mumbai,35-44,ID
1265,2024-07-30,Yangon,25-34,ID
1266,2024-10-22,Bangkok,25-34,VN
1267,2024-03-04,Mumbai,35-44,ID
1268,2024-12-24,Bengaluru,55+,IN
1269,2024-07-02,Hanoi,25-34,IN
1270,2024-06-30,Mumbai,18-24,ID
1271,2024-12-21,Bangkok,18-24,VN
1272,2024-05-19,Singapore,55+,MY
1273,2024-05-26,Ho Chi Minh City,35-44,SG
1274,2024-08-02,Jakarta,35-44,PH
1275,2024-02-17,Mumbai,35-44,ID
1276,2024-04-28,Kuala Lumpur,18-24,MM
1277,2024-03-12,Bangkok,25-34,VN
1278,2024-02-08,Bengaluru,35-44,IN
1279,2024-11-13,Mumbai,45-54,ID
1280,2024-08-04,Ho Chi Minh City,25-34,SG
1281,2024-05-11,Mumbai,25-34,ID
1282,2024-05-30,Manila,18-24,TH
1283,2024-06-07,Mumbai,55+,ID
1284,2024-08-20,Kuala Lumpur,25-34,MM
1285,2024-12-05,Singapore,35-44,MY
1286,2024-12-07,Kuala Lumpur,25-34,MM
1287,2024-05-23,Bengaluru,35-44,IN
1288,2024-05-01,Manila,35-44,TH
1289,2024-06-14,Jakarta,25-34,PH
1290,2024-07-27,Singapore,35-44,MY
1291,2024-06-18,Hanoi,45-54,IN
1292,2024-08-29,Jakarta,45-54,PH
1293,2024-07-22,Kuala Lumpur,25-34,MM
1294,2024-04-28,Ho Chi Minh City,35-44,SG
1295,2024-05-07,Hanoi,25-34,IN
1296,2024-05-19,Bengaluru,25-34,IN
1297,2024-02-05,Yangon,25-34,ID
1298,2024-03-02,Bangkok,35-44,VN
1299,2024-09-21,Jakarta,18-24,PH
1300,2024-05-23,Mumbai,25-34,ID
1301,2024-03-20,Yangon,18-24,ID
1302,2024-07-25,Hanoi,25-34,IN
1303,2024-10-03,Mumbai,18-24,ID
1304,2024-04-04,Bangkok,18-24,VN
1305,2024-10-29,Kuala Lumpur,35-44,MM
1306,2024-12-05,Ho Chi Minh City,25-34,SG
1307,2024-08-07,Mumbai,18-24,ID
1308,2024-09-02,Manila,35-44,TH
1309,2024-01-21,Manila,45-54,TH
1310,2024-12-12,Jakarta,45-54,PH
1311,2024-05-24,Yangon,35-44,ID
1312,2024-12-04,Jakarta,55+,PH
1313,2024-07-31,Kuala Lumpur,25-34,MM
1314,2024-01-03,Yangon,55+,ID
1315,2024-01-16,Kuala Lumpur,45-54,MM
1316,2024-09-06,Kuala Lumpur,25-34,MM
1317,2024-07-25,Mumbai,45-54,ID
1318,2024-01-11,Mumbai,35-44,ID
1319,2024-09-29,Kuala Lumpur,35-44,MM
1320,2024-11-08,Kuala Lumpur,45-54,MM
1321,2024-07-01,Kuala Lumpur,25-34,MM
1322,2024-06-20,Bangkok,25-34,VN
1323,2024-01-03,Ho Chi Minh City,35-44,SG
1324,2024-10-15,Bengaluru,35-44,IN
1325,2024-05-01,Jakarta,45-54,PH
1326,2024-11-17,Ho Chi Minh City,45-54,SG
1327,2024-05-17,Mumbai,35-44,ID
1328,2024-07-26,Mumbai,55+,ID
1329,2024-04-09,Bengaluru,18-24,IN
1330,2024-02-29,Jakarta,55+,PH
1331,2024-10-10,Yangon,18-24,ID
1332,2024-07-01,Singapore,25-34,MY
1333,2024-07-15,Yangon,18-24,ID
1334,2024-12-19,Jakarta,25-34,PH
1335,2024-12-18,Ho Chi Minh City,25-34,SG
1336,2024-11-09,Hanoi,18-24,IN
1337,2024-03-10,Manila,35-44,TH
1338,2024-08-05,Singapore,35-44,MY
1339,2024-11-17,Singapore,18-24,MY
1340,2024-05-17,Hanoi,35-44,IN
1341,2024-02-07,Yangon,18-24,ID
1342,2024-10-24,Singapore,18-24,MY
1343,2024-06-25,Ho Chi Minh City,18-24,SG
1344,2024-07-26,Hanoi,25-34,IN
1345,2024-12-25,Singapore,35-44,MY
1346,2024-08-10,Manila,25-34,TH
1347,2024-06-05,Singapore,35-44,MY
1348,2024-05-16,Ho Chi Minh City,25-34,SG
1349,2024-06-02,Jakarta,35-44,PH
1350,2024-02-14,Ho Chi Minh City,55+,SG
1351,2024-10-18,Singapore,25-34,MY
1352,2024-11-02,Yangon,18-24,ID
1353,2024-04-14,Ho Chi Minh City,18-24,SG
1354,2024-04-21,Mumbai,25-34,ID
1355,2024-11-16,Yangon,25-34,ID
1356,2024-01-10,Ho Chi Minh City,18-24,SG
1357,2024-07-09,Jakarta,45-54,PH
1358,2024-06-19,Kuala Lumpur,55+,MM
1359,2024-09-09,Manila,25-34,TH
1360,2024-03-01,Manila,18-24,TH
1361,2024-09-01,Hanoi,18-24,IN
1362,2024-05-18,Hanoi,25-34,IN
1363,2024-08-14,Ho Chi Minh City,45-54,SG
1364,2024-01-16,Manila,25-34,TH
1365,2024-06-18,Hanoi,18-24,IN
1366,2024-07-10,Mumbai,25-34,ID
1367,2024-03-20,Kuala Lumpur,18-24,MM
1368,2024-02-21,Ho Chi Minh City,25-34,SG
1369,2024-03-10,Hanoi,25-34,IN
1370,2024-05-06,Bangkok,35-44,VN
1371,2024-02-06,Hanoi,25-34,IN
1372,2024-12-12,Bengaluru,45-54,IN
1373,2024-05-28,Kuala Lumpur,18-24,MM
1374,2024-10-23,Bengaluru,35-44,IN
1375,2024-12-22,Singapore,18-24,MY
1376,2024-01-31,Mumbai,25-34,ID
1377,2024-08-26,Yangon,45-54,ID
1378,2024-11-15,Kuala Lumpur,35-44,MM
1379,2024-08-20,Mumbai,18-24,ID
1380,2024-06-06,Hanoi,25-34,IN
1381,2024-06-07,Jakarta,35-44,PH
1382,2024-01-15,Ho Chi Minh City,45-54,SG
1383,2024-07-15,Bengaluru,35-44,IN
1384,2024-12-29,Mumbai,18-24,ID
1385,2024-12-16,Jakarta,25-34,PH
1386,2024-01-16,Ho Chi Minh City,18-24,SG
1387,2024-09-15,Ho Chi Minh City,18-24,SG
1388,2024-04-21,Hanoi,25-34,IN
1389,2024-11-26,Mumbai,35-44,ID
1390,2024-01-18,Kuala Lumpur,18-24,MM
1391,2024-12-08,Bengaluru,35-44,IN
1392,2024-11-02,Jakarta,35-44,PH
1393,2024-02-13,Mumbai,35-44,ID
1394,2024-01-23,Mumbai,25-34,ID
1395,2024-11-01,Ho Chi Minh City,25-34,SG
1396,2024-02-27,Yangon,18-24,ID
1397,2024-07-15,Singapore,25-34,MY
1398,2024-12-01,Hanoi,25-34,IN
1399,2024-07-27,Ho Chi Minh City,25-34,SG
1400,2024-05-25,Bengaluru,18-24,IN
1401,2024-06-12,Manila,18-24,TH
1402,2024-01-25,Hanoi,45-54,IN
1403,2024-12-20,Bengaluru,35-44,IN
1404,2024-04-24,Bengaluru,25-34,IN
1405,2024-03-11,Hanoi,45-54,IN
1406,2024-04-15,Bengaluru,25-34,IN
1407,2024-12-18,Yangon,25-34,ID
1408,2024-02-05,Kuala Lumpur,35-44,MM
1409,2024-11-13,Singapore,25-34,MY
1410,2024-09-16,Ho Chi Minh City,25-34,SG
1411,2024-10-30,Bengaluru,25-34,IN
1412,2024-12-23,Bangkok,25-34,VN
1413,2024-11-04,Hanoi,35-44,IN
1414,2024-12-11,Yangon,25-34,ID
1415,2024-02-17,Bangkok,25-34,VN
1416,2024-10-18,Hanoi,25-34,IN
1417,2024-07-19,Kuala Lumpur,25-34,MM
1418,2024-07-18,Bengaluru,18-24,IN
1419,2024-11-25,Singapore,45-54,MY
1420,2024-12-21,Singapore,35-44,MY
1421,2024-09-15,Ho Chi Minh City,25-34,SG
1422,2024-06-26,Kuala Lumpur,35-44,MM
1423,2024-06-16,Hanoi,18-24,IN
1424,2024-05-22,Ho Chi Minh City,25-34,SG
1425,2024-05-12,Manila,25-34,TH
1426,2024-05-23,Yangon,25-34,ID
1427,2024-02-03,Yangon,35-44,ID
1428,2024-01-30,Singapore,55+,MY
1429,2024-10-12,Singapore,25-34,MY
1430,2024-06-12,Mumbai,25-34,ID
1431,2024-12-06,Bangkok,35-44,VN
1432,2024-08-12,Mumbai,25-34,ID
1433,2024-01-14,Ho Chi Minh City,18-24,SG
1434,2024-02-28,Hanoi,55+,IN
1435,2024-03-17,Jakarta,35-44,PH
1436,2024-12-23,Yangon,55+,ID
1437,2024-03-21,Mumbai,18-24,ID
1438,2024-07-08,Bengaluru,18-24,IN
1439,2024-12-08,Yangon,25-34,ID
1440,2024-12-23,Mumbai,45-54,ID
1441,2024-03-28,Kuala Lumpur,18-24,MM
1442,2024-01-19,Kuala Lumpur,18-24,MM
1443,2024-02-27,Manila,18-24,TH
1444,2024-01-25,Bengaluru,35-44,IN
1445,2024-03-13,Manila,35-44,TH
1446,2024-07-27,Bengaluru,35-44,IN
1447,2024-11-30,Singapore,18-24,MY
1448,2024-07-16,Hanoi,35-44,IN
1449,2024-08-17,Yangon,25-34,ID
1450,2024-03-15,Hanoi,18-24,IN
1451,2024-10-20,Kuala Lumpur,25-34,MM
1452,2024-08-14,Hanoi,25-34,IN
1453,2024-11-12,Kuala Lumpur,25-34,MM
1454,2024-12-13,Singapore,55+,MY
1455,2024-05-07,Yangon,25-34,ID
1456,2024-02-04,Manila,25-34,TH
1457,2024-03-24,Bangkok,35-44,VN
1458,2024-06-09,Yangon,35-44,ID
1459,2024-12-12,Manila,18-24,TH
1460,2024-05-19,Jakarta,35-44,PH
1461,2024-10-09,Mumbai,25-34,ID
1462,2024-07-17,Jakarta,25-34,PH
1463,2024-03-08,Ho Chi Minh City,35-44,SG
1464,2024-04-28,Hanoi,25-34,IN
1465,2024-08-27,Mumbai,25-34,ID
1466,2024-09-03,Singapore,18-24,MY
1467,2024-06-08,Kuala Lumpur,25-34,MM
1468,2024-03-25,Hanoi,25-34,IN
1469,2024-09-21,Kuala Lumpur,45-54,MM
1470,2024-03-03,Mumbai,25-34,ID
1471,2024-12-08,Bangkok,45-54,VN
1472,2024-03-10,Yangon,25-34,ID
1473,2024-02-10,Yangon,35-44,ID
1474,2024-07-01,Singapore,18-24,MY
1475,2024-07-09,Yangon,25-34,ID
1476,2024-07-05,Singapore,18-24,MY
1477,2024-06-09,Bengaluru,18-24,IN
1478,2024-12-30,Yangon,45-54,ID
1479,2024-06-27,Mumbai,35-44,ID
1480,2024-06-24,Manila,35-44,TH
1481,2024-06-03,Jakarta,25-34,PH
1482,2024-01-26,Kuala Lumpur,25-34,MM
1483,2024-08-05,Bengaluru,35-44,IN
1484,2024-03-25,Singapore,35-44,MY
1485,2024-08-21,Hanoi,25-34,IN
1486,2024-01-20,Kuala Lumpur,35-44,MM
1487,2024-12-25,Manila,25-34,TH
1488,2024-06-21,Hanoi,55+,IN
1489,2024-11-24,Manila,18-24,TH
1490,2024-06-23,Singapore,25-34,MY
1491,2024-01-24,Ho Chi Minh City,45-54,SG
1492,2024-10-28,Bengaluru,18-24,IN
1493,2024-08-25,Bengaluru,18-24,IN
1494,2024-10-13,Mumbai,25-34,ID
1495,2024-06-06,Yangon,25-34,ID
1496,2024-08-21,Yangon,45-54,ID
1497,2024-11-09,Bangkok,35-44,VN
1498,2024-08-19,Yangon,25-34,ID
1499,2024-05-07,Bengaluru,55+,IN
1500,2024-08-30,Yangon,35-44,ID
1501,2024-09-03,Jakarta,45-54,PH
1502,2024-12-17,Bengaluru,25-34,IN
1503,2024-05-16,Kuala Lumpur,25-34,MM
1504,2024-06-05,Manila,18-24,TH
1505,2024-10-24,Jakarta,18-24,PH
1506,2024-07-04,Kuala Lumpur,35-44,MM
1507,2024-09-26,Manila,18-24,TH
1508,2024-06-17,Kuala Lumpur,25-34,MM
1509,2024-03-20,Mumbai,35-44,ID
1510,2024-09-29,Bengaluru,18-24,IN
1511,2024-02-18,Manila,25-34,TH
1512,2024-03-14,Singapore,35-44,MY
1513,2024-08-17,Jakarta,45-54,PH
1514,2024-09-30,Mumbai,25-34,ID
1515,2024-11-23,Kuala Lumpur,55+,MM
1516,2024-04-10,Bangkok,45-54,VN
1517,2024-02-11,Bangkok,35-44,VN
1518,2024-12-15,Jakarta,25-34,PH
1519,2024-02-27,Bengaluru,35-44,IN
1520,2024-03-14,Bengaluru,35-44,IN
1521,2024-04-17,Singapore,25-34,MY
1522,2024-07-13,Bengaluru,55+,IN
1523,2024-11-19,Jakarta,45-54,PH
1524,2024-10-05,Yangon,25-34,ID
1525,2024-09-16,Manila,35-44,TH
1526,2024-03-05,Kuala Lumpur,25-34,MM
1527,2024-05-11,Manila,35-44,TH
1528,2024-06-24,Yangon,35-44,ID
1529,2024-02-24,Hanoi,18-24,IN
1530,2024-04-10,Bangkok,18-24,VN
1531,2024-04-23,Singapore,25-34,MY
1532,2024-02-17,Bangkok,45-54,VN
1533,2024-07-20,Yangon,25-34,ID
1534,2024-09-15,Manila,45-54,TH
1535,2024-01-27,Hanoi,25-34,IN
1536,2024-06-25,Singapore,25-34,MY
1537,2024-10-13,Singapore,45-54,MY
1538,2024-10-01,Manila,25-34,TH
1539,2024-10-25,Hanoi,25-34,IN
1540,2024-06-13,Kuala Lumpur,18-24,MM
1541,2024-10-27,Hanoi,18-24,IN
1542,2024-03-29,Hanoi,18-24,IN
1543,2024-05-12,Mumbai,25-34,ID
1544,2024-03-06,Hanoi,35-44,IN
1545,2024-06-20,Hanoi,25-34,IN
1546,2024-05-24,Jakarta,18-24,PH
1547,2024-03-29,Yangon,25-34,ID
1548,2024-10-02,Ho Chi Minh City,25-34,SG
1549,2024-04-25,Manila,55+,TH
1550,2024-04-10,Jakarta,25-34,PH
1551,2024-02-18,Manila,18-24,TH
1552,2024-06-10,Bengaluru,25-34,IN
1553,2024-04-21,Singapore,45-54,MY
1554,2024-05-15,Kuala Lumpur,35-44,MM
1555,2024-03-28,Singapore,35-44,MY
1556,2024-10-06,Ho Chi Minh City,45-54,SG
1557,2024-12-06,Manila,35-44,TH
1558,2024-07-01,Kuala Lumpur,55+,MM
1559,2024-08-23,Hanoi,18-24,IN
1560,2024-11-13,Bengaluru,35-44,IN
1561,2024-12-31,Manila,45-54,TH
1562,2024-08-12,Yangon,45-54,ID
1563,2024-11-21,Hanoi,25-34,IN
1564,2024-11-28,Yangon,35-44,ID
1565,2024-10-16,Mumbai,18-24,ID
1566,2024-06-18,Bangkok,35-44,VN
1567,2024-01-31,Mumbai,25-34,ID
1568,2024-01-07,Hanoi,25-34,IN
1569,2024-06-24,Ho Chi Minh City,35-44,SG
1570,2024-06-30,Jakarta,25-34,PH
1571,2024-05-29,Bengaluru,18-24,IN
1572,2024-07-27,Kuala Lumpur,25-34,MM
1573,2024-07-21,Hanoi,35-44,IN
1574,2024-11-02,Hanoi,35-44,IN
1575,2024-02-10,Yangon,35-44,ID
1576,2024-03-24,Hanoi,18-24,IN
1577,2024-10-17,Kuala Lumpur,35-44,MM
1578,2024-11-06,Hanoi,35-44,IN
1579,2024-12-30,Yangon,18-24,ID
1580,2024-11-15,Bangkok,25-34,VN
1581,2024-11-21,Kuala Lumpur,25-34,MM
1582,2024-04-25,Hanoi,25-34,IN
1583,2024-05-27,Mumbai,18-24,ID
1584,2024-04-08,Singapore,18-24,MY
1585,2024-08-10,Manila,18-24,TH
1586,2024-12-09,Mumbai,18-24,ID
1587,2024-05-06,Mumbai,25-34,ID
1588,2024-07-23,Mumbai,35-44,ID
1589,2024-04-19,Hanoi,25-34,IN
1590,2024-03-03,Kuala Lumpur,25-34,MM
1591,2024-03-13,Mumbai,35-44,ID
1592,2024-01-23,Singapore,25-34,MY
1593,2024-12-13,Singapore,18-24,MY
1594,2024-05-28,Ho Chi Minh City,25-34,SG
1595,2024-11-01,Singapore,25-34,MY
1596,2024-09-06,Yangon,25-34,ID
1597,2024-03-12,Ho Chi Minh City,25-34,SG
1598,2024-03-06,Singapore,25-34,MY
1599,2024-10-24,Ho Chi Minh City,25-34,SG
1600,2024-04-07,Manila,55+,TH
1601,2024-11-30,Hanoi,25-34,IN
1602,2024-02-22,Bangkok,25-34,VN
1603,2024-09-05,Kuala Lumpur,25-34,MM
1604,2024-10-25,Singapore,35-44,MY
1605,2024-03-27,Singapore,35-44,MY
1606,2024-04-11,Kuala Lumpur,35-44,MM
1607,2024-12-19,Kuala Lumpur,18-24,MM
1608,2024-04-07,Ho Chi Minh City,25-34,SG
1609,2024-06-06,Singapore,35-44,MY
1610,2024-06-07,Ho Chi Minh City,25-34,SG
1611,2024-04-03,Manila,55+,TH
1612,2024-10-11,Kuala Lumpur,25-34,MM
1613,2024-10-09,Hanoi,25-34,IN
1614,2024-05-19,Kuala Lumpur,25-34,MM
1615,2024-11-01,Kuala Lumpur,25-34,MM
1616,2024-03-19,Hanoi,45-54,IN
1617,2024-01-03,Manila,18-24,TH
1618,2024-07-28,Bengaluru,25-34,IN
1619,2024-12-29,Manila,35-44,TH
1620,2024-01-16,Kuala Lumpur,45-54,MM
1621,2024-03-17,Hanoi,35-44,IN
1622,2024-07-09,Ho Chi Minh City,55+,SG
1623,2024-10-23,Kuala Lumpur,45-54,MM
1624,2024-02-03,Bengaluru,25-34,IN
1625,2024-05-25,Singapore,45-54,MY
1626,2024-09-30,Singapore,55+,MY
1627,2024-05-16,Ho Chi Minh City,25-34,SG
1628,2024-03-10,Kuala Lumpur,35-44,MM
1629,2024-03-13,Bangkok,25-34,VN
1630,2024-05-30,Ho Chi Minh City,35-44,SG
1631,2024-06-24,Singapore,18-24,MY
1632,2024-11-11,Kuala Lumpur,35-44,MM
1633,2024-08-23,Jakarta,25-34,PH
1634,2024-09-09,Manila,25-34,TH
1635,2024-12-25,Bangkok,18-24,VN
1636,2024-05-31,Jakarta,35-44,PH
1637,2024-05-28,Manila,25-34,TH
1638,2024-12-04,Manila,35-44,TH
1639,2024-03-31,Manila,25-34,TH
1640,2024-09-24,Bangkok,18-24,VN
1641,2024-10-03,Ho Chi Minh City,25-34,SG
1642,2024-02-06,Singapore,45-54,MY
1643,2024-06-20,Manila,25-34,TH
1644,2024-03-15,Hanoi,35-44,IN
1645,2024-03-09,Bangkok,18-24,VN
1646,2024-06-19,Kuala Lumpur,35-44,MM
1647,2024-04-16,Mumbai,25-34,ID
1648,2024-10-18,Mumbai,25-34,ID
1649,2024-11-28,Bangkok,25-34,VN
1650,2024-10-20,Manila,18-24,TH
1651,2024-04-08,Bangkok,25-34,VN
1652,2024-04-11,Mumbai,25-34,ID
1653,2024-04-03,Bangkok,25-34,VN
1654,2024-02-20,Singapore,55+,MY
1655,2024-12-11,Kuala Lumpur,25-34,MM
1656,2024-05-27,Jakarta,45-54,PH
1657,2024-03-24,Manila,25-34,TH
1658,2024-11-06,Ho Chi Minh City,18-24,SG
1659,2024-05-26,Ho Chi Minh City,25-34,SG
1660,2024-01-14,Kuala Lumpur,25-34,MM
1661,2024-03-01,Manila,25-34,TH
1662,2024-08-22,Singapore,45-54,MY
1663,2024-10-13,Hanoi,35-44,IN
1664,2024-03-18,Jakarta,25-34,PH
1665,2024-12-01,Hanoi,25-34,IN
1666,2024-11-07,Manila,25-34,TH
1667,2024-11-06,Manila,35-44,TH
1668,2024-03-25,Singapore,18-24,MY
1669,2024-01-20,Singapore,18-24,MY
1670,2024-11-13,Ho Chi Minh City,25-34,SG
1671,2024-04-22,Jakarta,18-24,PH
1672,2024-08-14,Bengaluru,35-44,IN
1673,2024-10-05,Yangon,18-24,ID
1674,2024-02-17,Hanoi,18-24,IN
1675,2024-10-13,Hanoi,45-54,IN
1676,2024-12-09,Ho Chi Minh City,55+,SG
1677,2024-09-23,Hanoi,25-34,IN
1678,2024-06-11,Bangkok,25-34,VN
1679,2024-11-16,Bengaluru,35-44,IN
1680,2024-07-12,Mumbai,18-24,ID
1681,2024-09-29,Jakarta,25-34,PH
1682,2024-10-27,Manila,18-24,TH
1683,2024-10-01,Yangon,25-34,ID
1684,2024-04-16,Manila,55+,TH
1685,2024-02-14,Singapore,35-44,MY
1686,2024-03-28,Jakarta,55+,PH
1687,2024-07-03,Singapore,35-44,MY
1688,2024-07-04,Ho Chi Minh City,35-44,SG
1689,2024-08-01,Mumbai,35-44,ID
1690,2024-05-25,Bangkok,35-44,VN
1691,2024-10-15,Mumbai,25-34,ID
1692,2024-11-30,Hanoi,25-34,IN
1693,2024-04-01,Kuala Lumpur,25-34,MM
1694,2024-09-26,Yangon,25-34,ID
1695,2024-09-05,Hanoi,25-34,IN
1696,2024-07-10,Jakarta,18-24,PH
1697,2024-03-10,Kuala Lumpur,25-34,MM
1698,2024-10-18,Mumbai,25-34,ID
1699,2024-12-17,Yangon,25-34,ID
1700,2024-09-21,Kuala Lumpur,25-34,MM
1701,2024-12-02,Singapore,18-24,MY
1702,2024-12-26,Yangon,55+,ID
1703,2024-05-09,Hanoi,25-34,IN
1704,2024-08-21,Hanoi,25-34,IN
1705,2024-06-22,Mumbai,18-24,ID
1706,2024-12-27,Bengaluru,45-54,IN
1707,2024-02-05,Yangon,35-44,ID
1708,2024-05-31,Jakarta,25-34,PH
1709,2024-11-16,Bangkok,25-34,VN
1710,2024-04-14,Bengaluru,35-44,IN
1711,2024-10-15,Singapore,45-54,MY
1712,2024-05-20,Hanoi,25-34,IN
1713,2024-12-24,Hanoi,18-24,IN
1714,2024-11-19,Ho Chi Minh City,18-24,SG
1715,2024-04-20,Singapore,18-24,MY
1716,2024-10-09,Ho Chi Minh City,35-44,SG
1717,2024-05-03,Bangkok,55+,VN
1718,2024-08-10,Ho Chi Minh City,55+,SG
1719,2024-08-29,Yangon,35-44,ID
1720,2024-10-30,Jakarta,18-24,PH
1721,2024-01-10,Bangkok,55+,VN
1722,2024-03-22,Singapore,25-34,MY
1723,2024-09-17,Ho Chi Minh City,25-34,SG
1724,2024-07-25,Bengaluru,35-44,IN
1725,2024-06-30,Jakarta,18-24,PH
1726,2024-01-22,Singapore,35-44,MY
1727,2024-05-08,Singapore,55+,MY
1728,2024-11-12,Kuala Lumpur,35-44,MM
1729,2024-01-13,Yangon,35-44,ID
1730,2024-05-25,Singapore,25-34,MY
1731,2024-12-11,Ho Chi Minh City,18-24,SG
1732,2024-01-20,Manila,35-44,TH
1733,2024-10-01,Manila,25-34,TH
1734,2024-04-05,Hanoi,45-54,IN
1735,2024-11-13,Bangkok,18-24,VN
1736,2024-09-30,Kuala Lumpur,25-34,MM
1737,2024-11-20,Mumbai,25-34,ID
1738,2024-03-20,Mumbai,35-44,ID
1739,2024-07-13,Jakarta,35-44,PH
1740,2024-10-12,Mumbai,55+,ID
1741,2024-03-31,Singapore,25-34,MY
1742,2024-03-26,Singapore,25-34,MY
1743,2024-01-11,Ho Chi Minh City,18-24,SG
1744,2024-12-16,Jakarta,25-34,PH
1745,2024-09-17,Ho Chi Minh City,25-34,SG
1746,2024-08-20,Mumbai,25-34,ID
1747,2024-09-29,Bangkok,25-34,VN
1748,2024-07-14,Mumbai,25-34,ID
1749,2024-06-23,Bengaluru,35-44,IN
1750,2024-06-14,Mumbai,35-44,ID
1751,2024-08-22,Mumbai,25-34,ID
1752,2024-03-15,Bangkok,25-34,VN
1753,2024-11-21,Ho Chi Minh City,35-44,SG
1754,2024-10-24,Singapore,35-44,MY
1755,2024-05-08,Bangkok,35-44,VN
1756,2024-07-31,Mumbai,18-24,ID
1757,2024-02-22,Bengaluru,25-34,IN
1758,2024-12-21,Kuala Lumpur,45-54,MM
1759,2024-11-26,Yangon,25-34,ID
1760,2024-12-03,Jakarta,25-34,PH
1761,2024-05-02,Jakarta,55+,PH
1762,2024-03-03,Manila,18-24,TH
1763,2024-03-19,Jakarta,35-44,PH
1764,2024-02-03,Jakarta,45-54,PH
1765,2024-02-14,Bangkok,18-24,VN
1766,2024-01-28,Kuala Lumpur,35-44,MM
1767,2024-12-28,Kuala Lumpur,25-34,MM
1768,2024-01-29,Yangon,45-54,ID
1769,2024-02-19,Manila,45-54,TH
1770,2024-10-29,Bangkok,45-54,VN
1771,2024-07-31,Manila,18-24,TH
1772,2024-10-10,Bengaluru,35-44,IN
1773,2024-08-19,Manila,45-54,TH
1774,2024-11-18,Jakarta,35-44,PH
1775,2024-08-22,Bangkok,35-44,VN
1776,2024-07-10,Mumbai,18-24,ID
1777,2024-09-18,Kuala Lumpur,45-54,MM
1778,2024-06-13,Hanoi,18-24,IN
1779,2024-05-07,Yangon,25-34,ID
1780,2024-06-20,Bengaluru,45-54,IN
1781,2024-03-03,Mumbai,45-54,ID
1782,2024-10-18,Yangon,55+,ID
1783,2024-04-06,Hanoi,25-34,IN
1784,2024-02-27,Ho Chi Minh City,18-24,SG
1785,2024-03-31,Manila,25-34,TH
1786,2024-11-04,Ho Chi Minh City,18-24,SG
1787,2024-05-01,Ho Chi Minh City,45-54,SG
1788,2024-09-08,Hanoi,25-34,IN
1789,2024-11-09,Ho Chi Minh City,25-34,SG
1790,2024-01-30,Bengaluru,18-24,IN
1791,2024-10-07,Singapore,25-34,MY
1792,2024-04-23,Kuala Lumpur,45-54,MM
1793,2024-03-21,Jakarta,35-44,PH
1794,2024-09-09,Mumbai,18-24,ID
1795,2024-11-29,Mumbai,18-24,ID
1796,2024-04-18,Hanoi,25-34,IN
1797,2024-07-27,Bangkok,18-24,VN
1798,2024-04-16,Ho Chi Minh City,45-54,SG
1799,2024-07-22,Yangon,35-44,ID
1800,2024-08-15,Bengaluru,18-24,IN
1801,2024-08-11,Jakarta,35-44,PH
1802,2024-08-16,Hanoi,25-34,IN
1803,2024-02-20,Ho Chi Minh City,25-34,SG
1804,2024-09-11,Bengaluru,25-34,IN
1805,2024-09-04,Kuala Lumpur,18-24,MM
1806,2024-09-07,Mumbai,25-34,ID
1807,2024-01-29,Kuala Lumpur,45-54,MM
1808,2024-06-13,Kuala Lumpur,45-54,MM
1809,2024-05-30,Hanoi,25-34,IN
1810,2024-02-02,Bangkok,35-44,VN
1811,2024-03-23,Jakarta,25-34,PH
1812,2024-06-10,Hanoi,25-34,IN
1813,2024-09-29,Ho Chi Minh City,25-34,SG
1814,2024-03-28,Singapore,25-34,MY
1815,2024-10-30,Mumbai,18-24,ID
1816,2024-07-19,Singapore,45-54,MY
1817,2024-10-05,Ho Chi Minh City,45-54,SG
1818,2024-06-22,Jakarta,25-34,PH
1819,2024-07-02,Kuala Lumpur,35-44,MM
1820,2024-08-15,Mumbai,18-24,ID
1821,2024-12-05,Kuala Lumpur,35-44,MM
1822,2024-06-29,Yangon,25-34,ID
1823,2024-07-12,Ho Chi Minh City,18-24,SG
1824,2024-08-08,Mumbai,35-44,ID
1825,2024-09-27,Ho Chi Minh City,25-34,SG
1826,2024-01-28,Ho Chi Minh City,25-34,SG
1827,2024-07-08,Ho Chi Minh City,25-34,SG
1828,2024-06-25,Jakarta,18-24,PH
1829,2024-12-03,Singapore,18-24,MY
1830,2024-06-30,Jakarta,35-44,PH
1831,2024-06-20,Ho Chi Minh City,35-44,SG
1832,2024-12-18,Ho Chi Minh City,18-24,SG
1833,2024-06-14,Singapore,25-34,MY
1834,2024-03-08,Kuala Lumpur,35-44,MM
1835,2024-03-21,Hanoi,35-44,IN
1836,2024-02-05,Kuala Lumpur,35-44,MM
1837,2024-01-02,Kuala Lumpur,25-34,MM
1838,2024-06-07,Hanoi,25-34,IN
1839,2024-10-08,Jakarta,25-34,PH
1840,2024-09-25,Jakarta,25-34,PH
1841,2024-01-13,Ho Chi Minh City,18-24,SG
1842,2024-07-28,Bangkok,18-24,VN
1843,2024-02-27,Kuala Lumpur,35-44,MM
1844,2024-12-10,Bengaluru,18-24,IN
1845,2024-03-03,Mumbai,35-44,ID
1846,2024-08-17,Kuala Lumpur,25-34,MM
1847,2024-04-30,Hanoi,25-34,IN
1848,2024-08-23,Manila,35-44,TH
1849,2024-05-31,Manila,35-44,TH
1850,2024-10-05,Ho Chi Minh City,18-24,SG
1851,2024-03-26,Bangkok,35-44,VN
1852,2024-11-27,Mumbai,25-34,ID
1853,2024-07-02,Ho Chi Minh City,25-34,SG
1854,2024-10-03,Hanoi,35-44,IN
1855,2024-11-07,Kuala Lumpur,35-44,MM
1856,2024-12-31,Hanoi,25-34,IN
1857,2024-03-23,Singapore,55+,MY
1858,2024-04-15,Hanoi,35-44,IN
1859,2024-04-02,Jakarta,35-44,PH
1860,2024-04-06,Bengaluru,18-24,IN
1861,2024-08-01,Mumbai,25-34,ID
1862,2024-12-29,Yangon,25-34,ID
1863,2024-12-28,Singapore,35-44,MY
1864,2024-07-12,Jakarta,25-34,PH
1865,2024-08-22,Hanoi,35-44,IN
1866,2024-11-10,Manila,25-34,TH
1867,2024-12-07,Ho Chi Minh City,35-44,SG
1868,2024-03-16,Jakarta,35-44,PH
1869,2024-07-12,Bengaluru,35-44,IN
1870,2024-10-31,Jakarta,35-44,PH
1871,2024-04-21,Jakarta,45-54,PH
1872,2024-06-10,Ho Chi Minh City,18-24,SG
1873,2024-12-26,Bengaluru,35-44,IN
1874,2024-12-26,Jakarta,55+,PH
1875,2024-11-27,Ho Chi Minh City,25-34,SG
1876,2024-10-19,Manila,18-24,TH
1877,2024-04-09,Singapore,55+,MY
1878,2024-04-28,Singapore,18-24,MY
1879,2024-07-19,Yangon,25-34,ID
1880,2024-07-24,Hanoi,18-24,IN
1881,2024-07-04,Jakarta,25-34,PH
1882,2024-08-21,Singapore,25-34,MY
1883,2024-05-30,Singapore,25-34,MY
1884,2024-10-01,Ho Chi Minh City,45-54,SG
1885,2024-05-02,Kuala Lumpur,25-34,MM
1886,2024-05-01,Mumbai,25-34,ID
1887,2024-02-17,Manila,45-54,TH
1888,2024-03-10,Hanoi,35-44,IN
1889,2024-11-07,Hanoi,25-34,IN
1890,2024-06-12,Bengaluru,18-24,IN
1891,2024-03-25,Bangkok,35-44,VN
1892,2024-10-05,Jakarta,45-54,PH
1893,2024-07-22,Mumbai,25-34,ID
1894,2024-01-09,Bengaluru,18-24,IN
1895,2024-04-26,Ho Chi Minh City,35-44,SG
1896,2024-03-06,Singapore,35-44,MY
1897,2024-08-28,Ho Chi Minh City,25-34,SG
1898,2024-04-11,Manila,45-54,TH
1899,2024-01-25,Kuala Lumpur,35-44,MM
1900,2024-01-22,Singapore,35-44,MY
1901,2024-08-01,Yangon,35-44,ID
1902,2024-01-09,Manila,35-44,TH
1903,2024-11-06,Jakarta,25-34,PH
1904,2024-02-27,Bangkok,25-34,VN
1905,2024-08-10,Ho Chi Minh City,35-44,SG
1906,2024-06-12,Bangkok,35-44,VN
1907,2024-06-11,Hanoi,25-34,IN
1908,2024-01-28,Bengaluru,18-24,IN
1909,2024-10-21,Ho Chi Minh City,35-44,SG
1910,2024-11-22,Bangkok,35-44,VN
1911,2024-01-06,Jakarta,25-34,PH
1912,2024-03-07,Singapore,25-34,MY
1913,2024-11-26,Hanoi,25-34,IN
1914,2024-07-20,Ho Chi Minh City,55+,SG
1915,2024-02-25,Bengaluru,45-54,IN
1916,2024-03-16,Bengaluru,25-34,IN
1917,2024-08-29,Bangkok,25-34,VN
1918,2024-09-22,Singapore,35-44,MY
1919,2024-08-07,Manila,25-34,TH
1920,2024-12-14,Manila,55+,TH
1921,2024-06-30,Hanoi,18-24,IN
1922,2024-04-20,Bengaluru,18-24,IN
1923,2024-06-24,Bengaluru,25-34,IN
1924,2024-05-12,Mumbai,18-24,ID
1925,2024-03-23,Yangon,35-44,ID
1926,2024-01-18,Bangkok,35-44,VN
1927,2024-05-09,Mumbai,18-24,ID
1928,2024-09-17,Manila,25-34,TH
1929,2024-01-08,Yangon,35-44,ID
1930,2024-06-10,Singapore,35-44,MY
1931,2024-08-24,Jakarta,25-34,PH
1932,2024-08-11,Jakarta,18-24,PH
1933,2024-10-11,Bengaluru,25-34,IN
1934,2024-10-23,Kuala Lumpur,25-34,MM
1935,2024-09-17,Mumbai,35-44,ID
1936,2024-02-08,Jakarta,25-34,PH
1937,2024-06-23,Manila,25-34,TH
1938,2024-08-09,Singapore,35-44,MY
1939,2024-03-31,Singapore,25-34,MY
1940,2024-01-17,Kuala Lumpur,18-24,MM
1941,2024-03-23,Jakarta,25-34,PH
1942,2024-06-16,Manila,45-54,TH
1943,2024-06-01,Manila,35-44,TH
1944,2024-03-06,Bengaluru,25-34,IN
1945,2024-10-28,Kuala Lumpur,35-44,MM
1946,2024-12-04,Ho Chi Minh City,25-34,SG
1947,2024-03-15,Bangkok,25-34,VN
1948,2024-12-06,Yangon,25-34,ID
1949,2024-01-08,Mumbai,25-34,ID
1950,2024-12-04,Yangon,25-34,ID
1951,2024-12-14,Singapore,45-54,MY
1952,2024-01-06,Jakarta,25-34,PH
1953,2024-10-06,Singapore,35-44,MY
1954,2024-12-21,Kuala Lumpur,35-44,MM
1955,2024-11-27,Manila,25-34,TH
1956,2024-12-21,Manila,18-24,TH
1957,2024-07-20,Hanoi,18-24,IN
1958,2024-01-30,Mumbai,18-24,ID
1959,2024-11-07,Bengaluru,25-34,IN
1960,2024-08-13,Singapore,55+,MY
1961,2024-08-13,Yangon,45-54,ID
1962,2024-06-02,Ho Chi Minh City,18-24,SG
1963,2024-07-28,Mumbai,25-34,ID
1964,2024-02-27,Ho Chi Minh City,18-24,SG
1965,2024-09-28,Jakarta,55+,PH
1966,2024-01-29,Hanoi,25-34,IN
1967,2024-09-24,Singapore,18-24,MY
1968,2024-11-06,Manila,35-44,TH
1969,2024-06-22,Singapore,25-34,MY
1970,2024-07-06,Singapore,25-34,MY
1971,2024-04-24,Singapore,35-44,MY
1972,2024-12-20,Manila,18-24,TH
1973,2024-09-25,Ho Chi Minh City,18-24,SG
1974,2024-05-15,Bengaluru,18-24,IN
1975,2024-03-05,Bangkok,25-34,VN
1976,2024-03-22,Manila,55+,TH
1977,2024-06-19,Ho Chi Minh City,25-34,SG
1978,2024-12-11,Yangon,35-44,ID
1979,2024-09-25,Yangon,25-34,ID
1980,2024-03-20,Bangkok,35-44,VN
1981,2024-11-10,Singapore,55+,MY
1982,2024-05-19,Mumbai,25-34,ID
1983,2024-11-07,Bangkok,55+,VN
1984,2024-03-30,Singapore,35-44,MY
1985,2024-08-14,Singapore,35-44,MY
1986,2024-12-05,Yangon,25-34,ID
1987,2024-04-05,Bangkok,35-44,VN
1988,2024-09-10,Yangon,25-34,ID
1989,2024-12-27,Yangon,55+,ID
1990,2024-02-25,Ho Chi Minh City,45-54,SG
1991,2024-02-03,Bengaluru,25-34,IN
1992,2024-09-04,Manila,45-54,TH
1993,2024-05-05,Kuala Lumpur,45-54,MM
1994,2024-01-28,Ho Chi Minh City,25-34,SG
1995,2024-06-23,Yangon,18-24,ID
1996,2024-10-03,Hanoi,18-24,IN
1997,2024-04-15,Bengaluru,18-24,IN
1998,2024-05-03,Hanoi,18-24,IN
1999,2024-11-05,Manila,55+,TH
2000,2024-07-09,Hanoi,18-24,IN
2001,2024-11-04,Ho Chi Minh City,35-44,SG
2002,2024-06-12,Bangkok,35-44,VN
2003,2024-12-14,Bengaluru,35-44,IN
2004,2024-08-26,Mumbai,18-24,ID
2005,2024-02-13,Ho Chi Minh City,25-34,SG
2006,2024-11-20,Ho Chi Minh City,35-44,SG
2007,2024-06-28,Ho Chi Minh City,25-34,SG
2008,2024-02-22,Mumbai,18-24,ID
2009,2024-02-26,Ho Chi Minh City,35-44,SG
2010,2024-09-08,Bengaluru,18-24,IN
2011,2024-01-19,Mumbai,25-34,ID
2012,2024-04-15,Bangkok,25-34,VN
2013,2024-02-22,Singapore,25-34,MY
2014,2024-06-10,Singapore,35-44,MY
2015,2024-06-01,Yangon,18-24,ID
2016,2024-07-10,Hanoi,45-54,IN
2017,2024-04-13,Manila,45-54,TH
2018,2024-01-13,Kuala Lumpur,25-34,MM
2019,2024-08-13,Bengaluru,25-34,IN
2020,2024-05-17,Hanoi,18-24,IN
2021,2024-08-26,Manila,45-54,TH
2022,2024-02-10,Kuala Lumpur,35-44,MM
2023,2024-01-07,Yangon,18-24,ID
2024,2024-04-01,Kuala Lumpur,25-34,MM
2025,2024-06-16,Yangon,18-24,ID
2026,2024-05-24,Bengaluru,25-34,IN
2027,2024-10-23,Mumbai,25-34,ID
2028,2024-05-18,Singapore,18-24,MY
2029,2024-07-13,Ho Chi Minh City,35-44,SG
2030,2024-08-05,Mumbai,25-34,ID
2031,2024-01-09,Kuala Lumpur,25-34,MM
2032,2024-07-08,Bengaluru,35-44,IN
2033,2024-05-06,Yangon,55+,ID
2034,2024-06-03,Mumbai,25-34,ID
2035,2024-02-07,Bangkok,45-54,VN
2036,2024-10-13,Hanoi,25-34,IN
2037,2024-12-10,Ho Chi Minh City,45-54,SG
2038,2024-01-10,Kuala Lumpur,25-34,MM
2039,2024-08-08,Kuala Lumpur,35-44,MM
2040,2024-10-06,Yangon,18-24,ID
2041,2024-04-14,Bangkok,55+,VN
2042,2024-10-15,Yangon,55+,ID
2043,2024-08-19,Ho Chi Minh City,25-34,SG
2044,2024-12-06,Hanoi,25-34,IN
2045,2024-12-25,Kuala Lumpur,25-34,MM
2046,2024-01-17,Mumbai,25-34,ID
2047,2024-06-12,Singapore,35-44,MY
2048,2024-07-19,Hanoi,35-44,IN
2049,2024-02-24,Mumbai,25-34,ID
2050,2024-05-03,Hanoi,18-24,IN
2051,2024-12-27,Mumbai,45-54,ID
2052,2024-01-07,Hanoi,18-24,IN
2053,2024-06-15,Kuala Lumpur,35-44,MM
2054,2024-11-04,Mumbai,18-24,ID
2055,2024-04-29,Kuala Lumpur,18-24,MM
2056,2024-06-25,Mumbai,18-24,ID
2057,2024-12-23,Ho Chi Minh City,25-34,SG
2058,2024-06-23,Yangon,35-44,ID
2059,2024-02-18,Jakarta,25-34,PH
2060,2024-01-20,Mumbai,35-44,ID
2061,2024-12-12,Bangkok,35-44,VN
2062,2024-04-08,Manila,18-24,TH
2063,2024-07-03,Bengaluru,18-24,IN
2064,2024-02-04,Bangkok,35-44,VN
2065,2024-06-04,Jakarta,35-44,PH
2066,2024-12-06,Mumbai,25-34,ID
2067,2024-07-03,Jakarta,25-34,PH
2068,2024-12-21,Bengaluru,35-44,IN
2069,2024-04-05,Yangon,18-24,ID
2070,2024-07-04,Yangon,35-44,ID
2071,2024-11-10,Manila,18-24,TH
2072,2024-06-13,Hanoi,35-44,IN
2073,2024-04-13,Bangkok,25-34,VN
2074,2024-11-09,Yangon,35-44,ID
2075,2024-05-23,Mumbai,18-24,ID
2076,2024-07-13,Jakarta,25-34,PH
2077,2024-12-23,Kuala Lumpur,18-24,MM
2078,2024-03-10,Jakarta,35-44,PH
2079,2024-04-21,Hanoi,18-24,IN
2080,2024-01-13,Bangkok,18-24,VN
2081,2024-05-24,Bangkok,35-44,VN
2082,2024-03-15,Bangkok,18-24,VN
2083,2024-09-06,Kuala Lumpur,25-34,MM
2084,2024-03-08,Bengaluru,35-44,IN
2085,2024-09-04,Kuala Lumpur,35-44,MM
2086,2024-04-07,Kuala Lumpur,45-54,MM
2087,2024-05-10,Hanoi,25-34,IN
2088,2024-05-08,Yangon,25-34,ID
2089,2024-09-19,Kuala Lumpur,35-44,MM
2090,2024-06-20,Ho Chi Minh City,18-24,SG
2091,2024-05-12,Bangkok,35-44,VN
2092,2024-11-08,Manila,18-24,TH
2093,2024-07-28,Hanoi,45-54,IN
2094,2024-03-20,Manila,35-44,TH
2095,2024-11-25,Ho Chi Minh City,25-34,SG
2096,2024-05-06,Bengaluru,25-34,IN
2097,2024-01-16,Manila,18-24,TH
2098,2024-06-30,Jakarta,25-34,PH
2099,2024-02-16,Bangkok,35-44,VN
2100,2024-03-29,Ho Chi Minh City,25-34,SG
2101,2024-09-30,Kuala Lumpur,25-34,MM
2102,2024-02-18,Bangkok,18-24,VN
2103,2024-10-22,Mumbai,35-44,ID
2104,2024-12-08,Ho Chi Minh City,25-34,SG
2105,2024-08-10,Bengaluru,18-24,IN
2106,2024-09-17,Hanoi,45-54,IN
2107,2024-09-18,Kuala Lumpur,25-34,MM
2108,2024-12-29,Jakarta,25-34,PH
2109,2024-05-05,Jakarta,55+,PH
2110,2024-03-01,Bengaluru,25-34,IN
2111,2024-07-09,Manila,45-54,TH
2112,2024-07-14,Bengaluru,35-44,IN
2113,2024-03-06,Yangon,35-44,ID
2114,2024-08-12,Mumbai,25-34,ID
2115,2024-01-07,Singapore,18-24,MY
2116,2024-12-05,Ho Chi Minh City,25-34,SG
2117,2024-04-07,Jakarta,18-24,PH
2118,2024-01-16,Hanoi,18-24,IN
2119,2024-02-10,Mumbai,25-34,ID
2120,2024-03-29,Hanoi,35-44,IN
2121,2024-04-10,Kuala Lumpur,18-24,MM
2122,2024-01-13,Singapore,35-44,MY
2123,2024-04-12,Hanoi,45-54,IN
2124,2024-03-12,Bangkok,35-44,VN
2125,2024-05-19,Jakarta,35-44,PH
2126,2024-05-21,Mumbai,35-44,ID
2127,2024-05-04,Yangon,25-34,ID
2128,2024-04-30,Bangkok,25-34,VN
2129,2024-02-03,Hanoi,45-54,IN
2130,2024-01-11,Manila,35-44,TH
2131,2024-03-15,Yangon,35-44,ID
2132,2024-10-04,Hanoi,55+,IN
2133,2024-12-28,Manila,25-34,TH
2134,2024-12-05,Bangkok,25-34,VN
2135,2024-07-04,Kuala Lumpur,35-44,MM
2136,2024-07-14,Jakarta,18-24,PH
2137,2024-04-25,Bengaluru,25-34,IN
2138,2024-10-10,Jakarta,35-44,PH
2139,2024-10-07,Ho Chi Minh City,35-44,SG
2140,2024-11-05,Mumbai,25-34,ID
2141,2024-11-23,Manila,35-44,TH
2142,2024-06-08,Yangon,18-24,ID
2143,2024-10-07,Bengaluru,45-54,IN
2144,2024-10-22,Bengaluru,18-24,IN
2145,2024-04-23,Bangkok,45-54,VN
2146,2024-12-06,Bengaluru,25-34,IN
2147,2024-02-05,Bengaluru,25-34,IN
2148,2024-12-29,Mumbai,25-34,ID
2149,2024-10-09,Mumbai,18-24,ID
2150,2024-02-05,Hanoi,25-34,IN
2151,2024-08-28,Mumbai,45-54,ID
2152,2024-01-14,Ho Chi Minh City,35-44,SG
2153,2024-10-09,Kuala Lumpur,18-24,MM
2154,2024-10-19,Singapore,35-44,MY
2155,2024-08-08,Singapore,45-54,MY
2156,2024-11-09,Manila,35-44,TH
2157,2024-02-06,Hanoi,25-34,IN
2158,2024-04-11,Bengaluru,18-24,IN
2159,2024-06-01,Mumbai,45-54,ID
2160,2024-01-17,Hanoi,25-34,IN
2161,2024-06-13,Bengaluru,25-34,IN
2162,2024-04-07,Mumbai,35-44,ID
2163,2024-05-24,Mumbai,25-34,ID
2164,2024-06-05,Bengaluru,35-44,IN
2165,2024-11-17,Mumbai,18-24,ID
2166,2024-04-09,Ho Chi Minh City,35-44,SG
2167,2024-11-23,Singapore,55+,MY
2168,2024-06-05,Bengaluru,55+,IN
2169,2024-04-30,Yangon,45-54,ID
2170,2024-07-03,Bengaluru,45-54,IN
2171,2024-06-02,Singapore,25-34,MY
2172,2024-04-04,Hanoi,55+,IN
2173,2024-07-03,Ho Chi Minh City,45-54,SG
2174,2024-02-26,Bangkok,25-34,VN
2175,2024-05-09,Mumbai,25-34,ID
2176,2024-07-26,Jakarta,18-24,PH
2177,2024-05-31,Hanoi,25-34,IN
2178,2024-10-28,Manila,35-44,TH
2179,2024-04-04,Bengaluru,25-34,IN
2180,2024-12-20,Kuala Lumpur,25-34,MM
2181,2024-10-14,Singapore,25-34,MY
2182,2024-12-20,Bengaluru,18-24,IN
2183,2024-11-02,Bengaluru,55+,IN
2184,2024-02-22,Mumbai,25-34,ID
2185,2024-07-12,Bengaluru,18-24,IN
2186,2024-03-04,Singapore,18-24,MY
2187,2024-10-26,Mumbai,45-54,ID
2188,2024-08-02,Singapore,45-54,MY
2189,2024-04-07,Mumbai,18-24,ID
2190,2024-12-06,Yangon,18-24,ID
2191,2024-02-13,Kuala Lumpur,25-34,MM
2192,2024-07-25,Manila,18-24,TH
2193,2024-09-21,Bangkok,35-44,VN
2194,2024-01-23,Bengaluru,18-24,IN
2195,2024-08-07,Bengaluru,25-34,IN
2196,2024-10-25,Ho Chi Minh City,25-34,SG
2197,2024-01-26,Bengaluru,25-34,IN
2198,2024-07-06,Singapore,25-34,MY
2199,2024-04-05,Manila,18-24,TH
2200,2024-08-30,Mumbai,25-34,ID
2201,2024-02-14,Ho Chi Minh City,18-24,SG
2202,2024-12-09,Ho Chi Minh City,18-24,SG
2203,2024-11-23,Kuala Lumpur,55+,MM
2204,2024-03-09,Mumbai,25-34,ID
2205,2024-04-28,Ho Chi Minh City,25-34,SG
2206,2024-08-03,Hanoi,18-24,IN
2207,2024-09-20,Jakarta,35-44,PH
2208,2024-06-11,Hanoi,45-54,IN
2209,2024-02-28,Kuala Lumpur,35-44,MM
2210,2024-02-09,Bangkok,35-44,VN
2211,2024-12-31,Hanoi,35-44,IN
2212,2024-06-16,Yangon,25-34,ID
2213,2024-11-15,Jakarta,45-54,PH
2214,2024-06-26,Yangon,35-44,ID
2215,2024-12-03,Bengaluru,18-24,IN
2216,2024-02-03,Mumbai,25-34,ID
2217,2024-02-12,Bengaluru,25-34,IN
2218,2024-12-06,Manila,18-24,TH
2219,2024-12-12,Yangon,45-54,ID
2220,2024-04-25,Singapore,18-24,MY
2221,2024-05-10,Singapore,35-44,MY
2222,2024-06-15,Bengaluru,55+,IN
2223,2024-06-01,Ho Chi Minh City,25-34,SG
2224,2024-03-11,Manila,25-34,TH
2225,2024-11-24,Bangkok,35-44,VN
2226,2024-04-03,Jakarta,35-44,PH
2227,2024-09-15,Jakarta,25-34,PH
2228,2024-01-26,Yangon,25-34,ID
2229,2024-01-16,Ho Chi Minh City,35-44,SG
2230,2024-08-27,Bangkok,45-54,VN
2231,2024-05-04,Bengaluru,25-34,IN
2232,2024-08-28,Kuala Lumpur,25-34,MM
2233,2024-02-05,Bangkok,55+,VN
2234,2024-12-13,Manila,18-24,TH
2235,2024-10-01,Singapore,18-24,MY
2236,2024-11-16,Mumbai,25-34,ID
2237,2024-02-20,Ho Chi Minh City,18-24,SG
2238,2024-04-27,Hanoi,18-24,IN
2239,2024-05-15,Bangkok,35-44,VN
2240,2024-07-16,Bengaluru,35-44,IN
2241,2024-04-19,Jakarta,25-34,PH
2242,2024-01-24,Bengaluru,25-34,IN
2243,2024-05-15,Ho Chi Minh City,25-34,SG
2244,2024-04-03,Manila,35-44,TH
2245,2024-05-21,Mumbai,35-44,ID
2246,2024-03-13,Singapore,35-44,MY
2247,2024-04-06,Mumbai,35-44,ID
2248,2024-08-17,Manila,45-54,TH
2249,2024-05-22,Yangon,35-44,ID
2250,2024-05-07,Bengaluru,18-24,IN
2251,2024-07-14,Jakarta,55+,PH
2252,2024-10-09,Manila,45-54,TH
2253,2024-05-19,Ho Chi Minh City,25-34,SG
2254,2024-08-03,Jakarta,18-24,PH
2255,2024-12-19,Yangon,35-44,ID
2256,2024-07-10,Bengaluru,25-34,IN
2257,2024-11-29,Yangon,35-44,ID
2258,2024-10-17,Ho Chi Minh City,25-34,SG
2259,2024-01-23,Bengaluru,18-24,IN
2260,2024-06-06,Mumbai,25-34,ID
2261,2024-09-12,Mumbai,45-54,ID
2262,2024-12-27,Jakarta,18-24,PH
2263,2024-06-17,Manila,35-44,TH
2264,2024-02-04,Singapore,25-34,MY
2265,2024-07-25,Manila,25-34,TH
2266,2024-02-17,Kuala Lumpur,25-34,MM
2267,2024-10-02,Jakarta,25-34,PH
2268,2024-07-05,Jakarta,35-44,PH
2269,2024-09-22,Jakarta,35-44,PH
2270,2024-11-14,Manila,18-24,TH
2271,2024-08-18,Hanoi,25-34,IN
2272,2024-08-12,Jakarta,35-44,PH
2273,2024-10-03,Jakarta,35-44,PH
2274,2024-11-04,Yangon,25-34,ID
2275,2024-11-14,Singapore,35-44,MY
2276,2024-01-15,Mumbai,18-24,ID
2277,2024-07-23,Hanoi,18-24,IN
2278,2024-03-20,Mumbai,35-44,ID
2279,2024-11-11,Mumbai,35-44,ID
2280,2024-08-25,Bangkok,35-44,VN
2281,2024-06-03,Singapore,18-24,MY
2282,2024-03-10,Mumbai,25-34,ID
2283,2024-05-04,Kuala Lumpur,35-44,MM
2284,2024-09-14,Mumbai,25-34,ID
2285,2024-03-16,Kuala Lumpur,25-34,MM
2286,2024-02-05,Bengaluru,35-44,IN
2287,2024-11-21,Bangkok,18-24,VN
2288,2024-10-06,Singapore,25-34,MY
2289,2024-03-14,Jakarta,18-24,PH
2290,2024-04-17,Singapore,45-54,MY
2291,2024-12-21,Singapore,25-34,MY
2292,2024-09-16,Singapore,18-24,MY
2293,2024-08-11,Manila,18-24,TH
2294,2024-04-23,Kuala Lumpur,18-24,MM
2295,2024-04-20,Kuala Lumpur,18-24,MM
2296,2024-01-16,Manila,35-44,TH
2297,2024-09-23,Kuala Lumpur,18-24,MM
2298,2024-01-17,Yangon,25-34,ID
2299,2024-01-03,Hanoi,18-24,IN
2300,2024-09-24,Kuala Lumpur,25-34,MM
2301,2024-12-13,Kuala Lumpur,18-24,MM
2302,2024-10-04,Hanoi,35-44,IN
2303,2024-06-22,Jakarta,35-44,PH
2304,2024-06-27,Kuala Lumpur,35-44,MM
2305,2024-06-09,Mumbai,25-34,ID
2306,2024-04-29,Manila,45-54,TH
2307,2024-07-10,Yangon,35-44,ID
2308,2024-06-07,Jakarta,18-24,PH
2309,2024-08-07,Hanoi,25-34,IN
2310,2024-11-24,Bangkok,35-44,VN
2311,2024-12-30,Jakarta,25-34,PH
2312,2024-01-30,Bengaluru,25-34,IN
2313,2024-05-21,Ho Chi Minh City,35-44,SG
2314,2024-03-07,Bangkok,18-24,VN
2315,2024-05-09,Ho Chi Minh City,55+,SG
2316,2024-04-15,Bengaluru,18-24,IN
2317,2024-03-05,Jakarta,18-24,PH
2318,2024-10-06,Bengaluru,18-24,IN
2319,2024-07-01,Manila,25-34,TH
2320,2024-12-02,Yangon,45-54,ID
2321,2024-01-13,Mumbai,35-44,ID
2322,2024-01-26,Singapore,45-54,MY
2323,2024-05-28,Bengaluru,25-34,IN
2324,2024-01-31,Ho Chi Minh City,25-34,SG
2325,2024-04-06,Yangon,25-34,ID
2326,2024-12-26,Manila,18-24,TH
2327,2024-03-18,Mumbai,45-54,ID
2328,2024-03-14,Ho Chi Minh City,25-34,SG
2329,2024-07-29,Jakarta,25-34,PH
2330,2024-07-01,Hanoi,25-34,IN
2331,2024-07-31,Hanoi,35-44,IN
2332,2024-05-18,Singapore,25-34,MY
2333,2024-10-29,Singapore,35-44,MY
2334,2024-02-21,Singapore,35-44,MY
2335,2024-06-06,Kuala Lumpur,45-54,MM
2336,2024-09-09,Bangkok,18-24,VN
2337,2024-11-13,Yangon,18-24,ID
2338,2024-05-15,Manila,25-34,TH
2339,2024-07-27,Bengaluru,45-54,IN
2340,2024-01-27,Singapore,55+,MY
2341,2024-03-04,Singapore,25-34,MY
2342,2024-01-27,Yangon,18-24,ID
2343,2024-09-23,Manila,18-24,TH
2344,2024-04-16,Bangkok,35-44,VN
2345,2024-09-22,Ho Chi Minh City,18-24,SG
2346,2024-01-26,Manila,25-34,TH
2347,2024-11-11,Kuala Lumpur,35-44,MM
2348,2024-11-01,Bangkok,25-34,VN
2349,2024-02-03,Kuala Lumpur,25-34,MM
2350,2024-01-10,Bangkok,18-24,VN
2351,2024-01-22,Jakarta,25-34,PH
2352,2024-11-08,Yangon,35-44,ID
2353,2024-03-27,Ho Chi Minh City,25-34,SG
2354,2024-07-20,Kuala Lumpur,18-24,MM
2355,2024-06-05,Ho Chi Minh City,18-24,SG
2356,2024-10-18,Manila,18-24,TH
2357,2024-06-28,Yangon,35-44,ID
2358,2024-07-02,Manila,35-44,TH
2359,2024-12-28,Yangon,25-34,ID
2360,2024-02-25,Bangkok,25-34,VN
2361,2024-10-31,Bengaluru,18-24,IN
2362,2024-01-20,Bengaluru,25-34,IN
2363,2024-06-24,Yangon,18-24,ID
2364,2024-11-20,Ho Chi Minh City,45-54,SG
2365,2024-08-31,Manila,18-24,TH
2366,2024-09-08,Hanoi,25-34,IN
2367,2024-04-07,Singapore,18-24,MY
2368,2024-06-02,Singapore,35-44,MY
2369,2024-05-14,Singapore,18-24,MY
2370,2024-07-10,Mumbai,45-54,ID
2371,2024-06-18,Bengaluru,18-24,IN
2372,2024-04-30,Kuala Lumpur,35-44,MM
2373,2024-04-22,Bengaluru,35-44,IN
2374,2024-04-02,Kuala Lumpur,25-34,MM
2375,2024-05-14,Mumbai,18-24,ID
2376,2024-02-25,Jakarta,25-34,PH
2377,2024-11-15,Kuala Lumpur,35-44,MM
2378,2024-08-08,Singapore,45-54,MY
2379,2024-02-19,Kuala Lumpur,18-24,MM
2380,2024-09-11,Singapore,25-34,MY
2381,2024-11-06,Bengaluru,25-34,IN
2382,2024-03-28,Hanoi,18-24,IN
2383,2024-02-25,Jakarta,35-44,PH
2384,2024-01-05,Mumbai,25-34,ID
2385,2024-01-19,Hanoi,25-34,IN
2386,2024-10-06,Mumbai,45-54,ID
2387,2024-12-27,Ho Chi Minh City,35-44,SG
2388,2024-01-18,Bangkok,35-44,VN
2389,2024-10-01,Kuala Lumpur,18-24,MM
2390,2024-01-28,Bengaluru,45-54,IN
2391,2024-08-05,Mumbai,25-34,ID
2392,2024-10-03,Bangkok,25-34,VN
2393,2024-05-12,Bangkok,18-24,VN
2394,2024-01-05,Kuala Lumpur,45-54,MM
2395,2024-08-06,Singapore,25-34,MY
2396,2024-12-28,Mumbai,35-44,ID
2397,2024-04-05,Yangon,35-44,ID
2398,2024-03-11,Bangkok,35-44,VN
2399,2024-02-16,Yangon,35-44,ID
2400,2024-07-22,Yangon,45-54,ID
2401,2024-08-06,Bengaluru,25-34,IN
2402,2024-10-17,Ho Chi Minh City,18-24,SG
2403,2024-10-02,Bangkok,35-44,VN
2404,2024-11-22,Bangkok,25-34,VN
2405,2024-10-22,Manila,25-34,TH
2406,2024-04-01,Ho Chi Minh City,35-44,SG
2407,2024-07-22,Bangkok,25-34,VN
2408,2024-04-19,Mumbai,35-44,ID
2409,2024-05-01,Jakarta,25-34,PH
2410,2024-12-07,Mumbai,45-54,ID
2411,2024-09-06,Hanoi,18-24,IN
2412,2024-12-22,Singapore,35-44,MY
2413,2024-06-02,Manila,45-54,TH
2414,2024-07-16,Manila,25-34,TH
2415,2024-06-27,Bengaluru,25-34,IN
2416,2024-02-10,Jakarta,25-34,PH
2417,2024-03-28,Yangon,25-34,ID
2418,2024-07-12,Bengaluru,25-34,IN
2419,2024-01-26,Mumbai,18-24,ID
2420,2024-12-06,Hanoi,45-54,IN
2421,2024-02-16,Ho Chi Minh City,18-24,SG
2422,2024-03-14,Bengaluru,25-34,IN
2423,2024-10-07,Bangkok,25-34,VN
2424,2024-02-06,Kuala Lumpur,18-24,MM
2425,2024-11-25,Manila,18-24,TH
2426,2024-09-22,Manila,55+,TH
2427,2024-01-27,Singapore,35-44,MY
2428,2024-09-10,Ho Chi Minh City,18-24,SG
2429,2024-08-19,Yangon,35-44,ID
2430,2024-10-04,Jakarta,25-34,PH
2431,2024-10-30,Jakarta,18-24,PH
2432,2024-09-20,Mumbai,35-44,ID
2433,2024-08-02,Singapore,25-34,MY
2434,2024-04-28,Ho Chi Minh City,18-24,SG
2435,2024-09-12,Manila,45-54,TH
2436,2024-12-16,Singapore,25-34,MY
2437,2024-08-03,Manila,25-34,TH
2438,2024-08-31,Mumbai,25-34,ID
2439,2024-06-09,Ho Chi Minh City,35-44,SG
2440,2024-10-03,Bangkok,35-44,VN
2441,2024-12-31,Bangkok,45-54,VN
2442,2024-02-29,Bangkok,25-34,VN
2443,2024-03-15,Yangon,35-44,ID
2444,2024-07-16,Jakarta,25-34,PH
2445,2024-06-25,Jakarta,25-34,PH
2446,2024-07-28,Ho Chi Minh City,18-24,SG
2447,2024-01-19,Bengaluru,35-44,IN
2448,2024-05-28,Mumbai,25-34,ID
2449,2024-08-01,Ho Chi Minh City,35-44,SG
2450,2024-08-02,Ho Chi Minh City,25-34,SG
2451,2024-08-28,Singapore,18-24,MY
2452,2024-09-20,Mumbai,55+,ID
2453,2024-08-23,Hanoi,35-44,IN
2454,2024-10-16,Bangkok,25-34,VN
2455,2024-08-17,Mumbai,35-44,ID
2456,2024-07-16,Manila,25-34,TH
2457,2024-08-10,Jakarta,35-44,PH
2458,2024-02-07,Bangkok,18-24,VN
2459,2024-04-10,Bangkok,25-34,VN
2460,2024-07-12,Bangkok,25-34,VN
2461,2024-11-15,Bangkok,25-34,VN
2462,2024-09-05,Yangon,25-34,ID
2463,2024-02-03,Yangon,18-24,ID
2464,2024-08-05,Bangkok,55+,VN
2465,2024-03-22,Yangon,18-24,ID
2466,2024-09-25,Hanoi,18-24,IN
2467,2024-10-30,Hanoi,25-34,IN
2468,2024-08-05,Jakarta,35-44,PH
2469,2024-08-04,Bangkok,18-24,VN
2470,2024-05-04,Manila,25-34,TH
2471,2024-06-12,Bengaluru,35-44,IN
2472,2024-11-12,Bengaluru,18-24,IN
2473,2024-09-22,Singapore,55+,MY
2474,2024-07-09,Bangkok,25-34,VN
2475,2024-05-15,Hanoi,35-44,IN
2476,2024-01-20,Singapore,18-24,MY
2477,2024-02-23,Bengaluru,35-44,IN
2478,2024-03-12,Hanoi,45-54,IN
2479,2024-05-17,Bangkok,18-24,VN
2480,2024-12-11,Ho Chi Minh City,18-24,SG
2481,2024-07-04,Yangon,25-34,ID
2482,2024-03-27,Singapore,18-24,MY
2483,2024-02-09,Bengaluru,55+,IN
2484,2024-05-04,Mumbai,25-34,ID
2485,2024-10-25,Bangkok,35-44,VN
2486,2024-05-20,Bengaluru,55+,IN
2487,2024-10-09,Mumbai,35-44,ID
2488,2024-10-20,Kuala Lumpur,35-44,MM
2489,2024-02-11,Mumbai,25-34,ID
2490,2024-08-11,Mumbai,25-34,ID
2491,2024-12-17,Ho Chi Minh City,25-34,SG
2492,2024-05-27,Bengaluru,25-34,IN
2493,2024-01-20,Jakarta,25-34,PH
2494,2024-12-04,Yangon,18-24,ID
2495,2024-11-19,Singapore,25-34,MY
2496,2024-07-10,Yangon,25-34,ID
2497,2024-07-21,Manila,25-34,TH
2498,2024-03-19,Singapore,18-24,MY
2499,2024-10-27,Jakarta,25-34,PH
2500,2024-07-01,Manila,25-34,TH
2501,2024-01-14,Mumbai,35-44,ID
2502,2024-09-07,Hanoi,35-44,IN
2503,2024-12-13,Mumbai,18-24,ID
2504,2024-10-30,Jakarta,18-24,PH
2505,2024-04-12,Bangkok,25-34,VN
2506,2024-01-21,Bangkok,18-24,VN
2507,2024-12-10,Manila,25-34,TH
2508,2024-12-09,Manila,55+,TH
2509,2024-07-14,Jakarta,18-24,PH
2510,2024-08-23,Yangon,25-34,ID
2511,2024-06-18,Ho Chi Minh City,35-44,SG
2512,2024-06-03,Yangon,25-34,ID
2513,2024-02-14,Yangon,18-24,ID
2514,2024-02-06,Singapore,18-24,MY
2515,2024-03-26,Hanoi,45-54,IN
2516,2024-11-02,Mumbai,18-24,ID
2517,2024-02-24,Yangon,35-44,ID
2518,2024-03-24,Bangkok,35-44,VN
2519,2024-07-20,Kuala Lumpur,25-34,MM
2520,2024-03-20,Jakarta,35-44,PH
2521,2024-03-01,Bengaluru,18-24,IN
2522,2024-07-25,Hanoi,25-34,IN
2523,2024-05-15,Bangkok,25-34,VN
2524,2024-08-17,Mumbai,55+,ID
2525,2024-11-29,Singapore,18-24,MY
2526,2024-02-26,Bengaluru,18-24,IN
2527,2024-11-30,Bangkok,45-54,VN
2528,2024-11-26,Kuala Lumpur,18-24,MM
2529,2024-10-30,Kuala Lumpur,45-54,MM
2530,2024-08-19,Bangkok,35-44,VN
2531,2024-08-15,Manila,25-34,TH
2532,2024-08-22,Hanoi,35-44,IN
2533,2024-09-10,Mumbai,35-44,ID
2534,2024-01-08,Bengaluru,18-24,IN
2535,2024-12-16,Mumbai,55+,ID
2536,2024-08-02,Hanoi,45-54,IN
2537,2024-10-13,Bangkok,45-54,VN
2538,2024-05-18,Bengaluru,35-44,IN
2539,2024-01-06,Mumbai,25-34,ID
2540,2024-07-06,Bengaluru,25-34,IN
2541,2024-07-05,Hanoi,18-24,IN
2542,2024-06-09,Bangkok,25-34,VN
2543,2024-05-04,Bengaluru,35-44,IN
2544,2024-04-02,Jakarta,35-44,PH
2545,2024-07-12,Singapore,25-34,MY
2546,2024-05-17,Ho Chi Minh City,25-34,SG
2547,2024-12-21,Hanoi,35-44,IN
2548,2024-03-05,Bengaluru,25-34,IN
2549,2024-04-27,Bengaluru,55+,IN
2550,2024-04-18,Bengaluru,35-44,IN
2551,2024-07-18,Manila,18-24,TH
2552,2024-07-02,Kuala Lumpur,18-24,MM
2553,2024-08-23,Singapore,35-44,MY
2554,2024-12-13,Jakarta,25-34,PH
2555,2024-04-15,Singapore,35-44,MY
2556,2024-09-10,Singapore,18-24,MY
2557,2024-01-11,Mumbai,18-24,ID
2558,2024-04-06,Kuala Lumpur,25-34,MM
2559,2024-06-19,Bangkok,35-44,VN
2560,2024-01-13,Bengaluru,55+,IN
2561,2024-08-14,Manila,45-54,TH
2562,2024-09-05,Kuala Lumpur,25-34,MM
2563,2024-09-30,Singapore,35-44,MY
2564,2024-07-08,Jakarta,18-24,PH
2565,2024-08-09,Kuala Lumpur,25-34,MM
2566,2024-05-25,Manila,45-54,TH
2567,2024-01-17,Bangkok,25-34,VN
2568,2024-02-07,Bengaluru,55+,IN
2569,2024-08-28,Yangon,25-34,ID
2570,2024-12-30,Hanoi,18-24,IN
2571,2024-01-07,Mumbai,25-34,ID
2572,2024-07-23,Ho Chi Minh City,45-54,SG
2573,2024-10-02,Kuala Lumpur,25-34,MM
2574,2024-10-29,Ho Chi Minh City,35-44,SG
2575,2024-07-18,Jakarta,18-24,PH
2576,2024-08-15,Yangon,35-44,ID
2577,2024-09-12,Jakarta,25-34,PH
2578,2024-11-10,Manila,18-24,TH
2579,2024-02-15,Manila,35-44,TH
2580,2024-12-05,Hanoi,35-44,IN
2581,2024-01-11,Ho Chi Minh City,25-34,SG
2582,2024-11-02,Kuala Lumpur,25-34,MM
2583,2024-01-30,Yangon,18-24,ID
2584,2024-03-13,Yangon,55+,ID
2585,2024-01-03,Hanoi,35-44,IN
2586,2024-06-12,Yangon,35-44,ID
2587,2024-05-03,Yangon,35-44,ID
2588,2024-03-02,Yangon,35-44,ID
2589,2024-06-14,Singapore,18-24,MY
2590,2024-05-27,Mumbai,25-34,ID
2591,2024-10-08,Mumbai,35-44,ID
2592,2024-11-22,Kuala Lumpur,18-24,MM
2593,2024-08-27,Manila,18-24,TH
2594,2024-02-16,Hanoi,35-44,IN
2595,2024-04-18,Yangon,45-54,ID
2596,2024-11-30,Singapore,35-44,MY
2597,2024-02-03,Kuala Lumpur,18-24,MM
2598,2024-05-29,Jakarta,55+,PH
2599,2024-12-11,Bangkok,18-24,VN
2600,2024-12-13,Yangon,25-34,ID
2601,2024-05-31,Hanoi,55+,IN
2602,2024-09-01,Jakarta,35-44,PH
2603,2024-06-16,Yangon,45-54,ID
2604,2024-10-03,Bangkok,35-44,VN
2605,2024-01-13,Hanoi,35-44,IN
2606,2024-02-23,Ho Chi Minh City,25-34,SG
2607,2024-08-13,Singapore,25-34,MY
2608,2024-03-26,Mumbai,45-54,ID
2609,2024-09-01,Manila,45-54,TH
2610,2024-05-09,Kuala Lumpur,25-34,MM
2611,2024-11-20,Hanoi,25-34,IN
2612,2024-10-27,Bengaluru,25-34,IN
2613,2024-06-29,Bengaluru,25-34,IN
2614,2024-10-10,Singapore,45-54,MY
2615,2024-04-09,Bangkok,18-24,VN
2616,2024-06-30,Hanoi,25-34,IN
2617,2024-03-14,Bengaluru,45-54,IN
2618,2024-11-11,Manila,25-34,TH
2619,2024-10-28,Bengaluru,25-34,IN
2620,2024-11-26,Kuala Lumpur,25-34,MM
2621,2024-11-17,Hanoi,18-24,IN
2622,2024-12-17,Mumbai,25-34,ID
2623,2024-03-25,Manila,18-24,TH
2624,2024-12-07,Hanoi,18-24,IN
2625,2024-07-28,Bengaluru,18-24,IN
2626,2024-06-04,Yangon,25-34,ID
2627,2024-07-24,Hanoi,18-24,IN
2628,2024-05-06,Mumbai,55+,ID
2629,2024-04-16,Mumbai,18-24,ID
2630,2024-03-30,Singapore,25-34,MY
2631,2024-02-01,Bengaluru,45-54,IN
2632,2024-07-01,Ho Chi Minh City,18-24,SG
2633,2024-11-21,Bengaluru,25-34,IN
2634,2024-08-19,Ho Chi Minh City,45-54,SG
2635,2024-07-10,Manila,25-34,TH
2636,2024-06-06,Kuala Lumpur,18-24,MM
2637,2024-06-19,Hanoi,35-44,IN
2638,2024-03-18,Bangkok,35-44,VN
2639,2024-10-28,Singapore,25-34,MY
2640,2024-03-14,Singapore,18-24,MY
2641,2024-09-19,Yangon,18-24,ID
2642,2024-10-05,Jakarta,35-44,PH
2643,2024-07-29,Jakarta,25-34,PH
2644,2024-11-11,Manila,18-24,TH
2645,2024-04-17,Kuala Lumpur,25-34,MM
2646,2024-11-18,Hanoi,45-54,IN
2647,2024-09-24,Jakarta,18-24,PH
2648,2024-10-19,Mumbai,18-24,ID
2649,2024-08-31,Singapore,25-34,MY
2650,2024-11-05,Ho Chi Minh City,35-44,SG
2651,2024-12-29,Manila,25-34,TH
2652,2024-06-03,Mumbai,45-54,ID
2653,2024-10-25,Hanoi,18-24,IN
2654,2024-09-29,Hanoi,25-34,IN
2655,2024-06-15,Kuala Lumpur,25-34,MM
2656,2024-12-05,Ho Chi Minh City,25-34,SG
2657,2024-05-24,Jakarta,25-34,PH
2658,2024-07-26,Bangkok,35-44,VN
2659,2024-02-09,Bengaluru,25-34,IN
2660,2024-03-24,Jakarta,35-44,PH
2661,2024-11-03,Bangkok,18-24,VN
2662,2024-05-25,Bangkok,25-34,VN
2663,2024-05-24,Bengaluru,25-34,IN
2664,2024-03-31,Yangon,25-34,ID
2665,2024-06-29,Jakarta,18-24,PH
2666,2024-10-22,Ho Chi Minh City,55+,SG
2667,2024-11-23,Bangkok,45-54,VN
2668,2024-01-27,Bangkok,35-44,VN
2669,2024-07-29,Hanoi,45-54,IN
2670,2024-06-20,Kuala Lumpur,18-24,MM
2671,2024-08-13,Hanoi,25-34,IN
2672,2024-06-13,Manila,25-34,TH
2673,2024-05-26,Jakarta,45-54,PH
2674,2024-06-22,Bangkok,18-24,VN
2675,2024-08-01,Ho Chi Minh City,18-24,SG
2676,2024-07-02,Manila,35-44,TH
2677,2024-06-22,Bangkok,18-24,VN
2678,2024-10-26,Mumbai,35-44,ID
2679,2024-09-30,Ho Chi Minh City,25-34,SG
2680,2024-05-05,Kuala Lumpur,35-44,MM
2681,2024-10-20,Ho Chi Minh City,45-54,SG
2682,2024-11-08,Hanoi,35-44,IN
2683,2024-02-27,Yangon,18-24,ID
2684,2024-08-01,Yangon,18-24,ID
2685,2024-04-15,Bengaluru,18-24,IN
2686,2024-09-27,Hanoi,18-24,IN
2687,2024-03-29,Manila,25-34,TH
2688,2024-09-03,Bangkok,25-34,VN
2689,2024-04-04,Bangkok,25-34,VN
2690,2024-07-06,Jakarta,18-24,PH
2691,2024-12-13,Hanoi,45-54,IN
2692,2024-05-20,Singapore,18-24,MY
2693,2024-11-16,Yangon,25-34,ID
2694,2024-12-27,Yangon,25-34,ID
2695,2024-11-16,Bangkok,18-24,VN
2696,2024-03-02,Kuala Lumpur,45-54,MM
2697,2024-10-27,Ho Chi Minh City,18-24,SG
2698,2024-01-13,Bangkok,35-44,VN
2699,2024-05-24,Kuala Lumpur,35-44,MM
2700,2024-11-14,Singapore,35-44,MY
2701,2024-09-09,Yangon,35-44,ID
2702,2024-07-14,Kuala Lumpur,35-44,MM
2703,2024-05-22,Singapore,25-34,MY
2704,2024-10-24,Yangon,25-34,ID
2705,2024-09-16,Mumbai,35-44,ID
2706,2024-06-20,Kuala Lumpur,25-34,MM
2707,2024-11-22,Manila,25-34,TH
2708,2024-03-25,Bangkok,18-24,VN
2709,2024-03-04,Kuala Lumpur,25-34,MM
2710,2024-08-23,Jakarta,25-34,PH
2711,2024-12-21,Hanoi,18-24,IN
2712,2024-04-01,Bangkok,25-34,VN
2713,2024-04-02,Manila,18-24,TH
2714,2024-02-21,Manila,25-34,TH
2715,2024-11-11,Bangkok,35-44,VN
2716,2024-03-24,Yangon,25-34,ID
2717,2024-07-03,Mumbai,35-44,ID
2718,2024-12-28,Ho Chi Minh City,18-24,SG
2719,2024-01-06,Hanoi,18-24,IN
2720,2024-07-23,Bangkok,35-44,VN
2721,2024-07-06,Ho Chi Minh City,35-44,SG
2722,2024-10-22,Manila,35-44,TH
2723,2024-05-10,Mumbai,35-44,ID
2724,2024-05-30,Singapore,35-44,MY
2725,2024-03-03,Yangon,35-44,ID
2726,2024-09-28,Ho Chi Minh City,35-44,SG
2727,2024-10-14,Bangkok,35-44,VN
2728,2024-02-20,Mumbai,18-24,ID
2729,2024-05-24,Yangon,18-24,ID
2730,2024-11-22,Hanoi,25-34,IN
2731,2024-01-02,Yangon,25-34,ID
2732,2024-04-20,Manila,35-44,TH
2733,2024-07-22,Singapore,25-34,MY
2734,2024-05-02,Bangkok,25-34,VN
2735,2024-04-10,Jakarta,35-44,PH
2736,2024-06-17,Jakarta,25-34,PH
2737,2024-03-08,Manila,35-44,TH
2738,2024-07-13,Ho Chi Minh City,18-24,SG
2739,2024-09-15,Mumbai,25-34,ID
2740,2024-07-29,Kuala Lumpur,25-34,MM
2741,2024-02-04,Bangkok,25-34,VN
2742,2024-11-05,Hanoi,18-24,IN
2743,2024-03-05,Jakarta,25-34,PH
2744,2024-10-07,Bengaluru,25-34,IN
2745,2024-05-12,Manila,25-34,TH
2746,2024-10-13,Yangon,35-44,ID
2747,2024-03-17,Manila,18-24,TH
2748,2024-03-10,Kuala Lumpur,25-34,MM
2749,2024-07-01,Hanoi,18-24,IN
2750,2024-01-14,Jakarta,45-54,PH
2751,2024-03-24,Singapore,35-44,MY
2752,2024-09-22,Jakarta,55+,PH
2753,2024-11-02,Manila,45-54,TH
2754,2024-01-31,Jakarta,25-34,PH
2755,2024-11-18,Singapore,35-44,MY
2756,2024-10-19,Hanoi,25-34,IN
2757,2024-11-14,Jakarta,45-54,PH
2758,2024-09-12,Jakarta,25-34,PH
2759,2024-09-04,Hanoi,25-34,IN
2760,2024-07-11,Bangkok,45-54,VN
2761,2024-08-27,Ho Chi Minh City,35-44,SG
2762,2024-12-02,Kuala Lumpur,55+,MM
2763,2024-02-07,Mumbai,18-24,ID
2764,2024-04-26,Hanoi,25-34,IN
2765,2024-01-28,Manila,25-34,TH
2766,2024-12-11,Singapore,25-34,MY
2767,2024-06-12,Bangkok,25-34,VN
2768,2024-09-04,Kuala Lumpur,25-34,MM
2769,2024-11-04,Singapore,35-44,MY
2770,2024-12-28,Mumbai,25-34,ID
2771,2024-03-01,Mumbai,35-44,ID
2772,2024-10-19,Hanoi,45-54,IN
2773,2024-11-20,Ho Chi Minh City,35-44,SG
2774,2024-01-19,Jakarta,25-34,PH
2775,2024-10-03,Mumbai,18-24,ID
2776,2024-05-10,Mumbai,18-24,ID
2777,2024-08-25,Yangon,35-44,ID
2778,2024-07-07,Yangon,25-34,ID
2779,2024-04-05,Manila,18-24,TH
2780,2024-02-20,Jakarta,55+,PH
2781,2024-02-13,Bangkok,35-44,VN
2782,2024-02-08,Mumbai,45-54,ID
2783,2024-08-21,Ho Chi Minh City,25-34,SG
2784,2024-05-09,Singapore,55+,MY
2785,2024-03-21,Yangon,18-24,ID
2786,2024-09-10,Manila,18-24,TH
2787,2024-09-08,Mumbai,45-54,ID
2788,2024-07-16,Mumbai,45-54,ID
2789,2024-12-08,Manila,25-34,TH
2790,2024-05-21,Singapore,18-24,MY
2791,2024-11-02,Bengaluru,25-34,IN
2792,2024-01-29,Kuala Lumpur,35-44,MM
2793,2024-09-28,Bangkok,45-54,VN
2794,2024-12-27,Kuala Lumpur,25-34,MM
2795,2024-11-06,Bangkok,18-24,VN
2796,2024-07-31,Mumbai,35-44,ID
2797,2024-08-17,Bengaluru,35-44,IN
2798,2024-05-09,Ho Chi Minh City,25-34,SG
2799,2024-09-06,Ho Chi Minh City,25-34,SG
2800,2024-10-09,Hanoi,55+,IN
2801,2024-12-31,Hanoi,25-34,IN
2802,2024-06-29,Mumbai,25-34,ID
2803,2024-01-24,Manila,35-44,TH
2804,2024-08-06,Jakarta,25-34,PH
2805,2024-02-14,Mumbai,45-54,ID
2806,2024-03-31,Bengaluru,35-44,IN
2807,2024-05-01,Bengaluru,25-34,IN
2808,2024-09-24,Ho Chi Minh City,18-24,SG
2809,2024-03-09,Mumbai,35-44,ID
2810,2024-03-02,Mumbai,18-24,ID
2811,2024-01-18,Mumbai,18-24,ID
2812,2024-11-15,Kuala Lumpur,25-34,MM
2813,2024-09-11,Singapore,25-34,MY
2814,2024-01-16,Yangon,55+,ID
2815,2024-01-12,Mumbai,35-44,ID
2816,2024-07-23,Jakarta,45-54,PH
2817,2024-04-14,Bangkok,25-34,VN
2818,2024-08-06,Singapore,25-34,MY
2819,2024-06-08,Mumbai,55+,ID
2820,2024-12-04,Jakarta,25-34,PH
2821,2024-04-16,Bangkok,35-44,VN
2822,2024-09-05,Bengaluru,25-34,IN
2823,2024-01-21,Manila,25-34,TH
2824,2024-12-15,Kuala Lumpur,25-34,MM
2825,2024-12-24,Ho Chi Minh City,18-24,SG
2826,2024-09-27,Bangkok,18-24,VN
2827,2024-06-19,Bangkok,25-34,VN
2828,2024-03-22,Yangon,18-24,ID
2829,2024-10-24,Ho Chi Minh City,25-34,SG
2830,2024-09-26,Ho Chi Minh City,45-54,SG
2831,2024-03-23,Yangon,25-34,ID
2832,2024-06-14,Mumbai,45-54,ID
2833,2024-06-18,Bengaluru,25-34,IN
2834,2024-10-29,Bangkok,18-24,VN
2835,2024-09-07,Manila,18-24,TH
2836,2024-08-23,Jakarta,45-54,PH
2837,2024-08-26,Mumbai,35-44,ID
2838,2024-04-09,Hanoi,45-54,IN
2839,2024-05-16,Singapore,25-34,MY
2840,2024-01-18,Singapore,35-44,MY
2841,2024-10-15,Mumbai,35-44,ID
2842,2024-06-08,Manila,55+,TH
2843,2024-06-09,Singapore,18-24,MY
2844,2024-03-31,Ho Chi Minh City,55+,SG
2845,2024-03-18,Singapore,25-34,MY
2846,2024-08-03,Singapore,35-44,MY
2847,2024-03-26,Bangkok,25-34,VN
2848,2024-01-25,Kuala Lumpur,25-34,MM
2849,2024-10-08,Jakarta,25-34,PH
2850,2024-05-18,Bengaluru,35-44,IN
2851,2024-05-19,Yangon,25-34,ID
2852,2024-06-07,Bengaluru,25-34,IN
2853,2024-10-25,Jakarta,25-34,PH
2854,2024-04-28,Mumbai,35-44,ID
2855,2024-10-04,Jakarta,25-34,PH
2856,2024-12-09,Manila,35-44,TH
2857,2024-08-30,Mumbai,25-34,ID
2858,2024-06-07,Bangkok,35-44,VN
2859,2024-09-30,Yangon,35-44,ID
2860,2024-06-17,Mumbai,35-44,ID
2861,2024-06-01,Yangon,35-44,ID
2862,2024-07-11,Bangkok,25-34,VN
2863,2024-04-26,Ho Chi Minh City,18-24,SG
2864,2024-02-09,Bangkok,35-44,VN
2865,2024-06-01,Manila,18-24,TH
2866,2024-02-16,Mumbai,18-24,ID
2867,2024-05-30,Ho Chi Minh City,35-44,SG
2868,2024-07-23,Yangon,25-34,ID
2869,2024-12-06,Ho Chi Minh City,25-34,SG
2870,2024-01-15,Ho Chi Minh City,55+,SG
2871,2024-08-15,Singapore,25-34,MY
2872,2024-06-17,Manila,18-24,TH
2873,2024-01-09,Mumbai,18-24,ID
2874,2024-04-02,Ho Chi Minh City,25-34,SG
2875,2024-02-14,Hanoi,35-44,IN
2876,2024-03-21,Manila,35-44,TH
2877,2024-04-11,Hanoi,25-34,IN
2878,2024-05-27,Hanoi,25-34,IN
2879,2024-07-13,Jakarta,25-34,PH
2880,2024-01-02,Ho Chi Minh City,18-24,SG
2881,2024-03-01,Kuala Lumpur,35-44,MM
2882,2024-02-05,Bangkok,35-44,VN
2883,2024-07-20,Singapore,18-24,MY
2884,2024-05-01,Yangon,35-44,ID
2885,2024-07-20,Singapore,35-44,MY
2886,2024-03-22,Hanoi,25-34,IN
2887,2024-01-10,Hanoi,35-44,IN
2888,2024-12-10,Hanoi,35-44,IN
2889,2024-02-10,Hanoi,18-24,IN
2890,2024-02-17,Jakarta,18-24,PH
2891,2024-02-24,Bengaluru,35-44,IN
2892,2024-12-25,Mumbai,45-54,ID
2893,2024-08-14,Jakarta,25-34,PH
2894,2024-08-11,Singapore,25-34,MY
2895,2024-12-27,Ho Chi Minh City,35-44,SG
2896,2024-02-03,Bangkok,25-34,VN
2897,2024-12-22,Bengaluru,18-24,IN
2898,2024-03-16,Singapore,25-34,MY
2899,2024-08-16,Manila,45-54,TH
2900,2024-06-03,Kuala Lumpur,35-44,MM
2901,2024-05-21,Mumbai,45-54,ID
2902,2024-12-06,Jakarta,18-24,PH
2903,2024-02-25,Bengaluru,25-34,IN
2904,2024-12-30,Jakarta,25-34,PH
2905,2024-05-19,Yangon,18-24,ID
2906,2024-08-25,Bangkok,18-24,VN
2907,2024-12-20,Bangkok,35-44,VN
2908,2024-01-23,Jakarta,35-44,PH
2909,2024-12-03,Jakarta,35-44,PH
2910,2024-07-27,Singapore,25-34,MY
2911,2024-09-15,Yangon,25-34,ID
2912,2024-02-25,Kuala Lumpur,18-24,MM
2913,2024-07-14,Kuala Lumpur,18-24,MM
2914,2024-09-03,Bangkok,25-34,VN
2915,2024-06-16,Bengaluru,25-34,IN
2916,2024-02-27,Kuala Lumpur,55+,MM
2917,2024-03-31,Hanoi,25-34,IN
2918,2024-11-08,Ho Chi Minh City,18-24,SG
2919,2024-01-14,Bengaluru,18-24,IN
2920,2024-09-16,Kuala Lumpur,35-44,MM
2921,2024-12-31,Yangon,18-24,ID
2922,2024-01-04,Jakarta,18-24,PH
2923,2024-02-29,Mumbai,25-34,ID
2924,2024-09-04,Kuala Lumpur,25-34,MM
2925,2024-01-23,Manila,35-44,TH
2926,2024-08-04,Kuala Lumpur,25-34,MM
2927,2024-09-07,Kuala Lumpur,18-24,MM
2928,2024-08-03,Jakarta,35-44,PH
2929,2024-05-14,Bengaluru,25-34,IN
2930,2024-09-12,Ho Chi Minh City,35-44,SG
2931,2024-08-05,Bangkok,18-24,VN
2932,2024-03-17,Hanoi,35-44,IN
2933,2024-07-25,Manila,25-34,TH
2934,2024-11-18,Jakarta,25-34,PH
2935,2024-09-01,Hanoi,25-34,IN
2936,2024-06-22,Kuala Lumpur,55+,MM
2937,2024-04-28,Singapore,25-34,MY
2938,2024-02-02,Yangon,45-54,ID
2939,2024-03-31,Kuala Lumpur,45-54,MM
2940,2024-01-06,Hanoi,25-34,IN
2941,2024-12-27,Kuala Lumpur,25-34,MM
2942,2024-03-23,Bangkok,25-34,VN
2943,2024-10-25,Bengaluru,55+,IN
2944,2024-03-03,Singapore,35-44,MY
2945,2024-04-14,Kuala Lumpur,25-34,MM
2946,2024-06-02,Yangon,18-24,ID
2947,2024-04-29,Singapore,45-54,MY
2948,2024-10-19,Ho Chi Minh City,18-24,SG
2949,2024-12-16,Ho Chi Minh City,18-24,SG
2950,2024-11-16,Mumbai,25-34,ID
2951,2024-02-27,Bengaluru,25-34,IN
2952,2024-10-11,Bengaluru,45-54,IN
2953,2024-02-25,Yangon,35-44,ID
2954,2024-11-30,Kuala Lumpur,18-24,MM
2955,2024-07-09,Jakarta,25-34,PH
2956,2024-05-03,Bangkok,35-44,VN
2957,2024-02-28,Bangkok,25-34,VN
2958,2024-01-06,Jakarta,18-24,PH
2959,2024-04-01,Bangkok,25-34,VN
2960,2024-11-30,Manila,35-44,TH
2961,2024-10-19,Singapore,55+,MY
2962,2024-12-20,Kuala Lumpur,35-44,MM
2963,2024-02-07,Bengaluru,18-24,IN
2964,2024-08-05,Bangkok,35-44,VN
2965,2024-04-04,Yangon,25-34,ID
2966,2024-07-18,Hanoi,45-54,IN
2967,2024-04-27,Kuala Lumpur,25-34,MM
2968,2024-04-14,Kuala Lumpur,18-24,MM
2969,2024-07-29,Bengaluru,25-34,IN
2970,2024-03-08,Yangon,25-34,ID
2971,2024-06-21,Kuala Lumpur,25-34,MM
2972,2024-08-26,Hanoi,25-34,IN
2973,2024-02-17,Yangon,35-44,ID
2974,2024-12-06,Jakarta,35-44,PH
2975,2024-07-04,Bengaluru,25-34,IN
2976,2024-10-27,Singapore,18-24,MY
2977,2024-08-27,Bangkok,25-34,VN
2978,2024-09-17,Bengaluru,25-34,IN
2979,2024-09-19,Jakarta,18-24,PH
2980,2024-11-16,Yangon,45-54,ID
2981,2024-08-12,Manila,55+,TH
2982,2024-04-12,Jakarta,18-24,PH
2983,2024-02-07,Singapore,35-44,MY
2984,2024-08-10,Singapore,35-44,MY
2985,2024-01-26,Manila,25-34,TH
2986,2024-03-30,Hanoi,35-44,IN
2987,2024-01-24,Ho Chi Minh City,18-24,SG
2988,2024-07-20,Mumbai,18-24,ID
2989,2024-02-29,Manila,55+,TH
2990,2024-08-11,Hanoi,35-44,IN
2991,2024-10-16,Bengaluru,25-34,IN
2992,2024-10-27,Bengaluru,25-34,IN
2993,2024-04-23,Singapore,55+,MY
2994,2024-07-20,Bangkok,25-34,VN
2995,2024-07-25,Jakarta,45-54,PH
2996,2024-06-22,Bangkok,45-54,VN
2997,2024-08-28,Mumbai,25-34,ID
2998,2024-03-18,Manila,35-44,TH
2999,2024-12-24,Jakarta,35-44,PH
3000,2024-02-06,Ho Chi Minh City,35-44,SG
3001,2024-10-30,Singapore,25-34,MY
3002,2024-08-05,Yangon,18-24,ID
3003,2024-03-31,Bengaluru,18-24,IN
3004,2024-09-30,Manila,35-44,TH
3005,2024-02-01,Jakarta,35-44,PH
3006,2024-10-10,Ho Chi Minh City,35-44,SG
3007,2024-08-04,Ho Chi Minh City,25-34,SG
3008,2024-02-11,Hanoi,18-24,IN
3009,2024-01-31,Yangon,18-24,ID
3010,2024-10-02,Kuala Lumpur,35-44,MM
3011,2024-04-17,Mumbai,25-34,ID
3012,2024-11-21,Bengaluru,35-44,IN
3013,2024-10-06,Hanoi,18-24,IN
3014,2024-09-12,Yangon,25-34,ID
3015,2024-04-12,Jakarta,45-54,PH
3016,2024-09-16,Bengaluru,18-24,IN
3017,2024-12-13,Singapore,18-24,MY
3018,2024-02-04,Ho Chi Minh City,35-44,SG
3019,2024-04-30,Hanoi,25-34,IN
3020,2024-03-27,Ho Chi Minh City,55+,SG
3021,2024-05-24,Kuala Lumpur,45-54,MM
3022,2024-09-28,Kuala Lumpur,35-44,MM
3023,2024-06-23,Bengaluru,18-24,IN
3024,2024-07-28,Mumbai,25-34,ID
3025,2024-04-25,Kuala Lumpur,45-54,MM
3026,2024-02-22,Mumbai,25-34,ID
3027,2024-04-08,Jakarta,55+,PH
3028,2024-11-10,Kuala Lumpur,35-44,MM
3029,2024-08-08,Jakarta,18-24,PH
3030,2024-05-18,Mumbai,25-34,ID
3031,2024-10-16,Bengaluru,35-44,IN
3032,2024-01-25,Bangkok,18-24,VN
3033,2024-04-03,Singapore,25-34,MY
3034,2024-03-25,Kuala Lumpur,35-44,MM
3035,2024-12-26,Yangon,18-24,ID
3036,2024-09-15,Singapore,25-34,MY
3037,2024-08-14,Kuala Lumpur,35-44,MM
3038,2024-01-03,Jakarta,35-44,PH
3039,2024-03-09,Manila,25-34,TH
3040,2024-08-20,Manila,55+,TH
3041,2024-05-19,Bengaluru,45-54,IN
3042,2024-12-04,Yangon,25-34,ID
3043,2024-10-07,Jakarta,18-24,PH
3044,2024-06-13,Bangkok,35-44,VN
3045,2024-10-01,Manila,25-34,TH
3046,2024-12-23,Bengaluru,45-54,IN
3047,2024-06-18,Yangon,25-34,ID
3048,2024-08-23,Jakarta,25-34,PH
3049,2024-12-02,Mumbai,25-34,ID
3050,2024-04-01,Manila,25-34,TH
3051,2024-11-20,Mumbai,45-54,ID
3052,2024-02-06,Yangon,18-24,ID
3053,2024-08-25,Mumbai,45-54,ID
3054,2024-10-13,Manila,18-24,TH
3055,2024-08-13,Jakarta,35-44,PH
3056,2024-06-30,Bengaluru,45-54,IN
3057,2024-08-14,Bengaluru,25-34,IN
3058,2024-02-26,Ho Chi Minh City,18-24,SG
3059,2024-03-20,Jakarta,35-44,PH
3060,2024-04-09,Bengaluru,45-54,IN
3061,2024-08-07,Jakarta,25-34,PH
3062,2024-06-11,Jakarta,25-34,PH
3063,2024-03-31,Bangkok,35-44,VN
3064,2024-11-19,Yangon,18-24,ID
3065,2024-05-17,Manila,35-44,TH
3066,2024-06-12,Kuala Lumpur,25-34,MM
3067,2024-05-30,Kuala Lumpur,18-24,MM
3068,2024-03-08,Bengaluru,35-44,IN
3069,2024-09-25,Ho Chi Minh City,25-34,SG
3070,2024-06-13,Bangkok,45-54,VN
3071,2024-01-07,Ho Chi Minh City,25-34,SG
3072,2024-12-18,Mumbai,25-34,ID
3073,2024-10-25,Bangkok,25-34,VN
3074,2024-09-22,Mumbai,25-34,ID
3075,2024-11-14,Yangon,35-44,ID
3076,2024-11-27,Ho Chi Minh City,35-44,SG
3077,2024-05-04,Bengaluru,35-44,IN
3078,2024-08-11,Ho Chi Minh City,25-34,SG
3079,2024-08-11,Yangon,25-34,ID
3080,2024-04-08,Kuala Lumpur,18-24,MM
3081,2024-03-23,Jakarta,35-44,PH
3082,2024-02-12,Hanoi,25-34,IN
3083,2024-08-29,Mumbai,25-34,ID
3084,2024-10-13,Jakarta,25-34,PH
3085,2024-10-05,Mumbai,25-34,ID
3086,2024-04-26,Yangon,35-44,ID
3087,2024-03-16,Kuala Lumpur,35-44,MM
3088,2024-06-15,Ho Chi Minh City,55+,SG
3089,2024-07-19,Singapore,18-24,MY
3090,2024-12-02,Jakarta,25-34,PH
3091,2024-11-16,Bengaluru,18-24,IN
3092,2024-12-01,Hanoi,35-44,IN
3093,2024-11-07,Yangon,35-44,ID
3094,2024-12-19,Bengaluru,25-34,IN
3095,2024-06-19,Bengaluru,35-44,IN
3096,2024-01-19,Ho Chi Minh City,25-34,SG
3097,2024-02-01,Bengaluru,25-34,IN
3098,2024-05-23,Kuala Lumpur,25-34,MM
3099,2024-04-05,Yangon,18-24,ID
3100,2024-03-04,Jakarta,45-54,PH
3101,2024-12-14,Jakarta,35-44,PH
3102,2024-03-13,Hanoi,35-44,IN
3103,2024-12-17,Manila,45-54,TH
3104,2024-10-05,Jakarta,35-44,PH
3105,2024-08-22,Bengaluru,25-34,IN
3106,2024-09-04,Hanoi,18-24,IN
3107,2024-05-01,Yangon,25-34,ID
3108,2024-08-24,Bengaluru,45-54,IN
3109,2024-03-10,Hanoi,45-54,IN
3110,2024-12-09,Mumbai,35-44,ID
3111,2024-04-21,Mumbai,18-24,ID
3112,2024-04-04,Manila,18-24,TH
3113,2024-09-17,Bangkok,45-54,VN
3114,2024-08-28,Hanoi,18-24,IN
3115,2024-06-14,Singapore,25-34,MY
3116,2024-08-19,Mumbai,25-34,ID
3117,2024-02-29,Ho Chi Minh City,25-34,SG
3118,2024-09-03,Hanoi,35-44,IN
3119,2024-04-09,Singapore,55+,MY
3120,2024-04-10,Jakarta,35-44,PH
3121,2024-03-01,Mumbai,25-34,ID
3122,2024-05-02,Bangkok,25-34,VN
3123,2024-05-01,Bangkok,45-54,VN
3124,2024-06-15,Manila,25-34,TH
3125,2024-03-11,Mumbai,25-34,ID
3126,2024-03-12,Mumbai,35-44,ID
3127,2024-07-17,Ho Chi Minh City,25-34,SG
3128,2024-02-18,Yangon,18-24,ID
3129,2024-09-09,Ho Chi Minh City,45-54,SG
3130,2024-12-11,Bangkok,35-44,VN
3131,2024-06-05,Yangon,18-24,ID
3132,2024-11-25,Singapore,25-34,MY
3133,2024-02-06,Kuala Lumpur,55+,MM
3134,2024-01-17,Ho Chi Minh City,35-44,SG
3135,2024-09-21,Kuala Lumpur,35-44,MM
3136,2024-10-05,Ho Chi Minh City,18-24,SG
3137,2024-11-04,Singapore,55+,MY
3138,2024-01-22,Singapore,45-54,MY
3139,2024-10-11,Kuala Lumpur,25-34,MM
3140,2024-05-18,Hanoi,25-34,IN
3141,2024-04-21,Jakarta,35-44,PH
3142,2024-03-05,Singapore,35-44,MY
3143,2024-12-30,Bengaluru,35-44,IN
3144,2024-01-25,Ho Chi Minh City,55+,SG
3145,2024-10-29,Hanoi,35-44,IN
3146,2024-08-22,Singapore,25-34,MY
3147,2024-09-26,Jakarta,25-34,PH
3148,2024-09-17,Singapore,35-44,MY
3149,2024-11-10,Manila,25-34,TH
3150,2024-03-09,Bangkok,25-34,VN
3151,2024-01-02,Jakarta,35-44,PH
3152,2024-08-07,Singapore,25-34,MY
3153,2024-05-10,Mumbai,35-44,ID
3154,2024-02-16,Bangkok,18-24,VN
3155,2024-03-09,Yangon,25-34,ID
3156,2024-05-02,Kuala Lumpur,25-34,MM
3157,2024-01-27,Bangkok,35-44,VN
3158,2024-01-22,Yangon,35-44,ID
3159,2024-12-01,Bengaluru,25-34,IN
3160,2024-04-24,Yangon,25-34,ID
3161,2024-12-25,Manila,18-24,TH
3162,2024-12-18,Hanoi,35-44,IN
3163,2024-02-23,Yangon,55+,ID
3164,2024-09-18,Singapore,35-44,MY
3165,2024-08-08,Singapore,25-34,MY
3166,2024-09-10,Kuala Lumpur,35-44,MM
3167,2024-02-06,Jakarta,25-34,PH
3168,2024-03-10,Mumbai,18-24,ID
3169,2024-01-29,Manila,18-24,TH
3170,2024-08-09,Bangkok,18-24,VN
3171,2024-12-27,Kuala Lumpur,18-24,MM
3172,2024-09-03,Jakarta,35-44,PH
3173,2024-09-17,Ho Chi Minh City,25-34,SG
3174,2024-12-26,Bengaluru,35-44,IN
3175,2024-09-05,Bengaluru,45-54,IN
3176,2024-01-16,Yangon,25-34,ID
3177,2024-11-13,Hanoi,25-34,IN
3178,2024-05-14,Hanoi,35-44,IN
3179,2024-01-03,Manila,18-24,TH
3180,2024-07-05,Ho Chi Minh City,25-34,SG
3181,2024-12-09,Singapore,25-34,MY
3182,2024-04-04,Jakarta,35-44,PH
3183,2024-06-29,Kuala Lumpur,35-44,MM
3184,2024-03-05,Singapore,45-54,MY
3185,2024-01-23,Bangkok,35-44,VN
3186,2024-01-31,Bangkok,25-34,VN
3187,2024-09-23,Manila,35-44,TH
3188,2024-11-12,Hanoi,45-54,IN
3189,2024-02-23,Yangon,25-34,ID
3190,2024-04-16,Yangon,55+,ID
3191,2024-03-13,Kuala Lumpur,45-54,MM
3192,2024-01-11,Manila,25-34,TH
3193,2024-07-22,Kuala Lumpur,18-24,MM
3194,2024-09-13,Jakarta,25-34,PH
3195,2024-08-25,Hanoi,35-44,IN
3196,2024-05-22,Jakarta,18-24,PH
3197,2024-07-22,Bangkok,25-34,VN
3198,2024-02-05,Bengaluru,35-44,IN
3199,2024-02-27,Bengaluru,45-54,IN
3200,2024-12-07,Manila,45-54,TH
3201,2024-10-05,Ho Chi Minh City,35-44,SG
3202,2024-12-03,Bengaluru,25-34,IN
3203,2024-12-01,Hanoi,18-24,IN
3204,2024-08-26,Mumbai,35-44,ID
3205,2024-12-05,Yangon,18-24,ID
3206,2024-06-02,Jakarta,25-34,PH
3207,2024-01-03,Manila,55+,TH
3208,2024-01-24,Mumbai,25-34,ID
3209,2024-02-10,Hanoi,35-44,IN
3210,2024-02-05,Kuala Lumpur,35-44,MM
3211,2024-05-09,Bengaluru,35-44,IN
3212,2024-09-13,Mumbai,25-34,ID
3213,2024-10-16,Singapore,25-34,MY
3214,2024-08-04,Hanoi,18-24,IN
3215,2024-02-24,Mumbai,35-44,ID
3216,2024-09-30,Jakarta,25-34,PH
3217,2024-05-10,Ho Chi Minh City,25-34,SG
3218,2024-01-06,Mumbai,35-44,ID
3219,2024-04-13,Manila,18-24,TH
3220,2024-05-01,Bengaluru,25-34,IN
3221,2024-04-11,Bangkok,18-24,VN
3222,2024-10-24,Kuala Lumpur,25-34,MM
3223,2024-10-05,Bangkok,18-24,VN
3224,2024-09-11,Jakarta,18-24,PH
3225,2024-02-21,Bangkok,55+,VN
3226,2024-10-22,Ho Chi Minh City,55+,SG
3227,2024-09-05,Mumbai,35-44,ID
3228,2024-03-13,Mumbai,35-44,ID
3229,2024-08-25,Mumbai,35-44,ID
3230,2024-06-26,Yangon,45-54,ID
3231,2024-06-10,Kuala Lumpur,25-34,MM
3232,2024-02-11,Mumbai,18-24,ID
3233,2024-07-09,Manila,35-44,TH
3234,2024-02-07,Bangkok,55+,VN
3235,2024-03-01,Mumbai,25-34,ID
3236,2024-02-19,Hanoi,25-34,IN
3237,2024-12-15,Yangon,25-34,ID
3238,2024-04-14,Jakarta,25-34,PH
3239,2024-05-10,Bengaluru,35-44,IN
3240,2024-04-28,Jakarta,25-34,PH
3241,2024-11-24,Ho Chi Minh City,45-54,SG
3242,2024-07-25,Hanoi,35-44,IN
3243,2024-12-02,Manila,18-24,TH
3244,2024-04-20,Jakarta,35-44,PH
3245,2024-02-12,Jakarta,35-44,PH
3246,2024-07-23,Bengaluru,25-34,IN
3247,2024-05-07,Bengaluru,25-34,IN
3248,2024-10-20,Bangkok,35-44,VN
3249,2024-11-17,Singapore,25-34,MY
3250,2024-06-22,Bengaluru,18-24,IN
3251,2024-12-21,Jakarta,25-34,PH
3252,2024-07-21,Yangon,25-34,ID
3253,2024-04-09,Yangon,35-44,ID
3254,2024-06-28,Singapore,18-24,MY
3255,2024-01-15,Ho Chi Minh City,35-44,SG
3256,2024-10-21,Ho Chi Minh City,25-34,SG
3257,2024-02-08,Manila,35-44,TH
3258,2024-04-23,Jakarta,25-34,PH
3259,2024-07-26,Manila,45-54,TH
3260,2024-01-17,Singapore,45-54,MY
3261,2024-01-30,Singapore,18-24,MY
3262,2024-09-12,Singapore,35-44,MY
3263,2024-01-28,Singapore,18-24,MY
3264,2024-06-24,Bengaluru,35-44,IN
3265,2024-05-04,Singapore,35-44,MY
3266,2024-03-25,Hanoi,25-34,IN
3267,2024-03-10,Singapore,25-34,MY
3268,2024-10-06,Ho Chi Minh City,25-34,SG
3269,2024-12-14,Jakarta,35-44,PH
3270,2024-02-22,Kuala Lumpur,35-44,MM
3271,2024-12-17,Bangkok,18-24,VN
3272,2024-08-06,Jakarta,25-34,PH
3273,2024-08-23,Bangkok,25-34,VN
3274,2024-09-17,Mumbai,25-34,ID
3275,2024-09-15,Yangon,18-24,ID
3276,2024-10-27,Kuala Lumpur,25-34,MM
3277,2024-06-26,Manila,45-54,TH
3278,2024-07-14,Kuala Lumpur,25-34,MM
3279,2024-04-29,Bengaluru,35-44,IN
3280,2024-02-09,Manila,25-34,TH
3281,2024-08-31,Singapore,25-34,MY
3282,2024-01-14,Bengaluru,35-44,IN
3283,2024-04-11,Kuala Lumpur,25-34,MM
3284,2024-02-05,Hanoi,25-34,IN
3285,2024-03-11,Ho Chi Minh City,55+,SG
3286,2024-08-22,Jakarta,45-54,PH
3287,2024-08-18,Kuala Lumpur,35-44,MM
3288,2024-06-03,Manila,18-24,TH
3289,2024-02-03,Kuala Lumpur,18-24,MM
3290,2024-06-08,Singapore,18-24,MY
3291,2024-05-09,Bengaluru,45-54,IN
3292,2024-09-20,Bengaluru,35-44,IN
3293,2024-07-31,Bengaluru,25-34,IN
3294,2024-06-29,Bengaluru,55+,IN
3295,2024-06-27,Jakarta,18-24,PH
3296,2024-12-19,Bengaluru,25-34,IN
3297,2024-10-04,Yangon,18-24,ID
3298,2024-07-01,Yangon,25-34,ID
3299,2024-06-24,Mumbai,45-54,ID
3300,2024-01-11,Manila,45-54,TH
3301,2024-12-11,Kuala Lumpur,18-24,MM
3302,2024-04-27,Singapore,25-34,MY
3303,2024-04-04,Ho Chi Minh City,25-34,SG
3304,2024-12-31,Yangon,18-24,ID
3305,2024-09-20,Singapore,25-34,MY
3306,2024-01-19,Singapore,25-34,MY
3307,2024-01-24,Ho Chi Minh City,25-34,SG
3308,2024-01-11,Ho Chi Minh City,25-34,SG
3309,2024-08-07,Jakarta,25-34,PH
3310,2024-01-28,Ho Chi Minh City,45-54,SG
3311,2024-12-07,Yangon,25-34,ID
3312,2024-12-08,Manila,25-34,TH
3313,2024-07-19,Mumbai,25-34,ID
3314,2024-08-14,Ho Chi Minh City,35-44,SG
3315,2024-04-17,Kuala Lumpur,18-24,MM
3316,2024-01-25,Yangon,18-24,ID
3317,2024-09-27,Ho Chi Minh City,35-44,SG
3318,2024-02-08,Kuala Lumpur,35-44,MM
3319,2024-02-02,Jakarta,25-34,PH
3320,2024-04-24,Bangkok,25-34,VN
3321,2024-01-06,Bangkok,55+,VN
3322,2024-06-08,Manila,18-24,TH
3323,2024-09-16,Kuala Lumpur,18-24,MM
3324,2024-10-20,Hanoi,25-34,IN
3325,2024-08-09,Manila,25-34,TH
3326,2024-11-06,Mumbai,35-44,ID
3327,2024-05-29,Hanoi,35-44,IN
3328,2024-11-06,Hanoi,25-34,IN
3329,2024-07-04,Yangon,35-44,ID
3330,2024-03-23,Jakarta,25-34,PH
3331,2024-12-11,Kuala Lumpur,35-44,MM
3332,2024-04-11,Kuala Lumpur,18-24,MM
3333,2024-01-11,Kuala Lumpur,25-34,MM
3334,2024-03-30,Hanoi,35-44,IN
3335,2024-05-14,Yangon,25-34,ID
3336,2024-05-09,Bangkok,18-24,VN
3337,2024-07-11,Bengaluru,25-34,IN
3338,2024-11-19,Mumbai,35-44,ID
3339,2024-04-17,Hanoi,18-24,IN
3340,2024-07-10,Hanoi,35-44,IN
3341,2024-05-05,Bengaluru,35-44,IN
3342,2024-10-27,Manila,35-44,TH
3343,2024-02-28,Jakarta,25-34,PH
3344,2024-02-08,Manila,35-44,TH
3345,2024-07-03,Singapore,18-24,MY
3346,2024-09-03,Ho Chi Minh City,45-54,SG
3347,2024-10-18,Bangkok,35-44,VN
3348,2024-08-04,Bangkok,18-24,VN
3349,2024-10-10,Singapore,35-44,MY
3350,2024-05-24,Singapore,25-34,MY
3351,2024-01-13,Bengaluru,25-34,IN
3352,2024-02-13,Mumbai,25-34,ID
3353,2024-01-16,Manila,35-44,TH
3354,2024-05-01,Bangkok,35-44,VN
3355,2024-06-30,Yangon,45-54,ID
3356,2024-05-11,Hanoi,25-34,IN
3357,2024-07-24,Singapore,35-44,MY
3358,2024-06-25,Bengaluru,35-44,IN
3359,2024-09-05,Mumbai,35-44,ID
3360,2024-09-01,Bangkok,25-34,VN
3361,2024-04-27,Ho Chi Minh City,25-34,SG
3362,2024-05-07,Singapore,35-44,MY
3363,2024-08-02,Mumbai,25-34,ID
3364,2024-08-06,Hanoi,18-24,IN
3365,2024-04-25,Bangkok,25-34,VN
3366,2024-05-01,Ho Chi Minh City,25-34,SG
3367,2024-09-11,Bengaluru,18-24,IN
3368,2024-08-25,Hanoi,18-24,IN
3369,2024-02-20,Ho Chi Minh City,35-44,SG
3370,2024-06-10,Jakarta,55+,PH
3371,2024-11-22,Manila,25-34,TH
3372,2024-01-15,Manila,18-24,TH
3373,2024-11-09,Bengaluru,35-44,IN
3374,2024-03-01,Yangon,25-34,ID
3375,2024-07-05,Hanoi,55+,IN
3376,2024-06-04,Hanoi,25-34,IN
3377,2024-01-05,Manila,25-34,TH
3378,2024-12-01,Ho Chi Minh City,25-34,SG
3379,2024-06-16,Bangkok,25-34,VN
3380,2024-12-15,Bangkok,35-44,VN
3381,2024-04-15,Ho Chi Minh City,18-24,SG
3382,2024-11-13,Bangkok,45-54,VN
3383,2024-12-03,Kuala Lumpur,35-44,MM
3384,2024-07-23,Bengaluru,45-54,IN
3385,2024-03-15,Mumbai,45-54,ID
3386,2024-09-08,Hanoi,25-34,IN
3387,2024-07-20,Hanoi,25-34,IN
3388,2024-12-11,Hanoi,45-54,IN
3389,2024-06-10,Manila,25-34,TH
3390,2024-04-09,Bangkok,18-24,VN
3391,2024-02-21,Bengaluru,25-34,IN
3392,2024-09-13,Jakarta,25-34,PH
3393,2024-12-22,Kuala Lumpur,45-54,MM
3394,2024-01-12,Manila,25-34,TH
3395,2024-09-28,Bangkok,35-44,VN
3396,2024-12-05,Mumbai,55+,ID
3397,2024-01-29,Bangkok,25-34,VN
3398,2024-02-11,Kuala Lumpur,35-44,MM
3399,2024-09-10,Ho Chi Minh City,18-24,SG
3400,2024-08-25,Ho Chi Minh City,18-24,SG
3401,2024-01-27,Yangon,18-24,ID
3402,2024-11-01,Jakarta,25-34,PH
3403,2024-07-11,Jakarta,25-34,PH
3404,2024-11-28,Singapore,25-34,MY
3405,2024-11-17,Bangkok,25-34,VN
3406,2024-10-24,Yangon,18-24,ID
3407,2024-07-08,Bengaluru,35-44,IN
3408,2024-04-02,Mumbai,18-24,ID
3409,2024-07-04,Manila,35-44,TH
3410,2024-02-07,Bangkok,45-54,VN
3411,2024-08-29,Hanoi,35-44,IN
3412,2024-02-19,Bangkok,25-34,VN
3413,2024-07-06,Bangkok,35-44,VN
3414,2024-01-21,Mumbai,35-44,ID
3415,2024-04-20,Bangkok,45-54,VN
3416,2024-03-26,Ho Chi Minh City,55+,SG
3417,2024-08-15,Ho Chi Minh City,25-34,SG
3418,2024-10-15,Singapore,35-44,MY
3419,2024-01-22,Bangkok,35-44,VN
3420,2024-11-07,Mumbai,18-24,ID
3421,2024-11-11,Mumbai,25-34,ID
3422,2024-05-05,Mumbai,35-44,ID
3423,2024-08-29,Singapore,35-44,MY
3424,2024-05-27,Hanoi,25-34,IN
3425,2024-02-27,Hanoi,25-34,IN
3426,2024-07-12,Manila,18-24,TH
3427,2024-02-02,Bengaluru,25-34,IN
3428,2024-11-17,Singapore,45-54,MY
3429,2024-12-04,Bengaluru,45-54,IN
3430,2024-10-27,Singapore,25-34,MY
3431,2024-07-25,Manila,25-34,TH
3432,2024-07-23,Hanoi,35-44,IN
3433,2024-12-26,Singapore,35-44,MY
3434,2024-04-01,Kuala Lumpur,25-34,MM
3435,2024-01-29,Bangkok,25-34,VN
3436,2024-07-25,Hanoi,18-24,IN
3437,2024-05-01,Ho Chi Minh City,35-44,SG
3438,2024-04-28,Singapore,35-44,MY
3439,2024-01-04,Manila,25-34,TH
3440,2024-08-06,Bangkok,45-54,VN
3441,2024-04-07,Hanoi,35-44,IN
3442,2024-03-10,Manila,45-54,TH
3443,2024-01-16,Bengaluru,25-34,IN
3444,2024-05-13,Manila,25-34,TH
3445,2024-11-17,Manila,45-54,TH
3446,2024-05-03,Bangkok,55+,VN
3447,2024-09-05,Bengaluru,55+,IN
3448,2024-10-04,Mumbai,35-44,ID
3449,2024-04-30,Manila,25-34,TH
3450,2024-10-27,Bangkok,18-24,VN
3451,2024-09-10,Bengaluru,25-34,IN
3452,2024-07-24,Manila,45-54,TH
3453,2024-01-02,Manila,25-34,TH
3454,2024-01-14,Bengaluru,35-44,IN
3455,2024-12-28,Jakarta,45-54,PH
3456,2024-10-13,Jakarta,55+,PH
3457,2024-12-09,Mumbai,45-54,ID
3458,2024-11-26,Kuala Lumpur,25-34,MM
3459,2024-01-09,Bengaluru,25-34,IN
3460,2024-10-17,Ho Chi Minh City,55+,SG
3461,2024-06-14,Singapore,18-24,MY
3462,2024-10-16,Hanoi,18-24,IN
3463,2024-01-04,Ho Chi Minh City,55+,SG
3464,2024-04-16,Ho Chi Minh City,35-44,SG
3465,2024-10-02,Kuala Lumpur,25-34,MM
3466,2024-10-17,Hanoi,18-24,IN
3467,2024-08-15,Jakarta,25-34,PH
3468,2024-04-20,Kuala Lumpur,45-54,MM
3469,2024-04-24,Bangkok,35-44,VN
3470,2024-12-19,Bengaluru,25-34,IN
3471,2024-06-10,Singapore,25-34,MY
3472,2024-06-13,Yangon,45-54,ID
3473,2024-07-21,Mumbai,45-54,ID
3474,2024-05-30,Bengaluru,25-34,IN
3475,2024-07-21,Yangon,35-44,ID
3476,2024-06-07,Ho Chi Minh City,25-34,SG
3477,2024-10-29,Jakarta,25-34,PH
3478,2024-11-28,Kuala Lumpur,18-24,MM
3479,2024-12-07,Manila,25-34,TH
3480,2024-07-25,Manila,25-34,TH
3481,2024-06-11,Jakarta,25-34,PH
3482,2024-09-15,Ho Chi Minh City,25-34,SG
3483,2024-11-02,Mumbai,18-24,ID
3484,2024-07-25,Manila,18-24,TH
3485,2024-09-13,Manila,35-44,TH
3486,2024-10-01,Bengaluru,25-34,IN
3487,2024-09-04,Kuala Lumpur,18-24,MM
3488,2024-09-30,Bengaluru,55+,IN
3489,2024-03-18,Yangon,25-34,ID
3490,2024-07-01,Bengaluru,45-54,IN
3491,2024-08-03,Manila,35-44,TH
3492,2024-01-02,Bengaluru,35-44,IN
3493,2024-11-09,Manila,25-34,TH
3494,2024-08-11,Singapore,18-24,MY
3495,2024-02-18,Bengaluru,45-54,IN
3496,2024-10-25,Ho Chi Minh City,35-44,SG
3497,2024-09-19,Kuala Lumpur,25-34,MM
3498,2024-10-04,Bangkok,35-44,VN
3499,2024-05-24,Mumbai,25-34,ID
3500,2024-11-08,Singapore,45-54,MY
3501,2024-06-01,Mumbai,35-44,ID
3502,2024-07-28,Bengaluru,18-24,IN
3503,2024-01-02,Bangkok,45-54,VN
3504,2024-08-24,Jakarta,55+,PH
3505,2024-09-20,Bengaluru,35-44,IN
3506,2024-07-26,Kuala Lumpur,18-24,MM
3507,2024-07-01,Ho Chi Minh City,35-44,SG
3508,2024-10-23,Yangon,35-44,ID
3509,2024-09-06,Bangkok,25-34,VN
3510,2024-04-12,Bangkok,45-54,VN
3511,2024-12-17,Hanoi,25-34,IN
3512,2024-09-16,Bengaluru,45-54,IN
3513,2024-12-27,Manila,35-44,TH
3514,2024-12-21,Kuala Lumpur,25-34,MM
3515,2024-12-02,Jakarta,55+,PH
3516,2024-10-03,Hanoi,25-34,IN
3517,2024-08-11,Jakarta,25-34,PH
3518,2024-03-04,Bangkok,25-34,VN
3519,2024-07-18,Hanoi,18-24,IN
3520,2024-10-07,Jakarta,35-44,PH
3521,2024-07-10,Yangon,25-34,ID
3522,2024-11-13,Bengaluru,45-54,IN
3523,2024-02-11,Jakarta,55+,PH
3524,2024-05-20,Ho Chi Minh City,35-44,SG
3525,2024-07-04,Ho Chi Minh City,25-34,SG
3526,2024-06-07,Yangon,35-44,ID
3527,2024-02-10,Yangon,18-24,ID
3528,2024-02-27,Singapore,35-44,MY
3529,2024-11-02,Singapore,25-34,MY
3530,2024-06-26,Manila,45-54,TH
3531,2024-01-19,Hanoi,25-34,IN
3532,2024-01-08,Singapore,25-34,MY
3533,2024-06-22,Bengaluru,55+,IN
3534,2024-03-01,Hanoi,25-34,IN
3535,2024-09-15,Manila,45-54,TH
3536,2024-10-18,Bangkok,45-54,VN
3537,2024-03-25,Bangkok,25-34,VN
3538,2024-08-05,Hanoi,25-34,IN
3539,2024-02-27,Jakarta,25-34,PH
3540,2024-04-21,Manila,45-54,TH
3541,2024-11-21,Bengaluru,55+,IN
3542,2024-07-18,Manila,25-34,TH
3543,2024-11-20,Bengaluru,35-44,IN
3544,2024-03-24,Ho Chi Minh City,25-34,SG
3545,2024-05-01,Hanoi,35-44,IN
3546,2024-06-21,Bangkok,35-44,VN
3547,2024-06-25,Yangon,45-54,ID
3548,2024-12-31,Yangon,25-34,ID
3549,2024-02-12,Bengaluru,25-34,IN
3550,2024-11-07,Ho Chi Minh City,25-34,SG
3551,2024-11-12,Ho Chi Minh City,18-24,SG
3552,2024-07-21,Manila,25-34,TH
3553,2024-05-06,Hanoi,45-54,IN
3554,2024-07-09,Manila,25-34,TH
3555,2024-04-17,Bengaluru,25-34,IN
3556,2024-10-19,Ho Chi Minh City,35-44,SG
3557,2024-07-01,Jakarta,18-24,PH
3558,2024-12-04,Manila,25-34,TH
3559,2024-08-16,Ho Chi Minh City,45-54,SG
3560,2024-07-07,Kuala Lumpur,18-24,MM
3561,2024-09-17,Jakarta,25-34,PH
3562,2024-07-03,Manila,25-34,TH
3563,2024-11-27,Bengaluru,25-34,IN
3564,2024-03-09,Manila,25-34,TH
3565,2024-12-22,Ho Chi Minh City,25-34,SG
3566,2024-10-24,Singapore,25-34,MY
3567,2024-11-11,Jakarta,45-54,PH
3568,2024-06-26,Bengaluru,25-34,IN
3569,2024-11-02,Ho Chi Minh City,25-34,SG
3570,2024-04-22,Singapore,25-34,MY
3571,2024-10-06,Bengaluru,55+,IN
3572,2024-02-22,Ho Chi Minh City,18-24,SG
3573,2024-04-23,Bengaluru,45-54,IN
3574,2024-06-12,Bangkok,25-34,VN
3575,2024-04-28,Singapore,55+,MY
3576,2024-05-22,Kuala Lumpur,25-34,MM
3577,2024-10-27,Kuala Lumpur,18-24,MM
3578,2024-04-04,Kuala Lumpur,25-34,MM
3579,2024-09-30,Jakarta,25-34,PH
3580,2024-01-28,Hanoi,35-44,IN
3581,2024-10-07,Manila,35-44,TH
3582,2024-10-17,Manila,35-44,TH
3583,2024-05-27,Kuala Lumpur,18-24,MM
3584,2024-09-21,Manila,35-44,TH
3585,2024-12-01,Bengaluru,25-34,IN
3586,2024-10-20,Kuala Lumpur,55+,MM
3587,2024-05-23,Singapore,35-44,MY
3588,2024-06-26,Ho Chi Minh City,25-34,SG
3589,2024-10-12,Mumbai,45-54,ID
3590,2024-04-17,Singapore,25-34,MY
3591,2024-10-21,Mumbai,25-34,ID
3592,2024-04-30,Ho Chi Minh City,25-34,SG
3593,2024-10-22,Ho Chi Minh City,35-44,SG
3594,2024-02-02,Kuala Lumpur,25-34,MM
3595,2024-01-18,Yangon,18-24,ID
3596,2024-12-31,Mumbai,35-44,ID
3597,2024-11-14,Mumbai,18-24,ID
3598,2024-11-19,Ho Chi Minh City,35-44,SG
3599,2024-12-14,Yangon,18-24,ID
3600,2024-06-09,Mumbai,25-34,ID
3601,2024-04-15,Bangkok,45-54,VN
3602,2024-02-18,Bangkok,18-24,VN
3603,2024-07-02,Manila,35-44,TH
3604,2024-03-22,Singapore,35-44,MY
3605,2024-12-08,Jakarta,45-54,PH
3606,2024-01-03,Bangkok,18-24,VN
3607,2024-02-23,Hanoi,35-44,IN
3608,2024-03-31,Manila,25-34,TH
3609,2024-03-14,Bengaluru,25-34,IN
3610,2024-03-24,Hanoi,25-34,IN
3611,2024-08-28,Jakarta,25-34,PH
3612,2024-04-30,Kuala Lumpur,25-34,MM
3613,2024-08-13,Kuala Lumpur,18-24,MM
3614,2024-11-21,Ho Chi Minh City,25-34,SG
3615,2024-08-08,Bengaluru,35-44,IN
3616,2024-09-11,Yangon,25-34,ID
3617,2024-05-14,Singapore,18-24,MY
3618,2024-02-29,Bangkok,25-34,VN
3619,2024-04-28,Hanoi,25-34,IN
3620,2024-12-18,Kuala Lumpur,35-44,MM
3621,2024-08-15,Kuala Lumpur,45-54,MM
3622,2024-04-12,Mumbai,25-34,ID
3623,2024-06-14,Singapore,35-44,MY
3624,2024-11-01,Jakarta,18-24,PH
3625,2024-09-01,Bengaluru,55+,IN
3626,2024-07-24,Manila,25-34,TH
3627,2024-11-20,Mumbai,25-34,ID
3628,2024-09-03,Mumbai,25-34,ID
3629,2024-08-23,Kuala Lumpur,18-24,MM
3630,2024-03-11,Ho Chi Minh City,35-44,SG
3631,2024-02-09,Manila,25-34,TH
3632,2024-12-19,Mumbai,25-34,ID
3633,2024-08-07,Kuala Lumpur,18-24,MM
3634,2024-06-01,Singapore,55+,MY
3635,2024-08-03,Ho Chi Minh City,35-44,SG
3636,2024-01-24,Mumbai,45-54,ID
3637,2024-10-28,Mumbai,45-54,ID
3638,2024-03-21,Mumbai,45-54,ID
3639,2024-10-21,Bengaluru,25-34,IN
3640,2024-07-15,Yangon,18-24,ID
3641,2024-04-11,Manila,25-34,TH
3642,2024-01-13,Singapore,25-34,MY
3643,2024-10-25,Yangon,35-44,ID
3644,2024-03-06,Yangon,18-24,ID
3645,2024-01-20,Manila,18-24,TH
3646,2024-10-03,Bangkok,35-44,VN
3647,2024-05-08,Bangkok,18-24,VN
3648,2024-05-23,Bengaluru,18-24,IN
3649,2024-04-01,Kuala Lumpur,18-24,MM
3650,2024-11-10,Ho Chi Minh City,35-44,SG
3651,2024-04-19,Manila,18-24,TH
3652,2024-03-18,Ho Chi Minh City,18-24,SG
3653,2024-04-23,Kuala Lumpur,25-34,MM
3654,2024-03-16,Bengaluru,35-44,IN
3655,2024-04-26,Singapore,18-24,MY
3656,2024-02-01,Hanoi,18-24,IN
3657,2024-02-28,Kuala Lumpur,45-54,MM
3658,2024-06-02,Singapore,45-54,MY
3659,2024-11-18,Bengaluru,18-24,IN
3660,2024-01-22,Kuala Lumpur,25-34,MM
3661,2024-03-19,Kuala Lumpur,18-24,MM
3662,2024-11-28,Bangkok,35-44,VN
3663,2024-11-21,Ho Chi Minh City,25-34,SG
3664,2024-09-05,Singapore,45-54,MY
3665,2024-03-29,Mumbai,35-44,ID
3666,2024-06-03,Jakarta,25-34,PH
3667,2024-03-19,Kuala Lumpur,18-24,MM
3668,2024-02-17,Yangon,45-54,ID
3669,2024-05-19,Jakarta,35-44,PH
3670,2024-07-30,Bangkok,35-44,VN
3671,2024-05-12,Yangon,18-24,ID
3672,2024-08-11,Mumbai,35-44,ID
3673,2024-04-19,Jakarta,35-44,PH
3674,2024-05-07,Bengaluru,55+,IN
3675,2024-10-16,Jakarta,25-34,PH
3676,2024-11-17,Singapore,25-34,MY
3677,2024-04-28,Manila,25-34,TH
3678,2024-07-28,Yangon,35-44,ID
3679,2024-04-12,Hanoi,45-54,IN
3680,2024-01-21,Hanoi,25-34,IN
3681,2024-09-27,Kuala Lumpur,25-34,MM
3682,2024-03-04,Kuala Lumpur,18-24,MM
3683,2024-06-05,Ho Chi Minh City,35-44,SG
3684,2024-06-27,Yangon,45-54,ID
3685,2024-03-09,Bengaluru,18-24,IN
3686,2024-02-05,Kuala Lumpur,25-34,MM
3687,2024-05-08,Mumbai,45-54,ID
3688,2024-12-14,Manila,25-34,TH
3689,2024-08-13,Jakarta,25-34,PH
3690,2024-05-20,Singapore,25-34,MY
3691,2024-01-16,Kuala Lumpur,25-34,MM
3692,2024-08-08,Bengaluru,18-24,IN
3693,2024-02-04,Singapore,35-44,MY
3694,2024-07-18,Jakarta,25-34,PH
3695,2024-10-02,Bengaluru,35-44,IN
3696,2024-06-04,Bangkok,35-44,VN
3697,2024-04-20,Ho Chi Minh City,18-24,SG
3698,2024-01-19,Jakarta,18-24,PH
3699,2024-01-11,Manila,18-24,TH
3700,2024-06-06,Yangon,18-24,ID
3701,2024-11-19,Manila,35-44,TH
3702,2024-03-31,Yangon,18-24,ID
3703,2024-07-29,Hanoi,35-44,IN
3704,2024-09-07,Manila,18-24,TH
3705,2024-01-24,Ho Chi Minh City,18-24,SG
3706,2024-02-26,Kuala Lumpur,18-24,MM
3707,2024-05-01,Bangkok,25-34,VN
3708,2024-09-02,Bangkok,35-44,VN
3709,2024-06-10,Manila,35-44,TH
3710,2024-09-25,Mumbai,18-24,ID
3711,2024-11-13,Bengaluru,35-44,IN
3712,2024-10-04,Manila,35-44,TH
3713,2024-12-29,Kuala Lumpur,25-34,MM
3714,2024-10-03,Jakarta,18-24,PH
3715,2024-11-08,Mumbai,18-24,ID
3716,2024-10-31,Manila,18-24,TH
3717,2024-09-24,Ho Chi Minh City,45-54,SG
3718,2024-10-20,Jakarta,25-34,PH
3719,2024-12-08,Jakarta,25-34,PH
3720,2024-06-23,Mumbai,35-44,ID
3721,2024-08-21,Manila,25-34,TH
3722,2024-07-07,Jakarta,35-44,PH
3723,2024-11-07,Hanoi,18-24,IN
3724,2024-06-07,Yangon,25-34,ID
3725,2024-10-27,Manila,18-24,TH
3726,2024-10-19,Bengaluru,25-34,IN
3727,2024-12-18,Bengaluru,25-34,IN
3728,2024-04-01,Manila,35-44,TH
3729,2024-09-17,Bangkok,35-44,VN
3730,2024-10-04,Ho Chi Minh City,35-44,SG
3731,2024-12-08,Manila,18-24,TH
3732,2024-11-28,Manila,55+,TH
3733,2024-07-29,Jakarta,18-24,PH
3734,2024-07-31,Ho Chi Minh City,35-44,SG
3735,2024-03-03,Singapore,35-44,MY
3736,2024-12-22,Bengaluru,25-34,IN
3737,2024-04-04,Bangkok,25-34,VN
3738,2024-09-22,Singapore,35-44,MY
3739,2024-10-18,Singapore,35-44,MY
3740,2024-06-11,Ho Chi Minh City,18-24,SG
3741,2024-03-19,Ho Chi Minh City,35-44,SG
3742,2024-03-10,Singapore,18-24,MY
3743,2024-11-09,Manila,25-34,TH
3744,2024-07-06,Ho Chi Minh City,35-44,SG
3745,2024-02-03,Manila,35-44,TH
3746,2024-09-19,Bangkok,25-34,VN
3747,2024-04-02,Mumbai,25-34,ID
3748,2024-11-16,Manila,25-34,TH
3749,2024-04-23,Mumbai,25-34,ID
3750,2024-03-15,Jakarta,25-34,PH
3751,2024-02-01,Bangkok,25-34,VN
3752,2024-07-06,Ho Chi Minh City,35-44,SG
3753,2024-06-14,Yangon,25-34,ID
3754,2024-10-02,Bengaluru,18-24,IN
3755,2024-06-19,Hanoi,25-34,IN
3756,2024-05-06,Manila,18-24,TH
3757,2024-04-06,Kuala Lumpur,25-34,MM
3758,2024-04-12,Singapore,25-34,MY
3759,2024-12-05,Yangon,25-34,ID
3760,2024-03-02,Mumbai,25-34,ID
3761,2024-12-27,Yangon,25-34,ID
3762,2024-04-30,Bengaluru,45-54,IN
3763,2024-02-03,Hanoi,25-34,IN
3764,2024-04-01,Singapore,25-34,MY
3765,2024-01-23,Bangkok,18-24,VN
3766,2024-10-16,Manila,18-24,TH
3767,2024-07-07,Bengaluru,25-34,IN
3768,2024-05-04,Hanoi,35-44,IN
3769,2024-08-30,Kuala Lumpur,18-24,MM
3770,2024-08-19,Yangon,18-24,ID
3771,2024-12-10,Kuala Lumpur,25-34,MM
3772,2024-12-17,Yangon,25-34,ID
3773,2024-09-06,Hanoi,55+,IN
3774,2024-10-26,Bangkok,18-24,VN
3775,2024-10-17,Kuala Lumpur,18-24,MM
3776,2024-06-29,Jakarta,25-34,PH
3777,2024-09-15,Kuala Lumpur,18-24,MM
3778,2024-01-30,Singapore,18-24,MY
3779,2024-10-04,Bangkok,25-34,VN
3780,2024-12-18,Singapore,25-34,MY
3781,2024-02-02,Jakarta,18-24,PH
3782,2024-11-02,Singapore,35-44,MY
3783,2024-12-07,Bangkok,25-34,VN
3784,2024-03-24,Manila,18-24,TH
3785,2024-07-11,Yangon,45-54,ID
3786,2024-12-05,Bengaluru,25-34,IN
3787,2024-12-17,Kuala Lumpur,55+,MM
3788,2024-02-17,Jakarta,45-54,PH
3789,2024-05-08,Jakarta,25-34,PH
3790,2024-09-12,Mumbai,25-34,ID
3791,2024-03-22,Mumbai,35-44,ID
3792,2024-04-29,Mumbai,25-34,ID
3793,2024-01-10,Hanoi,18-24,IN
3794,2024-02-27,Yangon,25-34,ID
3795,2024-07-25,Ho Chi Minh City,25-34,SG
3796,2024-08-27,Bengaluru,45-54,IN
3797,2024-08-25,Hanoi,35-44,IN
3798,2024-10-12,Singapore,45-54,MY
3799,2024-06-01,Ho Chi Minh City,35-44,SG
3800,2024-04-10,Yangon,35-44,ID
3801,2024-01-07,Bangkok,25-34,VN
3802,2024-03-17,Manila,55+,TH
3803,2024-04-25,Kuala Lumpur,55+,MM
3804,2024-03-07,Ho Chi Minh City,45-54,SG
3805,2024-01-09,Kuala Lumpur,35-44,MM
3806,2024-02-28,Singapore,25-34,MY
3807,2024-09-01,Hanoi,25-34,IN
3808,2024-08-18,Manila,45-54,TH
3809,2024-12-08,Bengaluru,18-24,IN
3810,2024-10-19,Bangkok,25-34,VN
3811,2024-07-27,Singapore,25-34,MY
3812,2024-02-21,Hanoi,25-34,IN
3813,2024-07-25,Jakarta,25-34,PH
3814,2024-01-24,Kuala Lumpur,18-24,MM
3815,2024-06-07,Hanoi,18-24,IN
3816,2024-05-23,Hanoi,25-34,IN
3817,2024-06-06,Hanoi,25-34,IN
3818,2024-04-13,Yangon,18-24,ID
3819,2024-09-08,Singapore,35-44,MY
3820,2024-11-03,Manila,25-34,TH
3821,2024-10-08,Bangkok,25-34,VN
3822,2024-08-18,Kuala Lumpur,25-34,MM
3823,2024-07-16,Jakarta,25-34,PH
3824,2024-01-13,Singapore,45-54,MY
3825,2024-09-21,Ho Chi Minh City,18-24,SG
3826,2024-07-18,Singapore,25-34,MY
3827,2024-04-09,Bangkok,35-44,VN
3828,2024-04-30,Kuala Lumpur,18-24,MM
3829,2024-12-08,Bengaluru,35-44,IN
3830,2024-08-16,Kuala Lumpur,55+,MM
3831,2024-06-23,Hanoi,35-44,IN
3832,2024-08-15,Hanoi,55+,IN
3833,2024-06-01,Yangon,25-34,ID
3834,2024-06-21,Manila,25-34,TH
3835,2024-04-16,Bengaluru,18-24,IN
3836,2024-06-10,Singapore,18-24,MY
3837,2024-09-08,Bengaluru,25-34,IN
3838,2024-01-16,Jakarta,25-34,PH
3839,2024-10-18,Kuala Lumpur,25-34,MM
3840,2024-04-14,Ho Chi Minh City,18-24,SG
3841,2024-09-07,Singapore,35-44,MY
3842,2024-08-23,Kuala Lumpur,18-24,MM
3843,2024-08-27,Mumbai,25-34,ID
3844,2024-08-10,Kuala Lumpur,18-24,MM
3845,2024-12-17,Ho Chi Minh City,35-44,SG
3846,2024-07-05,Bangkok,25-34,VN
3847,2024-09-25,Bangkok,35-44,VN
3848,2024-09-15,Ho Chi Minh City,18-24,SG
3849,2024-03-28,Ho Chi Minh City,25-34,SG
3850,2024-04-14,Manila,55+,TH
3851,2024-06-04,Jakarta,18-24,PH
3852,2024-04-12,Mumbai,25-34,ID
3853,2024-05-14,Manila,18-24,TH
3854,2024-05-23,Jakarta,18-24,PH
3855,2024-08-09,Ho Chi Minh City,25-34,SG
3856,2024-03-22,Yangon,18-24,ID
3857,2024-10-21,Mumbai,25-34,ID
3858,2024-06-09,Manila,45-54,TH
3859,2024-09-15,Bengaluru,18-24,IN
3860,2024-01-31,Yangon,18-24,ID
3861,2024-06-21,Kuala Lumpur,35-44,MM
3862,2024-01-12,Jakarta,25-34,PH
3863,2024-09-04,Bangkok,45-54,VN
3864,2024-05-06,Kuala Lumpur,25-34,MM
3865,2024-12-13,Yangon,35-44,ID
3866,2024-04-29,Ho Chi Minh City,45-54,SG
3867,2024-07-25,Jakarta,18-24,PH
3868,2024-04-04,Singapore,35-44,MY
3869,2024-08-15,Singapore,35-44,MY
3870,2024-06-20,Singapore,35-44,MY
3871,2024-05-16,Bengaluru,18-24,IN
3872,2024-03-16,Kuala Lumpur,25-34,MM
3873,2024-02-11,Bengaluru,18-24,IN
3874,2024-02-14,Yangon,55+,ID
3875,2024-12-31,Hanoi,18-24,IN
3876,2024-05-31,Ho Chi Minh City,18-24,SG
3877,2024-01-02,Singapore,45-54,MY
3878,2024-12-14,Bengaluru,25-34,IN
3879,2024-01-09,Hanoi,25-34,IN
3880,2024-06-02,Jakarta,25-34,PH
3881,2024-09-19,Jakarta,35-44,PH
3882,2024-11-30,Kuala Lumpur,18-24,MM
3883,2024-09-18,Yangon,25-34,ID
3884,2024-06-19,Bangkok,25-34,VN
3885,2024-12-22,Ho Chi Minh City,25-34,SG
3886,2024-01-16,Ho Chi Minh City,25-34,SG
3887,2024-12-27,Jakarta,18-24,PH
3888,2024-11-07,Ho Chi Minh City,35-44,SG
3889,2024-12-06,Yangon,18-24,ID
3890,2024-04-03,Manila,25-34,TH
3891,2024-02-22,Kuala Lumpur,25-34,MM
3892,2024-08-31,Kuala Lumpur,25-34,MM
3893,2024-07-08,Hanoi,35-44,IN
3894,2024-07-10,Kuala Lumpur,25-34,MM
3895,2024-12-04,Yangon,45-54,ID
3896,2024-08-15,Kuala Lumpur,35-44,MM
3897,2024-04-24,Yangon,35-44,ID
3898,2024-05-27,Kuala Lumpur,35-44,MM
3899,2024-02-19,Hanoi,18-24,IN
3900,2024-03-12,Hanoi,55+,IN
3901,2024-02-23,Yangon,35-44,ID
3902,2024-10-23,Ho Chi Minh City,25-34,SG
3903,2024-09-15,Kuala Lumpur,18-24,MM
3904,2024-07-13,Yangon,18-24,ID
3905,2024-05-17,Manila,35-44,TH
3906,2024-09-02,Mumbai,25-34,ID
3907,2024-10-24,Hanoi,35-44,IN
3908,2024-11-18,Singapore,25-34,MY
3909,2024-07-19,Bangkok,25-34,VN
3910,2024-10-27,Kuala Lumpur,18-24,MM
3911,2024-07-06,Bengaluru,18-24,IN
3912,2024-06-23,Bangkok,18-24,VN
3913,2024-11-12,Jakarta,35-44,PH
3914,2024-05-22,Jakarta,25-34,PH
3915,2024-05-25,Yangon,45-54,ID
3916,2024-04-22,Ho Chi Minh City,35-44,SG
3917,2024-07-09,Mumbai,35-44,ID
3918,2024-07-18,Manila,25-34,TH
3919,2024-08-30,Jakarta,35-44,PH
3920,2024-06-07,Yangon,45-54,ID
3921,2024-03-21,Jakarta,35-44,PH
3922,2024-11-13,Manila,18-24,TH
3923,2024-05-07,Manila,35-44,TH
3924,2024-12-03,Mumbai,18-24,ID
3925,2024-03-17,Kuala Lumpur,18-24,MM
3926,2024-07-24,Ho Chi Minh City,35-44,SG
3927,2024-07-15,Bangkok,35-44,VN
3928,2024-10-30,Manila,18-24,TH
3929,2024-02-21,Singapore,18-24,MY
3930,2024-11-29,Bengaluru,45-54,IN
3931,2024-07-13,Yangon,18-24,ID
3932,2024-08-02,Ho Chi Minh City,18-24,SG
3933,2024-07-06,Jakarta,35-44,PH
3934,2024-01-15,Ho Chi Minh City,45-54,SG
3935,2024-07-01,Hanoi,25-34,IN
3936,2024-04-07,Mumbai,25-34,ID
3937,2024-05-06,Ho Chi Minh City,25-34,SG
3938,2024-08-25,Ho Chi Minh City,25-34,SG
3939,2024-07-01,Hanoi,35-44,IN
3940,2024-02-05,Ho Chi Minh City,45-54,SG
3941,2024-01-28,Kuala Lumpur,25-34,MM
3942,2024-03-09,Kuala Lumpur,25-34,MM
3943,2024-03-11,Hanoi,25-34,IN
3944,2024-08-11,Manila,18-24,TH
3945,2024-03-06,Kuala Lumpur,25-34,MM
3946,2024-11-18,Jakarta,18-24,PH
3947,2024-03-18,Hanoi,35-44,IN
3948,2024-02-04,Yangon,25-34,ID
3949,2024-11-16,Jakarta,35-44,PH
3950,2024-04-18,Ho Chi Minh City,25-34,SG
3951,2024-06-05,Hanoi,35-44,IN
3952,2024-12-17,Bengaluru,55+,IN
3953,2024-12-11,Kuala Lumpur,25-34,MM
3954,2024-09-18,Hanoi,18-24,IN
3955,2024-01-27,Hanoi,35-44,IN
3956,2024-08-05,Mumbai,18-24,ID
3957,2024-12-28,Kuala Lumpur,25-34,MM
3958,2024-12-12,Kuala Lumpur,18-24,MM
3959,2024-02-09,Bengaluru,45-54,IN
3960,2024-05-25,Kuala Lumpur,18-24,MM
3961,2024-04-26,Singapore,25-34,MY
3962,2024-02-18,Yangon,25-34,ID
3963,2024-09-11,Bengaluru,35-44,IN
3964,2024-04-10,Yangon,25-34,ID
3965,2024-05-06,Ho Chi Minh City,45-54,SG
3966,2024-02-03,Jakarta,35-44,PH
3967,2024-07-01,Manila,25-34,TH
3968,2024-02-28,Kuala Lumpur,25-34,MM
3969,2024-06-07,Yangon,35-44,ID
3970,2024-02-23,Manila,35-44,TH
3971,2024-12-15,Yangon,25-34,ID
3972,2024-02-23,Singapore,25-34,MY
3973,2024-07-10,Mumbai,18-24,ID
3974,2024-03-13,Ho Chi Minh City,18-24,SG
3975,2024-01-29,Hanoi,18-24,IN
3976,2024-03-15,Bengaluru,18-24,IN
3977,2024-01-21,Bengaluru,18-24,IN
3978,2024-02-21,Bengaluru,45-54,IN
3979,2024-06-30,Ho Chi Minh City,35-44,SG
3980,2024-08-26,Bengaluru,45-54,IN
3981,2024-02-02,Yangon,35-44,ID
3982,2024-06-10,Mumbai,35-44,ID
3983,2024-08-01,Bengaluru,18-24,IN
3984,2024-03-27,Jakarta,35-44,PH
3985,2024-05-16,Kuala Lumpur,25-34,MM
3986,2024-01-28,Yangon,25-34,ID
3987,2024-03-22,Jakarta,55+,PH
3988,2024-06-20,Ho Chi Minh City,45-54,SG
3989,2024-12-28,Kuala Lumpur,25-34,MM
3990,2024-12-30,Kuala Lumpur,35-44,MM
3991,2024-12-24,Mumbai,18-24,ID
3992,2024-06-04,Hanoi,18-24,IN
3993,2024-01-31,Hanoi,18-24,IN
3994,2024-04-29,Kuala Lumpur,18-24,MM
3995,2024-03-28,Ho Chi Minh City,35-44,SG
3996,2024-01-07,Manila,25-34,TH
3997,2024-02-05,Hanoi,18-24,IN
3998,2024-06-15,Hanoi,55+,IN
3999,2024-05-04,Ho Chi Minh City,25-34,SG
4000,2024-03-07,Kuala Lumpur,25-34,MM
4001,2024-09-19,Manila,25-34,TH
4002,2024-05-11,Kuala Lumpur,25-34,MM
4003,2024-11-07,Bengaluru,25-34,IN
4004,2024-03-29,Yangon,35-44,ID
4005,2024-07-16,Ho Chi Minh City,45-54,SG
4006,2024-03-09,Ho Chi Minh City,25-34,SG
4007,2024-06-30,Mumbai,25-34,ID
4008,2024-02-26,Ho Chi Minh City,18-24,SG
4009,2024-02-29,Bengaluru,45-54,IN
4010,2024-08-12,Hanoi,25-34,IN
4011,2024-04-07,Kuala Lumpur,25-34,MM
4012,2024-03-04,Bangkok,55+,VN
4013,2024-12-06,Hanoi,25-34,IN
4014,2024-01-17,Hanoi,18-24,IN
4015,2024-07-26,Mumbai,25-34,ID
4016,2024-07-20,Bengaluru,25-34,IN
4017,2024-04-02,Jakarta,55+,PH
4018,2024-06-15,Bengaluru,25-34,IN
4019,2024-02-03,Ho Chi Minh City,25-34,SG
4020,2024-09-21,Ho Chi Minh City,25-34,SG
4021,2024-03-22,Ho Chi Minh City,25-34,SG
4022,2024-03-12,Bengaluru,18-24,IN
4023,2024-04-25,Yangon,45-54,ID
4024,2024-11-26,Yangon,18-24,ID
4025,2024-10-18,Ho Chi Minh City,45-54,SG
4026,2024-12-12,Bengaluru,35-44,IN
4027,2024-08-26,Manila,18-24,TH
4028,2024-08-30,Kuala Lumpur,35-44,MM
4029,2024-06-25,Kuala Lumpur,35-44,MM
4030,2024-11-27,Jakarta,35-44,PH
4031,2024-07-06,Hanoi,25-34,IN
4032,2024-05-10,Yangon,18-24,ID
4033,2024-08-22,Ho Chi Minh City,18-24,SG
4034,2024-07-19,Manila,35-44,TH
4035,2024-02-16,Ho Chi Minh City,18-24,SG
4036,2024-05-24,Bengaluru,25-34,IN
4037,2024-04-25,Ho Chi Minh City,25-34,SG
4038,2024-11-06,Bengaluru,18-24,IN
4039,2024-05-19,Bengaluru,35-44,IN
4040,2024-10-27,Ho Chi Minh City,35-44,SG
4041,2024-06-11,Ho Chi Minh City,45-54,SG
4042,2024-10-03,Yangon,18-24,ID
4043,2024-02-20,Ho Chi Minh City,25-34,SG
4044,2024-12-04,Yangon,45-54,ID
4045,2024-06-25,Hanoi,25-34,IN
4046,2024-04-05,Manila,35-44,TH
4047,2024-03-30,Yangon,25-34,ID
4048,2024-04-07,Bangkok,25-34,VN
4049,2024-05-14,Ho Chi Minh City,25-34,SG
4050,2024-09-19,Mumbai,35-44,ID
4051,2024-12-13,Jakarta,18-24,PH
4052,2024-09-02,Ho Chi Minh City,45-54,SG
4053,2024-07-19,Jakarta,25-34,PH
4054,2024-06-13,Ho Chi Minh City,18-24,SG
4055,2024-10-30,Bengaluru,35-44,IN
4056,2024-11-07,Jakarta,25-34,PH
4057,2024-04-17,Singapore,18-24,MY
4058,2024-12-14,Singapore,55+,MY
4059,2024-05-25,Yangon,35-44,ID
4060,2024-10-20,Hanoi,25-34,IN
4061,2024-12-19,Hanoi,45-54,IN
4062,2024-09-14,Bengaluru,25-34,IN
4063,2024-02-29,Singapore,25-34,MY
4064,2024-08-02,Jakarta,18-24,PH
4065,2024-02-14,Jakarta,18-24,PH
4066,2024-10-16,Jakarta,25-34,PH
4067,2024-04-13,Bangkok,25-34,VN
4068,2024-09-11,Mumbai,35-44,ID
4069,2024-11-29,Ho Chi Minh City,25-34,SG
4070,2024-03-08,Mumbai,25-34,ID
4071,2024-05-24,Ho Chi Minh City,35-44,SG
4072,2024-08-25,Singapore,55+,MY
4073,2024-06-03,Mumbai,25-34,ID
4074,2024-03-05,Mumbai,45-54,ID
4075,2024-01-12,Hanoi,35-44,IN
4076,2024-05-29,Kuala Lumpur,18-24,MM
4077,2024-08-25,Jakarta,25-34,PH
4078,2024-07-29,Hanoi,18-24,IN
4079,2024-02-28,Jakarta,35-44,PH
4080,2024-06-14,Yangon,25-34,ID
4081,2024-05-15,Mumbai,25-34,ID
4082,2024-04-11,Singapore,35-44,MY
4083,2024-09-24,Bengaluru,25-34,IN
4084,2024-04-24,Mumbai,25-34,ID
4085,2024-07-17,Bangkok,45-54,VN
4086,2024-12-03,Bengaluru,55+,IN
4087,2024-07-16,Bangkok,35-44,VN
4088,2024-08-14,Jakarta,18-24,PH
4089,2024-01-28,Bengaluru,18-24,IN
4090,2024-03-07,Yangon,18-24,ID
4091,2024-02-07,Yangon,25-34,ID
4092,2024-10-07,Yangon,25-34,ID
4093,2024-11-02,Mumbai,45-54,ID
4094,2024-03-10,Manila,35-44,TH
4095,2024-03-22,Manila,25-34,TH
4096,2024-04-28,Manila,25-34,TH
4097,2024-08-04,Bangkok,25-34,VN
4098,2024-08-15,Ho Chi Minh City,25-34,SG
4099,2024-09-08,Bangkok,35-44,VN
4100,2024-11-27,Jakarta,18-24,PH
4101,2024-04-18,Yangon,45-54,ID
4102,2024-08-29,Yangon,18-24,ID
4103,2024-07-24,Manila,25-34,TH
4104,2024-04-22,Jakarta,55+,PH
4105,2024-11-28,Ho Chi Minh City,18-24,SG
4106,2024-02-05,Manila,18-24,TH
4107,2024-09-17,Yangon,35-44,ID
4108,2024-09-23,Bangkok,25-34,VN
4109,2024-12-01,Bengaluru,18-24,IN
4110,2024-07-09,Mumbai,18-24,ID
4111,2024-04-28,Bengaluru,18-24,IN
4112,2024-10-30,Manila,25-34,TH
4113,2024-10-09,Manila,25-34,TH
4114,2024-07-02,Hanoi,35-44,IN
4115,2024-10-08,Hanoi,45-54,IN
4116,2024-04-08,Mumbai,18-24,ID
4117,2024-08-04,Yangon,25-34,ID
4118,2024-11-12,Ho Chi Minh City,18-24,SG
4119,2024-04-27,Manila,25-34,TH
4120,2024-06-26,Bangkok,25-34,VN
4121,2024-12-14,Bangkok,35-44,VN
4122,2024-10-19,Mumbai,25-34,ID
4123,2024-11-20,Hanoi,25-34,IN
4124,2024-05-21,Bengaluru,35-44,IN
4125,2024-12-30,Bengaluru,35-44,IN
4126,2024-02-26,Jakarta,25-34,PH
4127,2024-07-09,Mumbai,18-24,ID
4128,2024-06-24,Bengaluru,55+,IN
4129,2024-10-19,Manila,25-34,TH
4130,2024-11-28,Manila,35-44,TH
4131,2024-09-24,Mumbai,35-44,ID
4132,2024-08-17,Hanoi,25-34,IN
4133,2024-06-06,Hanoi,25-34,IN
4134,2024-07-06,Kuala Lumpur,18-24,MM
4135,2024-07-05,Ho Chi Minh City,25-34,SG
4136,2024-01-09,Yangon,25-34,ID
4137,2024-07-03,Manila,35-44,TH
4138,2024-11-09,Bangkok,35-44,VN
4139,2024-09-16,Bengaluru,45-54,IN
4140,2024-10-18,Kuala Lumpur,55+,MM
4141,2024-05-23,Bengaluru,35-44,IN
4142,2024-07-13,Singapore,18-24,MY
4143,2024-01-14,Kuala Lumpur,25-34,MM
4144,2024-05-20,Jakarta,35-44,PH
4145,2024-06-23,Singapore,25-34,MY
4146,2024-04-04,Manila,18-24,TH
4147,2024-01-13,Manila,25-34,TH
4148,2024-09-09,Ho Chi Minh City,25-34,SG
4149,2024-06-08,Jakarta,25-34,PH
4150,2024-06-01,Kuala Lumpur,35-44,MM
4151,2024-04-02,Manila,25-34,TH
4152,2024-07-16,Bangkok,25-34,VN
4153,2024-06-09,Hanoi,25-34,IN
4154,2024-06-23,Jakarta,25-34,PH
4155,2024-08-01,Bangkok,18-24,VN
4156,2024-01-04,Yangon,25-34,ID
4157,2024-11-28,Manila,25-34,TH
4158,2024-01-27,Mumbai,35-44,ID
4159,2024-06-14,Jakarta,18-24,PH
4160,2024-03-17,Yangon,55+,ID
4161,2024-07-11,Kuala Lumpur,35-44,MM
4162,2024-04-13,Hanoi,25-34,IN
4163,2024-11-10,Jakarta,25-34,PH
4164,2024-05-25,Hanoi,25-34,IN
4165,2024-08-22,Manila,35-44,TH
4166,2024-04-01,Kuala Lumpur,35-44,MM
4167,2024-01-09,Hanoi,35-44,IN
4168,2024-05-28,Jakarta,45-54,PH
4169,2024-07-15,Yangon,25-34,ID
4170,2024-06-17,Singapore,35-44,MY
4171,2024-12-18,Kuala Lumpur,25-34,MM
4172,2024-09-15,Kuala Lumpur,35-44,MM
4173,2024-12-30,Mumbai,25-34,ID
4174,2024-04-18,Kuala Lumpur,35-44,MM
4175,2024-10-16,Jakarta,18-24,PH
4176,2024-07-22,Jakarta,18-24,PH
4177,2024-08-12,Mumbai,25-34,ID
4178,2024-12-26,Mumbai,45-54,ID
4179,2024-08-27,Yangon,25-34,ID
4180,2024-11-25,Manila,25-34,TH
4181,2024-09-22,Manila,25-34,TH
4182,2024-02-17,Bangkok,25-34,VN
4183,2024-09-13,Kuala Lumpur,45-54,MM
4184,2024-06-26,Ho Chi Minh City,55+,SG
4185,2024-12-02,Ho Chi Minh City,45-54,SG
4186,2024-10-22,Hanoi,45-54,IN
4187,2024-02-09,Bangkok,18-24,VN
4188,2024-02-19,Kuala Lumpur,25-34,MM
4189,2024-01-27,Yangon,25-34,ID
4190,2024-06-30,Singapore,35-44,MY
4191,2024-01-31,Bengaluru,18-24,IN
4192,2024-09-22,Jakarta,35-44,PH
4193,2024-07-21,Singapore,18-24,MY
4194,2024-11-02,Bangkok,25-34,VN
4195,2024-04-13,Jakarta,25-34,PH
4196,2024-07-09,Manila,45-54,TH
4197,2024-02-13,Bengaluru,35-44,IN
4198,2024-11-19,Jakarta,25-34,PH
4199,2024-03-05,Kuala Lumpur,35-44,MM
4200,2024-02-08,Bengaluru,35-44,IN
4201,2024-03-16,Hanoi,25-34,IN
4202,2024-10-22,Manila,35-44,TH
4203,2024-02-09,Hanoi,18-24,IN
4204,2024-08-13,Jakarta,25-34,PH
4205,2024-09-30,Hanoi,18-24,IN
4206,2024-10-02,Ho Chi Minh City,25-34,SG
4207,2024-03-11,Hanoi,25-34,IN
4208,2024-01-24,Bengaluru,18-24,IN
4209,2024-06-13,Kuala Lumpur,25-34,MM
4210,2024-03-15,Jakarta,35-44,PH
4211,2024-09-13,Manila,35-44,TH
4212,2024-05-11,Bengaluru,18-24,IN
4213,2024-06-14,Yangon,18-24,ID
4214,2024-02-12,Singapore,25-34,MY
4215,2024-07-27,Yangon,45-54,ID
4216,2024-03-09,Ho Chi Minh City,45-54,SG
4217,2024-09-05,Mumbai,25-34,ID
4218,2024-01-27,Manila,35-44,TH
4219,2024-12-23,Bangkok,25-34,VN
4220,2024-09-07,Mumbai,55+,ID
4221,2024-03-08,Yangon,18-24,ID
4222,2024-01-07,Yangon,25-34,ID
4223,2024-05-03,Ho Chi Minh City,25-34,SG
4224,2024-02-26,Ho Chi Minh City,25-34,SG
4225,2024-03-21,Kuala Lumpur,18-24,MM
4226,2024-11-15,Singapore,18-24,MY
4227,2024-08-09,Bengaluru,25-34,IN
4228,2024-03-06,Ho Chi Minh City,35-44,SG
4229,2024-07-23,Kuala Lumpur,35-44,MM
4230,2024-04-04,Hanoi,18-24,IN
4231,2024-12-23,Ho Chi Minh City,45-54,SG
4232,2024-01-13,Hanoi,25-34,IN
4233,2024-09-25,Ho Chi Minh City,55+,SG
4234,2024-10-10,Manila,18-24,TH
4235,2024-01-26,Bangkok,35-44,VN
4236,2024-03-04,Singapore,45-54,MY
4237,2024-05-21,Hanoi,35-44,IN
4238,2024-11-13,Jakarta,35-44,PH
4239,2024-07-16,Jakarta,25-34,PH
4240,2024-08-28,Singapore,35-44,MY
4241,2024-10-13,Kuala Lumpur,25-34,MM
4242,2024-10-30,Manila,25-34,TH
4243,2024-06-23,Singapore,55+,MY
4244,2024-07-05,Bengaluru,25-34,IN
4245,2024-09-20,Jakarta,25-34,PH
4246,2024-04-07,Yangon,45-54,ID
4247,2024-11-08,Ho Chi Minh City,25-34,SG
4248,2024-01-09,Hanoi,18-24,IN
4249,2024-03-13,Jakarta,25-34,PH
4250,2024-10-20,Jakarta,35-44,PH
4251,2024-05-05,Yangon,45-54,ID
4252,2024-02-25,Yangon,18-24,ID
4253,2024-03-10,Hanoi,35-44,IN
4254,2024-07-13,Manila,25-34,TH
4255,2024-11-05,Hanoi,35-44,IN
4256,2024-01-27,Bangkok,35-44,VN
4257,2024-01-13,Hanoi,55+,IN
4258,2024-06-19,Hanoi,25-34,IN
4259,2024-12-16,Bangkok,25-34,VN
4260,2024-04-12,Manila,25-34,TH
4261,2024-12-17,Yangon,25-34,ID
4262,2024-11-21,Bangkok,25-34,VN
4263,2024-04-14,Bangkok,18-24,VN
4264,2024-10-26,Singapore,18-24,MY
4265,2024-09-08,Yangon,45-54,ID
4266,2024-07-06,Mumbai,18-24,ID
4267,2024-06-04,Yangon,25-34,ID
4268,2024-10-25,Bangkok,35-44,VN
4269,2024-10-17,Bengaluru,18-24,IN
4270,2024-10-04,Manila,25-34,TH
4271,2024-12-31,Bangkok,25-34,VN
4272,2024-06-24,Singapore,25-34,MY
4273,2024-10-22,Ho Chi Minh City,25-34,SG
4274,2024-11-11,Mumbai,35-44,ID
4275,2024-03-19,Bangkok,25-34,VN
4276,2024-01-17,Jakarta,18-24,PH
4277,2024-05-28,Jakarta,18-24,PH
4278,2024-11-09,Kuala Lumpur,25-34,MM
4279,2024-04-16,Hanoi,25-34,IN
4280,2024-09-13,Mumbai,45-54,ID
4281,2024-01-04,Singapore,18-24,MY
4282,2024-05-10,Bangkok,25-34,VN
4283,2024-08-13,Manila,25-34,TH
4284,2024-02-18,Kuala Lumpur,35-44,MM
4285,2024-11-24,Jakarta,35-44,PH
4286,2024-02-28,Kuala Lumpur,18-24,MM
4287,2024-11-29,Bangkok,35-44,VN
4288,2024-03-20,Bengaluru,25-34,IN
4289,2024-12-29,Kuala Lumpur,35-44,MM
4290,2024-08-09,Hanoi,18-24,IN
4291,2024-02-01,Ho Chi Minh City,35-44,SG
4292,2024-01-25,Kuala Lumpur,35-44,MM
4293,2024-01-29,Mumbai,35-44,ID
4294,2024-08-04,Manila,18-24,TH
4295,2024-10-23,Manila,35-44,TH
4296,2024-05-28,Kuala Lumpur,35-44,MM
4297,2024-06-12,Manila,25-34,TH
4298,2024-08-04,Kuala Lumpur,25-34,MM
4299,2024-07-14,Manila,18-24,TH
4300,2024-09-09,Singapore,25-34,MY
4301,2024-06-22,Jakarta,35-44,PH
4302,2024-09-18,Ho Chi Minh City,25-34,SG
4303,2024-12-31,Bengaluru,35-44,IN
4304,2024-05-08,Kuala Lumpur,35-44,MM
4305,2024-01-06,Bengaluru,35-44,IN
4306,2024-02-16,Yangon,35-44,ID
4307,2024-07-22,Hanoi,35-44,IN
4308,2024-05-06,Ho Chi Minh City,25-34,SG
4309,2024-12-10,Yangon,18-24,ID
4310,2024-08-18,Hanoi,45-54,IN
4311,2024-07-09,Mumbai,55+,ID
4312,2024-10-19,Kuala Lumpur,25-34,MM
4313,2024-04-05,Manila,45-54,TH
4314,2024-10-27,Hanoi,55+,IN
4315,2024-01-03,Hanoi,25-34,IN
4316,2024-08-15,Yangon,35-44,ID
4317,2024-12-08,Bangkok,35-44,VN
4318,2024-10-15,Mumbai,25-34,ID
4319,2024-11-08,Mumbai,18-24,ID
4320,2024-05-25,Mumbai,25-34,ID
4321,2024-10-28,Yangon,35-44,ID
4322,2024-07-21,Ho Chi Minh City,25-34,SG
4323,2024-08-14,Manila,35-44,TH
4324,2024-01-23,Bangkok,35-44,VN
4325,2024-03-15,Mumbai,35-44,ID
4326,2024-07-21,Ho Chi Minh City,25-34,SG
4327,2024-01-23,Bangkok,25-34,VN
4328,2024-09-28,Kuala Lumpur,18-24,MM
4329,2024-11-03,Bengaluru,25-34,IN
4330,2024-12-02,Yangon,18-24,ID
4331,2024-02-08,Bengaluru,18-24,IN
4332,2024-12-09,Bangkok,18-24,VN
4333,2024-01-26,Manila,25-34,TH
4334,2024-06-23,Kuala Lumpur,25-34,MM
4335,2024-11-03,Singapore,25-34,MY
4336,2024-01-27,Mumbai,45-54,ID
4337,2024-01-08,Bangkok,25-34,VN
4338,2024-01-11,Ho Chi Minh City,45-54,SG
4339,2024-07-06,Bangkok,35-44,VN
4340,2024-10-24,Bengaluru,18-24,IN
4341,2024-02-17,Mumbai,45-54,ID
4342,2024-02-16,Ho Chi Minh City,45-54,SG
4343,2024-07-27,Jakarta,35-44,PH
4344,2024-03-27,Ho Chi Minh City,25-34,SG
4345,2024-09-24,Mumbai,25-34,ID
4346,2024-12-13,Kuala Lumpur,25-34,MM
4347,2024-10-07,Mumbai,35-44,ID
4348,2024-11-17,Singapore,25-34,MY
4349,2024-07-09,Hanoi,18-24,IN
4350,2024-10-31,Manila,18-24,TH
4351,2024-03-08,Mumbai,18-24,ID
4352,2024-01-26,Bengaluru,25-34,IN
4353,2024-08-28,Manila,25-34,TH
4354,2024-01-20,Mumbai,45-54,ID
4355,2024-11-22,Hanoi,25-34,IN
4356,2024-09-10,Yangon,25-34,ID
4357,2024-12-14,Yangon,25-34,ID
4358,2024-04-25,Yangon,25-34,ID
4359,2024-06-27,Ho Chi Minh City,35-44,SG
4360,2024-09-28,Manila,25-34,TH
4361,2024-03-30,Bangkok,55+,VN
4362,2024-07-17,Jakarta,55+,PH
4363,2024-08-29,Hanoi,35-44,IN
4364,2024-12-24,Bangkok,35-44,VN
4365,2024-09-29,Manila,25-34,TH
4366,2024-02-14,Singapore,25-34,MY
4367,2024-06-23,Manila,25-34,TH
4368,2024-08-03,Manila,35-44,TH
4369,2024-02-24,Jakarta,18-24,PH
4370,2024-06-07,Bengaluru,18-24,IN
4371,2024-04-14,Bengaluru,18-24,IN
4372,2024-02-14,Bangkok,35-44,VN
4373,2024-07-06,Yangon,35-44,ID
4374,2024-03-02,Jakarta,18-24,PH
4375,2024-08-04,Singapore,25-34,MY
4376,2024-03-03,Manila,25-34,TH
4377,2024-09-22,Manila,35-44,TH
4378,2024-03-13,Mumbai,18-24,ID
4379,2024-11-24,Ho Chi Minh City,18-24,SG
4380,2024-01-11,Singapore,35-44,MY
4381,2024-07-10,Manila,25-34,TH
4382,2024-04-27,Ho Chi Minh City,35-44,SG
4383,2024-03-24,Bangkok,25-34,VN
4384,2024-06-22,Jakarta,45-54,PH
4385,2024-11-04,Singapore,25-34,MY
4386,2024-12-01,Ho Chi Minh City,25-34,SG
4387,2024-04-21,Bengaluru,55+,IN
4388,2024-02-27,Bangkok,18-24,VN
4389,2024-09-20,Manila,35-44,TH
4390,2024-08-01,Kuala Lumpur,18-24,MM
4391,2024-03-15,Manila,25-34,TH
4392,2024-10-05,Yangon,18-24,ID
4393,2024-07-09,Singapore,25-34,MY
4394,2024-08-27,Mumbai,35-44,ID
4395,2024-05-12,Bangkok,18-24,VN
4396,2024-06-10,Hanoi,18-24,IN
4397,2024-03-07,Jakarta,25-34,PH
4398,2024-10-04,Kuala Lumpur,25-34,MM
4399,2024-02-28,Kuala Lumpur,25-34,MM
4400,2024-10-12,Singapore,55+,MY
4401,2024-10-19,Bengaluru,18-24,IN
4402,2024-09-30,Manila,25-34,TH
4403,2024-01-09,Manila,25-34,TH
4404,2024-04-10,Manila,25-34,TH
4405,2024-06-20,Hanoi,25-34,IN
4406,2024-08-06,Bengaluru,35-44,IN
4407,2024-12-02,Ho Chi Minh City,35-44,SG
4408,2024-05-18,Yangon,35-44,ID
4409,2024-11-16,Hanoi,25-34,IN
4410,2024-03-01,Singapore,35-44,MY
4411,2024-05-16,Yangon,45-54,ID
4412,2024-01-21,Bangkok,45-54,VN
4413,2024-09-29,Singapore,45-54,MY
4414,2024-02-25,Ho Chi Minh City,25-34,SG
4415,2024-04-04,Bengaluru,55+,IN
4416,2024-10-10,Bengaluru,35-44,IN
4417,2024-07-15,Hanoi,35-44,IN
4418,2024-01-07,Mumbai,35-44,ID
4419,2024-01-02,Manila,55+,TH
4420,2024-07-06,Singapore,25-34,MY
4421,2024-04-22,Ho Chi Minh City,35-44,SG
4422,2024-03-07,Ho Chi Minh City,35-44,SG
4423,2024-08-12,Yangon,35-44,ID
4424,2024-03-25,Kuala Lumpur,35-44,MM
4425,2024-08-05,Yangon,18-24,ID
4426,2024-05-19,Singapore,25-34,MY
4427,2024-03-10,Yangon,25-34,ID
4428,2024-02-21,Singapore,35-44,MY
4429,2024-03-28,Ho Chi Minh City,35-44,SG
4430,2024-01-12,Hanoi,35-44,IN
4431,2024-04-23,Hanoi,35-44,IN
4432,2024-11-26,Bengaluru,25-34,IN
4433,2024-10-31,Yangon,18-24,ID
4434,2024-05-16,Singapore,35-44,MY
4435,2024-07-30,Hanoi,45-54,IN
4436,2024-07-27,Kuala Lumpur,35-44,MM
4437,2024-10-30,Yangon,45-54,ID
4438,2024-03-28,Jakarta,55+,PH
4439,2024-04-19,Mumbai,25-34,ID
4440,2024-04-21,Mumbai,35-44,ID
4441,2024-01-16,Jakarta,25-34,PH
4442,2024-04-25,Jakarta,25-34,PH
4443,2024-11-17,Bangkok,25-34,VN
4444,2024-11-29,Mumbai,25-34,ID
4445,2024-02-11,Mumbai,18-24,ID
4446,2024-06-17,Ho Chi Minh City,35-44,SG
4447,2024-05-20,Kuala Lumpur,18-24,MM
4448,2024-06-28,Mumbai,25-34,ID
4449,2024-07-22,Ho Chi Minh City,25-34,SG
4450,2024-01-09,Singapore,25-34,MY
4451,2024-11-04,Kuala Lumpur,45-54,MM
4452,2024-12-22,Mumbai,25-34,ID
4453,2024-08-27,Kuala Lumpur,18-24,MM
4454,2024-08-30,Bengaluru,55+,IN
4455,2024-07-12,Jakarta,45-54,PH
4456,2024-05-03,Manila,35-44,TH
4457,2024-02-25,Hanoi,35-44,IN
4458,2024-08-02,Mumbai,18-24,ID
4459,2024-01-18,Kuala Lumpur,35-44,MM
4460,2024-10-28,Yangon,18-24,ID
4461,2024-06-03,Yangon,25-34,ID
4462,2024-06-01,Manila,18-24,TH
4463,2024-04-30,Bengaluru,35-44,IN
4464,2024-12-20,Jakarta,25-34,PH
4465,2024-03-05,Kuala Lumpur,25-34,MM
4466,2024-02-26,Mumbai,18-24,ID
4467,2024-03-02,Singapore,35-44,MY
4468,2024-08-29,Manila,25-34,TH
4469,2024-12-29,Kuala Lumpur,25-34,MM
4470,2024-03-27,Singapore,25-34,MY
4471,2024-11-27,Ho Chi Minh City,35-44,SG
4472,2024-04-12,Kuala Lumpur,25-34,MM
4473,2024-08-25,Yangon,45-54,ID
4474,2024-01-16,Manila,25-34,TH
4475,2024-06-30,Ho Chi Minh City,18-24,SG
4476,2024-08-27,Singapore,25-34,MY
4477,2024-07-15,Hanoi,18-24,IN
4478,2024-03-28,Bangkok,25-34,VN
4479,2024-10-30,Manila,25-34,TH
4480,2024-12-21,Hanoi,45-54,IN
4481,2024-06-17,Yangon,25-34,ID
4482,2024-08-21,Ho Chi Minh City,25-34,SG
4483,2024-10-16,Mumbai,25-34,ID
4484,2024-03-30,Jakarta,18-24,PH
4485,2024-11-12,Bangkok,18-24,VN
4486,2024-04-13,Kuala Lumpur,25-34,MM
4487,2024-10-11,Singapore,18-24,MY
4488,2024-02-11,Hanoi,18-24,IN
4489,2024-04-16,Bengaluru,45-54,IN
4490,2024-07-14,Bangkok,35-44,VN
4491,2024-07-11,Kuala Lumpur,45-54,MM
4492,2024-11-07,Yangon,25-34,ID
4493,2024-12-30,Mumbai,45-54,ID
4494,2024-02-10,Hanoi,25-34,IN
4495,2024-04-10,Bengaluru,18-24,IN
4496,2024-05-11,Mumbai,35-44,ID
4497,2024-06-24,Hanoi,18-24,IN
4498,2024-06-30,Kuala Lumpur,25-34,MM
4499,2024-11-09,Yangon,35-44,ID
4500,2024-10-09,Singapore,35-44,MY
4501,2024-01-08,Singapore,25-34,MY
4502,2024-06-16,Ho Chi Minh City,25-34,SG
4503,2024-08-14,Ho Chi Minh City,18-24,SG
4504,2024-06-18,Ho Chi Minh City,55+,SG
4505,2024-02-18,Jakarta,18-24,PH
4506,2024-05-26,Hanoi,25-34,IN
4507,2024-05-31,Manila,25-34,TH
4508,2024-03-10,Singapore,45-54,MY
4509,2024-10-04,Singapore,35-44,MY
4510,2024-04-28,Ho Chi Minh City,25-34,SG
4511,2024-08-03,Singapore,55+,MY
4512,2024-07-08,Bengaluru,18-24,IN
4513,2024-11-17,Manila,45-54,TH
4514,2024-02-15,Bangkok,18-24,VN
4515,2024-02-12,Manila,25-34,TH
4516,2024-04-20,Yangon,18-24,ID
4517,2024-06-07,Hanoi,55+,IN
4518,2024-04-19,Kuala Lumpur,45-54,MM
4519,2024-10-06,Manila,25-34,TH
4520,2024-03-31,Bengaluru,18-24,IN
4521,2024-02-01,Kuala Lumpur,25-34,MM
4522,2024-06-01,Hanoi,25-34,IN
4523,2024-10-10,Bangkok,25-34,VN
4524,2024-11-07,Hanoi,18-24,IN
4525,2024-09-25,Yangon,35-44,ID
4526,2024-07-23,Ho Chi Minh City,35-44,SG
4527,2024-09-22,Jakarta,45-54,PH
4528,2024-09-06,Bengaluru,25-34,IN
4529,2024-03-27,Kuala Lumpur,25-34,MM
4530,2024-07-21,Ho Chi Minh City,25-34,SG
4531,2024-10-09,Mumbai,18-24,ID
4532,2024-04-26,Bengaluru,35-44,IN
4533,2024-08-27,Yangon,35-44,ID
4534,2024-06-25,Manila,18-24,TH
4535,2024-07-03,Manila,25-34,TH
4536,2024-02-03,Singapore,45-54,MY
4537,2024-09-01,Manila,25-34,TH
4538,2024-11-12,Yangon,25-34,ID
4539,2024-02-22,Singapore,35-44,MY
4540,2024-05-14,Manila,25-34,TH
4541,2024-01-19,Jakarta,18-24,PH
4542,2024-01-12,Hanoi,35-44,IN
4543,2024-12-28,Ho Chi Minh City,45-54,SG
4544,2024-06-30,Yangon,18-24,ID
4545,2024-05-10,Manila,18-24,TH
4546,2024-04-11,Bengaluru,35-44,IN
4547,2024-12-24,Hanoi,35-44,IN
4548,2024-04-03,Jakarta,25-34,PH
4549,2024-09-22,Hanoi,25-34,IN
4550,2024-04-14,Kuala Lumpur,35-44,MM
4551,2024-01-27,Jakarta,25-34,PH
4552,2024-09-07,Kuala Lumpur,18-24,MM
4553,2024-01-02,Bengaluru,18-24,IN
4554,2024-09-04,Manila,25-34,TH
4555,2024-04-02,Manila,45-54,TH
4556,2024-09-30,Singapore,25-34,MY
4557,2024-10-08,Ho Chi Minh City,25-34,SG
4558,2024-09-22,Singapore,45-54,MY
4559,2024-01-10,Bangkok,25-34,VN
4560,2024-09-14,Kuala Lumpur,25-34,MM
4561,2024-12-28,Mumbai,18-24,ID
4562,2024-03-30,Kuala Lumpur,35-44,MM
4563,2024-04-11,Bengaluru,35-44,IN
4564,2024-10-24,Bengaluru,35-44,IN
4565,2024-02-29,Kuala Lumpur,25-34,MM
4566,2024-08-30,Mumbai,25-34,ID
4567,2024-10-03,Kuala Lumpur,18-24,MM
4568,2024-01-15,Mumbai,55+,ID
4569,2024-07-22,Mumbai,18-24,ID
4570,2024-07-30,Yangon,35-44,ID
4571,2024-04-21,Mumbai,35-44,ID
4572,2024-11-16,Yangon,18-24,ID
4573,2024-03-01,Manila,25-34,TH
4574,2024-05-13,Kuala Lumpur,18-24,MM
4575,2024-11-06,Yangon,25-34,ID
4576,2024-03-11,Mumbai,55+,ID
4577,2024-10-27,Manila,25-34,TH
4578,2024-01-30,Ho Chi Minh City,55+,SG
4579,2024-06-28,Hanoi,18-24,IN
4580,2024-01-29,Mumbai,25-34,ID
4581,2024-09-05,Mumbai,45-54,ID
4582,2024-10-16,Manila,45-54,TH
4583,2024-11-07,Jakarta,25-34,PH
4584,2024-12-25,Jakarta,35-44,PH
4585,2024-09-03,Mumbai,45-54,ID
4586,2024-10-08,Hanoi,35-44,IN
4587,2024-07-04,Kuala Lumpur,35-44,MM
4588,2024-11-30,Mumbai,18-24,ID
4589,2024-08-23,Ho Chi Minh City,18-24,SG
4590,2024-11-19,Singapore,35-44,MY
4591,2024-03-27,Singapore,25-34,MY
4592,2024-07-01,Yangon,25-34,ID
4593,2024-09-24,Singapore,25-34,MY
4594,2024-03-15,Singapore,25-34,MY
4595,2024-03-19,Bengaluru,25-34,IN
4596,2024-12-23,Bengaluru,25-34,IN
4597,2024-06-08,Singapore,25-34,MY
4598,2024-03-08,Yangon,18-24,ID
4599,2024-05-01,Manila,45-54,TH
4600,2024-05-26,Singapore,35-44,MY
4601,2024-08-16,Jakarta,18-24,PH
4602,2024-12-03,Bangkok,25-34,VN
4603,2024-12-27,Kuala Lumpur,25-34,MM
4604,2024-08-26,Singapore,35-44,MY
4605,2024-09-13,Mumbai,35-44,ID
4606,2024-04-28,Hanoi,35-44,IN
4607,2024-11-09,Yangon,35-44,ID
4608,2024-03-21,Bangkok,18-24,VN
4609,2024-02-09,Manila,25-34,TH
4610,2024-12-22,Ho Chi Minh City,18-24,SG
4611,2024-11-12,Hanoi,25-34,IN
4612,2024-04-21,Bangkok,25-34,VN
4613,2024-09-04,Bengaluru,35-44,IN
4614,2024-06-20,Bengaluru,18-24,IN
4615,2024-04-28,Hanoi,35-44,IN
4616,2024-04-15,Kuala Lumpur,25-34,MM
4617,2024-02-20,Kuala Lumpur,25-34,MM
4618,2024-07-20,Mumbai,35-44,ID
4619,2024-06-13,Mumbai,18-24,ID
4620,2024-07-06,Manila,25-34,TH
4621,2024-03-20,Jakarta,25-34,PH
4622,2024-12-09,Manila,35-44,TH
4623,2024-08-22,Ho Chi Minh City,18-24,SG
4624,2024-11-25,Jakarta,45-54,PH
4625,2024-02-10,Mumbai,55+,ID
4626,2024-08-16,Bangkok,35-44,VN
4627,2024-11-07,Kuala Lumpur,25-34,MM
4628,2024-05-01,Singapore,35-44,MY
4629,2024-03-13,Manila,18-24,TH
4630,2024-04-07,Manila,45-54,TH
4631,2024-04-10,Ho Chi Minh City,25-34,SG
4632,2024-06-13,Mumbai,18-24,ID
4633,2024-04-29,Hanoi,25-34,IN
4634,2024-04-10,Hanoi,35-44,IN
4635,2024-08-25,Bengaluru,45-54,IN
4636,2024-01-21,Yangon,25-34,ID
4637,2024-05-05,Bengaluru,25-34,IN
4638,2024-09-09,Bangkok,35-44,VN
4639,2024-03-06,Singapore,35-44,MY
4640,2024-03-22,Manila,35-44,TH
4641,2024-03-15,Jakarta,25-34,PH
4642,2024-01-02,Bengaluru,35-44,IN
4643,2024-06-22,Kuala Lumpur,45-54,MM
4644,2024-01-16,Bengaluru,18-24,IN
4645,2024-04-10,Bangkok,25-34,VN
4646,2024-12-30,Manila,18-24,TH
4647,2024-12-02,Yangon,25-34,ID
4648,2024-03-20,Yangon,35-44,ID
4649,2024-04-24,Hanoi,18-24,IN
4650,2024-06-19,Kuala Lumpur,25-34,MM
4651,2024-11-05,Ho Chi Minh City,18-24,SG
4652,2024-10-20,Manila,45-54,TH
4653,2024-02-17,Mumbai,35-44,ID
4654,2024-02-16,Yangon,25-34,ID
4655,2024-06-02,Manila,35-44,TH
4656,2024-11-14,Bangkok,18-24,VN
4657,2024-11-18,Mumbai,45-54,ID
4658,2024-02-10,Jakarta,35-44,PH
4659,2024-07-29,Singapore,18-24,MY
4660,2024-02-27,Bangkok,55+,VN
4661,2024-09-08,Ho Chi Minh City,18-24,SG
4662,2024-12-01,Jakarta,35-44,PH
4663,2024-06-15,Bengaluru,18-24,IN
4664,2024-02-01,Hanoi,35-44,IN
4665,2024-07-31,Bangkok,18-24,VN
4666,2024-05-30,Manila,18-24,TH
4667,2024-10-23,Jakarta,25-34,PH
4668,2024-05-05,Singapore,55+,MY
4669,2024-11-16,Ho Chi Minh City,25-34,SG
4670,2024-04-10,Manila,35-44,TH
4671,2024-02-28,Yangon,25-34,ID
4672,2024-04-22,Yangon,45-54,ID
4673,2024-01-14,Mumbai,25-34,ID
4674,2024-04-13,Singapore,25-34,MY
4675,2024-08-29,Yangon,55+,ID
4676,2024-02-22,Bangkok,25-34,VN
4677,2024-02-11,Bengaluru,25-34,IN
4678,2024-02-19,Mumbai,45-54,ID
4679,2024-01-30,Singapore,25-34,MY
4680,2024-11-16,Yangon,25-34,ID
4681,2024-12-11,Mumbai,25-34,ID
4682,2024-01-18,Ho Chi Minh City,35-44,SG
4683,2024-10-05,Bangkok,45-54,VN
4684,2024-09-27,Jakarta,35-44,PH
4685,2024-12-30,Singapore,35-44,MY
4686,2024-05-07,Hanoi,25-34,IN
4687,2024-04-15,Jakarta,18-24,PH
4688,2024-06-15,Bengaluru,18-24,IN
4689,2024-11-09,Manila,18-24,TH
4690,2024-09-23,Manila,18-24,TH
4691,2024-06-22,Kuala Lumpur,35-44,MM
4692,2024-03-31,Ho Chi Minh City,18-24,SG
4693,2024-09-23,Bengaluru,18-24,IN
4694,2024-11-08,Manila,25-34,TH
4695,2024-05-26,Kuala Lumpur,25-34,MM
4696,2024-09-02,Bangkok,18-24,VN
4697,2024-05-27,Ho Chi Minh City,18-24,SG
4698,2024-06-24,Jakarta,25-34,PH
4699,2024-07-11,Manila,25-34,TH
4700,2024-10-11,Mumbai,35-44,ID
4701,2024-12-23,Bengaluru,45-54,IN
4702,2024-06-12,Bengaluru,35-44,IN
4703,2024-05-05,Singapore,35-44,MY
4704,2024-05-17,Mumbai,45-54,ID
4705,2024-02-19,Ho Chi Minh City,25-34,SG
4706,2024-04-19,Yangon,35-44,ID
4707,2024-02-02,Singapore,25-34,MY
4708,2024-06-06,Ho Chi Minh City,25-34,SG
4709,2024-03-03,Mumbai,25-34,ID
4710,2024-05-07,Bangkok,18-24,VN
4711,2024-10-17,Hanoi,35-44,IN
4712,2024-03-31,Manila,18-24,TH
4713,2024-08-12,Hanoi,35-44,IN
4714,2024-11-25,Kuala Lumpur,45-54,MM
4715,2024-07-26,Jakarta,25-34,PH
4716,2024-03-12,Mumbai,18-24,ID
4717,2024-05-06,Bengaluru,25-34,IN
4718,2024-08-04,Jakarta,25-34,PH
4719,2024-07-04,Manila,55+,TH
4720,2024-02-25,Singapore,35-44,MY
4721,2024-06-13,Ho Chi Minh City,35-44,SG
4722,2024-07-18,Bangkok,25-34,VN
4723,2024-04-08,Kuala Lumpur,35-44,MM
4724,2024-08-12,Kuala Lumpur,35-44,MM
4725,2024-01-27,Kuala Lumpur,18-24,MM
4726,2024-05-03,Hanoi,25-34,IN
4727,2024-10-21,Manila,18-24,TH
4728,2024-04-05,Hanoi,25-34,IN
4729,2024-08-09,Bangkok,45-54,VN
4730,2024-05-30,Mumbai,35-44,ID
4731,2024-04-26,Mumbai,25-34,ID
4732,2024-12-01,Bengaluru,45-54,IN
4733,2024-05-06,Yangon,18-24,ID
4734,2024-03-28,Mumbai,18-24,ID
4735,2024-11-28,Hanoi,45-54,IN
4736,2024-09-30,Kuala Lumpur,45-54,MM
4737,2024-09-06,Bangkok,35-44,VN
4738,2024-01-20,Yangon,25-34,ID
4739,2024-02-18,Yangon,55+,ID
4740,2024-08-21,Yangon,35-44,ID
4741,2024-03-18,Bangkok,35-44,VN
4742,2024-03-24,Jakarta,25-34,PH
4743,2024-10-12,Bengaluru,25-34,IN
4744,2024-04-15,Hanoi,35-44,IN
4745,2024-01-28,Hanoi,45-54,IN
4746,2024-01-15,Ho Chi Minh City,25-34,SG
4747,2024-06-11,Bengaluru,25-34,IN
4748,2024-08-14,Hanoi,35-44,IN
4749,2024-11-14,Jakarta,25-34,PH
4750,2024-02-11,Ho Chi Minh City,25-34,SG
4751,2024-03-13,Singapore,18-24,MY
4752,2024-07-13,Mumbai,18-24,ID
4753,2024-05-13,Bengaluru,35-44,IN
4754,2024-06-26,Bengaluru,18-24,IN
4755,2024-12-04,Yangon,18-24,ID
4756,2024-07-18,Yangon,45-54,ID
4757,2024-06-01,Bangkok,35-44,VN
4758,2024-12-28,Bangkok,18-24,VN
4759,2024-01-25,Bangkok,25-34,VN
4760,2024-12-07,Manila,35-44,TH
4761,2024-07-03,Ho Chi Minh City,25-34,SG
4762,2024-07-03,Manila,25-34,TH
4763,2024-12-03,Singapore,25-34,MY
4764,2024-07-05,Manila,18-24,TH
4765,2024-06-10,Singapore,35-44,MY
4766,2024-04-10,Yangon,18-24,ID
4767,2024-08-29,Jakarta,25-34,PH
4768,2024-07-27,Bengaluru,18-24,IN
4769,2024-03-20,Ho Chi Minh City,18-24,SG
4770,2024-09-16,Mumbai,18-24,ID
4771,2024-08-24,Jakarta,45-54,PH
4772,2024-05-26,Kuala Lumpur,18-24,MM
4773,2024-01-03,Bangkok,25-34,VN
4774,2024-06-13,Ho Chi Minh City,18-24,SG
4775,2024-01-04,Kuala Lumpur,35-44,MM
4776,2024-01-29,Mumbai,25-34,ID
4777,2024-06-07,Bangkok,45-54,VN
4778,2024-01-31,Bengaluru,35-44,IN
4779,2024-04-11,Bangkok,25-34,VN
4780,2024-08-28,Jakarta,35-44,PH
4781,2024-04-23,Yangon,18-24,ID
4782,2024-12-31,Jakarta,55+,PH
4783,2024-12-01,Jakarta,55+,PH
4784,2024-08-02,Bengaluru,25-34,IN
4785,2024-12-19,Mumbai,35-44,ID
4786,2024-11-13,Jakarta,18-24,PH
4787,2024-04-27,Jakarta,25-34,PH
4788,2024-10-01,Kuala Lumpur,35-44,MM
4789,2024-02-20,Hanoi,45-54,IN
4790,2024-09-07,Hanoi,25-34,IN
4791,2024-06-29,Yangon,35-44,ID
4792,2024-01-08,Hanoi,35-44,IN
4793,2024-04-11,Bangkok,25-34,VN
4794,2024-12-15,Manila,35-44,TH
4795,2024-04-26,Singapore,35-44,MY
4796,2024-03-08,Manila,35-44,TH
4797,2024-03-10,Singapore,55+,MY
4798,2024-06-24,Yangon,18-24,ID
4799,2024-11-04,Mumbai,18-24,ID
4800,2024-10-04,Kuala Lumpur,18-24,MM
4801,2024-06-09,Yangon,18-24,ID
4802,2024-03-18,Ho Chi Minh City,25-34,SG
4803,2024-01-18,Manila,45-54,TH
4804,2024-06-18,Jakarta,25-34,PH
4805,2024-10-25,Mumbai,35-44,ID
4806,2024-09-24,Manila,25-34,TH
4807,2024-05-30,Kuala Lumpur,25-34,MM
4808,2024-08-06,Ho Chi Minh City,35-44,SG
4809,2024-06-09,Jakarta,35-44,PH
4810,2024-07-31,Ho Chi Minh City,25-34,SG
4811,2024-07-08,Hanoi,45-54,IN
4812,2024-09-06,Bengaluru,25-34,IN
4813,2024-07-05,Bengaluru,18-24,IN
4814,2024-12-10,Yangon,25-34,ID
4815,2024-06-06,Kuala Lumpur,35-44,MM
4816,2024-01-07,Ho Chi Minh City,25-34,SG
4817,2024-03-28,Yangon,45-54,ID
4818,2024-07-02,Ho Chi Minh City,25-34,SG
4819,2024-07-17,Ho Chi Minh City,25-34,SG
4820,2024-07-21,Jakarta,45-54,PH
4821,2024-09-18,Hanoi,25-34,IN
4822,2024-04-11,Kuala Lumpur,25-34,MM
4823,2024-08-31,Jakarta,18-24,PH
4824,2024-09-14,Kuala Lumpur,25-34,MM
4825,2024-05-31,Kuala Lumpur,25-34,MM
4826,2024-05-27,Bengaluru,18-24,IN
4827,2024-03-07,Mumbai,25-34,ID
4828,2024-06-01,Ho Chi Minh City,18-24,SG
4829,2024-10-15,Singapore,25-34,MY
4830,2024-11-28,Singapore,25-34,MY
4831,2024-08-05,Manila,25-34,TH
4832,2024-04-20,Hanoi,35-44,IN
4833,2024-09-07,Bangkok,35-44,VN
4834,2024-09-28,Jakarta,25-34,PH
4835,2024-05-02,Mumbai,18-24,ID
4836,2024-10-29,Hanoi,25-34,IN
4837,2024-01-28,Kuala Lumpur,18-24,MM
4838,2024-01-05,Bangkok,25-34,VN
4839,2024-02-15,Jakarta,35-44,PH
4840,2024-02-27,Bengaluru,35-44,IN
4841,2024-11-17,Mumbai,25-34,ID
4842,2024-06-05,Mumbai,45-54,ID
4843,2024-04-11,Ho Chi Minh City,18-24,SG
4844,2024-06-06,Mumbai,45-54,ID
4845,2024-05-25,Mumbai,35-44,ID
4846,2024-04-21,Jakarta,25-34,PH
4847,2024-02-21,Singapore,18-24,MY
4848,2024-08-28,Bangkok,18-24,VN
4849,2024-02-20,Mumbai,45-54,ID
4850,2024-10-11,Kuala Lumpur,25-34,MM
4851,2024-03-15,Bangkok,45-54,VN
4852,2024-09-24,Mumbai,25-34,ID
4853,2024-10-22,Singapore,25-34,MY
4854,2024-02-16,Yangon,35-44,ID
4855,2024-02-02,Ho Chi Minh City,18-24,SG
4856,2024-12-13,Mumbai,25-34,ID
4857,2024-06-19,Manila,45-54,TH
4858,2024-08-19,Ho Chi Minh City,25-34,SG
4859,2024-01-10,Yangon,45-54,ID
4860,2024-04-12,Yangon,55+,ID
4861,2024-07-04,Yangon,18-24,ID
4862,2024-11-20,Hanoi,25-34,IN
4863,2024-04-10,Ho Chi Minh City,18-24,SG
4864,2024-10-10,Singapore,35-44,MY
4865,2024-08-30,Kuala Lumpur,55+,MM
4866,2024-02-13,Kuala Lumpur,45-54,MM
4867,2024-04-18,Singapore,45-54,MY
4868,2024-03-28,Mumbai,18-24,ID
4869,2024-06-11,Hanoi,25-34,IN
4870,2024-08-20,Bengaluru,25-34,IN
4871,2024-06-08,Bangkok,45-54,VN
4872,2024-03-31,Bangkok,18-24,VN
4873,2024-09-11,Yangon,18-24,ID
4874,2024-08-02,Bengaluru,18-24,IN
4875,2024-07-09,Bangkok,18-24,VN
4876,2024-07-22,Manila,18-24,TH
4877,2024-03-22,Bengaluru,18-24,IN
4878,2024-09-06,Jakarta,45-54,PH
4879,2024-05-22,Bangkok,35-44,VN
4880,2024-05-13,Yangon,25-34,ID
4881,2024-02-25,Manila,35-44,TH
4882,2024-08-06,Hanoi,25-34,IN
4883,2024-08-08,Kuala Lumpur,35-44,MM
4884,2024-05-05,Hanoi,25-34,IN
4885,2024-11-10,Hanoi,25-34,IN
4886,2024-11-05,Kuala Lumpur,25-34,MM
4887,2024-02-10,Kuala Lumpur,18-24,MM
4888,2024-09-11,Mumbai,25-34,ID
4889,2024-05-24,Kuala Lumpur,35-44,MM
4890,2024-12-31,Bengaluru,35-44,IN
4891,2024-03-24,Kuala Lumpur,25-34,MM
4892,2024-04-13,Singapore,25-34,MY
4893,2024-06-11,Kuala Lumpur,35-44,MM
4894,2024-04-09,Singapore,18-24,MY
4895,2024-09-10,Manila,18-24,TH
4896,2024-06-25,Manila,25-34,TH
4897,2024-03-22,Ho Chi Minh City,25-34,SG
4898,2024-07-04,Bangkok,25-34,VN
4899,2024-11-21,Manila,18-24,TH
4900,2024-10-17,Bangkok,25-34,VN
4901,2024-07-02,Ho Chi Minh City,35-44,SG
4902,2024-04-16,Jakarta,35-44,PH
4903,2024-03-07,Singapore,35-44,MY
4904,2024-11-17,Manila,25-34,TH
4905,2024-09-17,Jakarta,45-54,PH
4906,2024-07-28,Bangkok,35-44,VN
4907,2024-11-17,Mumbai,25-34,ID
4908,2024-02-15,Singapore,18-24,MY
4909,2024-09-07,Kuala Lumpur,35-44,MM
4910,2024-03-21,Yangon,25-34,ID
4911,2024-02-15,Jakarta,35-44,PH
4912,2024-06-19,Ho Chi Minh City,35-44,SG
4913,2024-05-22,Ho Chi Minh City,45-54,SG
4914,2024-12-10,Kuala Lumpur,45-54,MM
4915,2024-04-29,Singapore,35-44,MY
4916,2024-10-25,Hanoi,55+,IN
4917,2024-10-01,Hanoi,45-54,IN
4918,2024-09-01,Mumbai,18-24,ID
4919,2024-12-02,Manila,35-44,TH
4920,2024-05-29,Singapore,18-24,MY
4921,2024-05-23,Ho Chi Minh City,25-34,SG
4922,2024-02-29,Bangkok,25-34,VN
4923,2024-04-11,Mumbai,25-34,ID
4924,2024-11-18,Ho Chi Minh City,18-24,SG
4925,2024-06-23,Kuala Lumpur,25-34,MM
4926,2024-05-05,Bengaluru,18-24,IN
4927,2024-03-20,Ho Chi Minh City,35-44,SG
4928,2024-06-27,Yangon,45-54,ID
4929,2024-09-19,Ho Chi Minh City,55+,SG
4930,2024-04-15,Yangon,25-34,ID
4931,2024-10-04,Manila,25-34,TH
4932,2024-08-18,Bengaluru,45-54,IN
4933,2024-10-15,Singapore,18-24,MY
4934,2024-04-02,Jakarta,55+,PH
4935,2024-08-19,Bengaluru,35-44,IN
4936,2024-02-27,Mumbai,25-34,ID
4937,2024-05-13,Yangon,18-24,ID
4938,2024-09-22,Kuala Lumpur,18-24,MM
4939,2024-08-19,Jakarta,25-34,PH
4940,2024-03-10,Ho Chi Minh City,25-34,SG
4941,2024-11-10,Manila,45-54,TH
4942,2024-01-21,Mumbai,35-44,ID
4943,2024-08-06,Yangon,25-34,ID
4944,2024-12-26,Hanoi,25-34,IN
4945,2024-07-13,Manila,25-34,TH
4946,2024-10-20,Manila,18-24,TH
4947,2024-08-06,Hanoi,35-44,IN
4948,2024-10-13,Bangkok,35-44,VN
4949,2024-08-28,Manila,35-44,TH
4950,2024-09-10,Manila,25-34,TH
4951,2024-03-25,Bangkok,25-34,VN
4952,2024-09-28,Ho Chi Minh City,35-44,SG
4953,2024-03-28,Bengaluru,35-44,IN
4954,2024-12-24,Bangkok,35-44,VN
4955,2024-03-25,Bangkok,25-34,VN
4956,2024-03-28,Jakarta,45-54,PH
4957,2024-11-10,Manila,25-34,TH
4958,2024-03-30,Bangkok,25-34,VN
4959,2024-05-12,Manila,35-44,TH
4960,2024-09-18,Yangon,18-24,ID
4961,2024-02-28,Ho Chi Minh City,35-44,SG
4962,2024-02-29,Ho Chi Minh City,25-34,SG
4963,2024-06-27,Jakarta,18-24,PH
4964,2024-03-30,Yangon,18-24,ID
4965,2024-03-28,Bengaluru,45-54,IN
4966,2024-01-05,Ho Chi Minh City,35-44,SG
4967,2024-05-16,Mumbai,25-34,ID
4968,2024-04-27,Kuala Lumpur,18-24,MM
4969,2024-01-13,Manila,25-34,TH
4970,2024-08-15,Jakarta,18-24,PH
4971,2024-08-17,Bengaluru,35-44,IN
4972,2024-01-27,Kuala Lumpur,18-24,MM
4973,2024-04-26,Manila,18-24,TH
4974,2024-11-15,Jakarta,18-24,PH
4975,2024-08-01,Hanoi,25-34,IN
4976,2024-05-31,Bengaluru,35-44,IN
4977,2024-06-19,Bangkok,35-44,VN
4978,2024-03-18,Mumbai,25-34,ID
4979,2024-10-24,Mumbai,55+,ID
4980,2024-11-30,Bengaluru,25-34,IN
4981,2024-11-29,Mumbai,45-54,ID
4982,2024-03-23,Yangon,35-44,ID
4983,2024-04-24,Bangkok,18-24,VN
4984,2024-02-29,Yangon,35-44,ID
4985,2024-04-23,Jakarta,25-34,PH
4986,2024-05-02,Kuala Lumpur,35-44,MM
4987,2024-08-20,Bengaluru,18-24,IN
4988,2024-03-11,Mumbai,25-34,ID
4989,2024-12-02,Bengaluru,45-54,IN
4990,2024-02-08,Hanoi,18-24,IN
4991,2024-01-04,Singapore,18-24,MY
4992,2024-11-09,Kuala Lumpur,25-34,MM
4993,2024-09-14,Yangon,25-34,ID
4994,2024-05-10,Manila,35-44,TH
4995,2024-08-06,Kuala Lumpur,35-44,MM
4996,2024-03-23,Ho Chi Minh City,45-54,SG
4997,2024-03-03,Ho Chi Minh City,25-34,SG
4998,2024-06-21,Singapore,25-34,MY
4999,2024-05-09,Bangkok,25-34,VN
5000,2024-08-13,Bengaluru,18-24,IN
